date_x,Store_ID,SKU,units_sold,revenue,unit_price,promotion,Date,Units Sold,Revenue,Price_x,Promotion,Category,Cost,Price_y,date_y,week,month,season,holiday_flag,promotion_events,Holiday,Season,Current Stock,Ordered Stock,Lead Time,Reorder Point,Day,Week,Month,Year,DayOfWeek,IsWeekend,Lag_1,Lag_7,Rolling_Mean_7,Rolling_Mean_14,IsHoliday,IsPromotion
2025-01-01,ST01,SKU00001,12,9760.92,813.41,0,2025-01-01,12,9760.92,813.41,0,Food,40.84,55.01,2025-01-01,1,1,Winter,1,New Year Sale,1,Winter,152,51,13,90,1,1,1,2025,2,0,0.0,0.0,12.0,12.0,1,0
2025-01-01,ST01,SKU00002,8,563.04,70.38,0,2025-01-01,8,563.04,70.38,0,Beauty,31.94,42.31,2025-01-01,1,1,Winter,1,New Year Sale,1,Winter,70,82,9,53,1,1,1,2025,2,0,0.0,0.0,8.0,8.0,1,0
2025-01-01,ST01,SKU00003,5,756.4,151.28,0,2025-01-01,5,756.4,151.28,0,Home & Garden,9.5,14.89,2025-01-01,1,1,Winter,1,New Year Sale,1,Winter,180,21,7,31,1,1,1,2025,2,0,0.0,0.0,5.0,5.0,1,0
2025-01-01,ST02,SKU00004,15,3504.6,233.64,1,2025-01-01,15,3504.6,233.64,1,Books,32.05,56.62,2025-01-01,1,1,Winter,1,New Year Sale,1,Winter,393,29,8,31,1,1,1,2025,2,0,0.0,0.0,15.0,15.0,1,1
2025-01-01,ST02,SKU00005,10,1385.0,138.5,0,2025-01-01,10,1385.0,138.5,0,Toys,7.54,13.4,2025-01-01,1,1,Winter,1,New Year Sale,1,Winter,241,59,7,62,1,1,1,2025,2,0,0.0,0.0,10.0,10.0,1,0
2025-01-01,ST03,SKU00006,3,4241.76,1413.92,0,2025-01-01,3,4241.76,1413.92,0,Toys,5.04,10.04,2025-01-01,1,1,Winter,1,New Year Sale,1,Winter,363,21,11,78,1,1,1,2025,2,0,0.0,0.0,3.0,3.0,1,0
2025-01-01,ST03,SKU00007,20,2595.0,129.75,1,2025-01-01,20,2595.0,129.75,1,Electronics,18.69,30.28,2025-01-01,1,1,Winter,1,New Year Sale,1,Winter,108,41,5,84,1,1,1,2025,2,0,0.0,0.0,20.0,20.0,1,1
2025-01-01,ST04,SKU00008,8,3936.88,492.11,0,2025-01-01,8,3936.88,492.11,0,Automotive,18.11,30.59,2025-01-01,1,1,Winter,1,New Year Sale,1,Winter,293,63,11,32,1,1,1,2025,2,0,0.0,0.0,8.0,8.0,1,0
2025-01-01,ST04,SKU00009,15,3777.9,251.86,0,2025-01-01,15,3777.9,251.86,0,Health,7.1,14.05,2025-01-01,1,1,Winter,1,New Year Sale,1,Winter,356,6,7,68,1,1,1,2025,2,0,0.0,0.0,15.0,15.0,1,0
2025-01-01,ST05,SKU00010,5,8013.95,1602.79,0,2025-01-01,5,8013.95,1602.79,0,Home & Garden,22.21,44.12,2025-01-01,1,1,Winter,1,New Year Sale,1,Winter,323,3,11,89,1,1,1,2025,2,0,0.0,0.0,5.0,5.0,1,0
2025-01-01,ST05,SKU00011,25,3084.0,123.36,0,2025-01-01,25,3084.0,123.36,0,Automotive,7.09,11.95,2025-01-01,1,1,Winter,1,New Year Sale,1,Winter,63,8,12,82,1,1,1,2025,2,0,0.0,0.0,25.0,25.0,1,0
2025-01-01,ST06,SKU00012,10,8135.2,813.52,1,2025-01-01,10,8135.2,813.52,1,Books,25.27,30.6,2025-01-01,1,1,Winter,1,New Year Sale,1,Winter,435,83,9,73,1,1,1,2025,2,0,0.0,0.0,10.0,10.0,1,1
2025-01-01,ST06,SKU00013,18,9395.1,521.95,0,2025-01-01,18,9395.1,521.95,0,Automotive,48.45,89.48,2025-01-01,1,1,Winter,1,New Year Sale,1,Winter,313,46,5,65,1,1,1,2025,2,0,0.0,0.0,18.0,18.0,1,0
2025-01-01,ST07,SKU00014,30,4845.0,161.5,0,2025-01-01,30,4845.0,161.5,0,Automotive,5.72,7.92,2025-01-01,1,1,Winter,1,New Year Sale,1,Winter,99,3,4,35,1,1,1,2025,2,0,0.0,0.0,30.0,30.0,1,0
2025-01-01,ST07,SKU00015,12,3326.88,277.24,0,2025-01-01,12,3326.88,277.24,0,Food,32.45,60.57,2025-01-01,1,1,Winter,1,New Year Sale,1,Winter,103,3,8,92,1,1,1,2025,2,0,0.0,0.0,12.0,12.0,1,0
2025-01-01,ST08,SKU00016,8,27829.2,3478.65,0,2025-01-01,8,27829.2,3478.65,0,Home & Garden,45.92,64.61,2025-01-01,1,1,Winter,1,New Year Sale,1,Winter,451,89,4,91,1,1,1,2025,2,0,0.0,0.0,8.0,8.0,1,0
2025-01-01,ST08,SKU00017,20,5607.8,280.39,1,2025-01-01,20,5607.8,280.39,1,Beauty,38.99,60.05,2025-01-01,1,1,Winter,1,New Year Sale,1,Winter,319,94,10,91,1,1,1,2025,2,0,0.0,0.0,20.0,20.0,1,1
2025-01-01,ST09,SKU00018,15,1408.2,93.88,0,2025-01-01,15,1408.2,93.88,0,Toys,29.6,39.9,2025-01-01,1,1,Winter,1,New Year Sale,1,Winter,345,84,4,82,1,1,1,2025,2,0,0.0,0.0,15.0,15.0,1,0
2025-01-01,ST09,SKU00019,7,2760.52,394.36,0,2025-01-01,7,2760.52,394.36,0,Clothing,39.88,77.83,2025-01-01,1,1,Winter,1,New Year Sale,1,Winter,329,25,11,89,1,1,1,2025,2,0,0.0,0.0,7.0,7.0,1,0
2025-01-01,ST10,SKU00020,25,2737.5,109.5,0,2025-01-01,25,2737.5,109.5,0,Sports,31.91,61.82,2025-01-01,1,1,Winter,1,New Year Sale,1,Winter,429,40,3,38,1,1,1,2025,2,0,0.0,0.0,25.0,25.0,1,0
2025-01-01,ST10,SKU00021,18,2100.6,116.7,0,2025-01-01,18,2100.6,116.7,0,Beauty,30.67,49.58,2025-01-01,1,1,Winter,1,New Year Sale,1,Winter,393,0,10,92,1,1,1,2025,2,0,0.0,0.0,18.0,18.0,1,0
2025-01-02,ST01,SKU00022,15,3015.15,201.01,0,2025-01-02,15,3015.15,201.01,0,Beauty,43.0,77.32,2025-01-02,1,1,Winter,0,,0,Winter,188,80,10,64,2,1,1,2025,3,0,0.0,0.0,15.0,15.0,0,0
2025-01-02,ST01,SKU00023,6,12173.46,2028.91,1,2025-01-02,6,12173.46,2028.91,1,Books,31.4,61.93,2025-01-02,1,1,Winter,0,,0,Winter,468,32,13,34,2,1,1,2025,3,0,0.0,0.0,6.0,6.0,0,1
2025-01-02,ST02,SKU00024,10,27110.5,2711.05,0,2025-01-02,10,27110.5,2711.05,0,Automotive,18.33,24.42,2025-01-02,1,1,Winter,0,,0,Winter,280,40,9,41,2,1,1,2025,3,0,0.0,0.0,10.0,10.0,0,0
2025-01-02,ST02,SKU00025,8,19530.8,2441.35,0,2025-01-02,8,19530.8,2441.35,0,Automotive,49.41,89.82,2025-01-02,1,1,Winter,0,,0,Winter,467,32,9,52,2,1,1,2025,3,0,0.0,0.0,8.0,8.0,0,0
2025-01-02,ST03,SKU00026,20,5749.4,287.47,0,2025-01-02,20,5749.4,287.47,0,Beauty,5.25,9.72,2025-01-02,1,1,Winter,0,,0,Winter,111,87,7,73,2,1,1,2025,3,0,0.0,0.0,20.0,20.0,0,0
2025-01-02,ST03,SKU00027,12,7298.88,608.24,0,2025-01-02,12,7298.88,608.24,0,Electronics,37.01,67.81,2025-01-02,1,1,Winter,0,,0,Winter,409,85,13,64,2,1,1,2025,3,0,0.0,0.0,12.0,12.0,0,0
2025-01-02,ST04,SKU00028,25,2361.25,94.45,1,2025-01-02,25,2361.25,94.45,1,Books,46.68,80.34,2025-01-02,1,1,Winter,0,,0,Winter,498,98,7,76,2,1,1,2025,3,0,0.0,0.0,25.0,25.0,0,1
2025-01-02,ST04,SKU00029,5,9935.9,1987.18,0,2025-01-02,5,9935.9,1987.18,0,Food,43.25,67.45,2025-01-02,1,1,Winter,0,,0,Winter,180,0,7,43,2,1,1,2025,3,0,0.0,0.0,5.0,5.0,0,0
2025-01-02,ST05,SKU00030,15,6035.1,402.34,0,2025-01-02,15,6035.1,402.34,0,Electronics,7.86,11.39,2025-01-02,1,1,Winter,0,,0,Winter,408,26,11,44,2,1,1,2025,3,0,0.0,0.0,15.0,15.0,0,0
2025-01-02,ST05,SKU00031,10,1514.6,151.46,0,2025-01-02,10,1514.6,151.46,0,Beauty,34.97,58.5,2025-01-02,1,1,Winter,0,,0,Winter,395,41,5,92,2,1,1,2025,3,0,0.0,0.0,10.0,10.0,0,0
2025-01-03,ST06,SKU00032,30,1557.3,51.91,0,2025-01-03,30,1557.3,51.91,0,Toys,44.92,70.88,2025-01-03,1,1,Winter,0,,0,Winter,401,51,6,52,3,1,1,2025,4,0,0.0,0.0,30.0,30.0,0,0
2025-01-03,ST06,SKU00033,8,1316.0,164.5,0,2025-01-03,8,1316.0,164.5,0,Books,48.73,91.56,2025-01-03,1,1,Winter,0,,0,Winter,280,14,13,58,3,1,1,2025,4,0,0.0,0.0,8.0,8.0,0,0
2025-01-03,ST07,SKU00034,6,12631.02,2105.17,1,2025-01-03,6,12631.02,2105.17,1,Books,30.26,54.97,2025-01-03,1,1,Winter,0,,0,Winter,85,12,9,88,3,1,1,2025,4,0,0.0,0.0,6.0,6.0,0,1
2025-01-03,ST07,SKU00035,12,2583.84,215.32,0,2025-01-03,12,2583.84,215.32,0,Food,6.82,12.06,2025-01-03,1,1,Winter,0,,0,Winter,292,85,4,71,3,1,1,2025,4,0,0.0,0.0,12.0,12.0,0,0
2025-01-03,ST08,SKU00036,10,1887.9,188.79,0,2025-01-03,10,1887.9,188.79,0,Health,6.14,7.9,2025-01-03,1,1,Winter,0,,0,Winter,94,61,11,35,3,1,1,2025,4,0,0.0,0.0,10.0,10.0,0,0
2025-01-03,ST08,SKU00037,20,2197.2,109.86,0,2025-01-03,20,2197.2,109.86,0,Food,26.39,43.56,2025-01-03,1,1,Winter,0,,0,Winter,333,27,6,59,3,1,1,2025,4,0,0.0,0.0,20.0,20.0,0,0
2025-01-03,ST09,SKU00038,15,5662.8,377.52,0,2025-01-03,15,5662.8,377.52,0,Sports,45.84,64.15,2025-01-03,1,1,Winter,0,,0,Winter,495,74,12,91,3,1,1,2025,4,0,0.0,0.0,15.0,15.0,0,0
2025-01-03,ST09,SKU00039,25,3120.75,124.83,0,2025-01-03,25,3120.75,124.83,0,Sports,47.43,79.64,2025-01-03,1,1,Winter,0,,0,Winter,274,0,11,56,3,1,1,2025,4,0,0.0,0.0,25.0,25.0,0,0
2025-01-03,ST10,SKU00040,18,3720.6,206.7,0,2025-01-03,18,3720.6,206.7,0,Home & Garden,12.25,23.82,2025-01-03,1,1,Winter,0,,0,Winter,495,76,11,32,3,1,1,2025,4,0,0.0,0.0,18.0,18.0,0,0
2025-01-04,ST01,SKU00041,10,24907.4,2490.74,0,2025-01-04,10,24907.4,2490.74,0,Automotive,9.75,15.26,2025-01-04,1,1,Winter,0,,0,Winter,408,69,10,56,4,1,1,2025,5,1,0.0,0.0,10.0,10.0,0,0
2025-01-04,ST01,SKU00042,8,8880.72,1110.09,1,2025-01-04,8,8880.72,1110.09,1,Sports,45.17,73.69,2025-01-04,1,1,Winter,0,,0,Winter,186,61,7,80,4,1,1,2025,5,1,0.0,0.0,8.0,8.0,0,1
2025-01-04,ST02,SKU00043,15,9230.55,615.37,0,2025-01-04,15,9230.55,615.37,0,Health,10.49,15.58,2025-01-04,1,1,Winter,0,,0,Winter,283,43,10,88,4,1,1,2025,5,1,0.0,0.0,15.0,15.0,0,0
2025-01-04,ST02,SKU00044,20,10515.4,525.77,0,2025-01-04,20,10515.4,525.77,0,Electronics,17.25,29.63,2025-01-04,1,1,Winter,0,,0,Winter,423,31,10,81,4,1,1,2025,5,1,0.0,0.0,20.0,20.0,0,0
2025-01-04,ST03,SKU00045,12,4232.52,352.71,0,2025-01-04,12,4232.52,352.71,0,Automotive,41.81,78.96,2025-01-04,1,1,Winter,0,,0,Winter,162,61,3,87,4,1,1,2025,5,1,0.0,0.0,12.0,12.0,0,0
2025-01-04,ST03,SKU00046,8,1232.0,154.0,0,2025-01-04,8,1232.0,154.0,0,Food,12.41,20.19,2025-01-04,1,1,Winter,0,,0,Winter,101,11,9,31,4,1,1,2025,5,1,0.0,0.0,8.0,8.0,0,0
2025-01-04,ST04,SKU00047,10,2894.4,289.44,0,2025-01-04,10,2894.4,289.44,0,Books,36.16,51.19,2025-01-04,1,1,Winter,0,,0,Winter,436,55,3,88,4,1,1,2025,5,1,0.0,0.0,10.0,10.0,0,0
2025-01-04,ST04,SKU00048,25,2792.0,111.68,0,2025-01-04,25,2792.0,111.68,0,Beauty,47.43,69.18,2025-01-04,1,1,Winter,0,,0,Winter,162,1,4,83,4,1,1,2025,5,1,0.0,0.0,25.0,25.0,0,0
2025-01-04,ST05,SKU00049,15,8763.75,584.25,1,2025-01-04,15,8763.75,584.25,1,Beauty,36.64,54.62,2025-01-04,1,1,Winter,0,,0,Winter,392,95,3,30,4,1,1,2025,5,1,0.0,0.0,15.0,15.0,0,1
2025-01-04,ST05,SKU00050,30,1022.4,34.08,0,2025-01-04,30,1022.4,34.08,0,Electronics,16.43,22.96,2025-01-04,1,1,Winter,0,,0,Winter,452,1,7,73,4,1,1,2025,5,1,0.0,0.0,30.0,30.0,0,0
2025-01-05,ST06,SKU00051,18,6061.5,336.75,0,2025-01-05,18,6061.5,336.75,0,Food,27.38,39.44,2025-01-05,1,1,Winter,0,,0,Winter,267,31,8,61,5,1,1,2025,6,1,0.0,0.0,18.0,18.0,0,0
2025-01-05,ST06,SKU00052,10,13721.5,1372.15,0,2025-01-05,10,13721.5,1372.15,0,Electronics,49.9,70.53,2025-01-05,1,1,Winter,0,,0,Winter,296,67,9,85,5,1,1,2025,6,1,0.0,0.0,10.0,10.0,0,0
2025-01-05,ST07,SKU00053,20,6440.4,322.02,0,2025-01-05,20,6440.4,322.02,0,Clothing,27.62,34.28,2025-01-05,1,1,Winter,0,,0,Winter,172,16,8,53,5,1,1,2025,6,1,0.0,0.0,20.0,20.0,0,0
2025-01-05,ST07,SKU00054,8,16639.76,2079.97,0,2025-01-05,8,16639.76,2079.97,0,Books,20.53,35.05,2025-01-05,1,1,Winter,0,,0,Winter,374,97,8,40,5,1,1,2025,6,1,0.0,0.0,8.0,8.0,0,0
2025-01-05,ST08,SKU00055,12,4912.56,409.38,1,2025-01-05,12,4912.56,409.38,1,Clothing,28.89,45.02,2025-01-05,1,1,Winter,0,,0,Winter,289,15,3,88,5,1,1,2025,6,1,0.0,0.0,12.0,12.0,0,1
2025-01-05,ST08,SKU00056,15,1197.0,79.8,0,2025-01-05,15,1197.0,79.8,0,Toys,15.89,27.62,2025-01-05,1,1,Winter,0,,0,Winter,375,79,5,49,5,1,1,2025,6,1,0.0,0.0,15.0,15.0,0,0
2025-01-05,ST09,SKU00057,10,22870.8,2287.08,0,2025-01-05,10,22870.8,2287.08,0,Beauty,15.69,27.98,2025-01-05,1,1,Winter,0,,0,Winter,301,58,6,48,5,1,1,2025,6,1,0.0,0.0,10.0,10.0,0,0
2025-01-05,ST09,SKU00058,25,2375.75,95.03,0,2025-01-05,25,2375.75,95.03,0,Beauty,26.16,51.98,2025-01-05,1,1,Winter,0,,0,Winter,395,66,5,49,5,1,1,2025,6,1,0.0,0.0,25.0,25.0,0,0
2025-01-05,ST10,SKU00059,20,2449.0,122.45,0,2025-01-05,20,2449.0,122.45,0,Toys,29.11,37.03,2025-01-05,1,1,Winter,0,,0,Winter,401,70,6,62,5,1,1,2025,6,1,0.0,0.0,20.0,20.0,0,0
2025-01-06,ST01,SKU00060,15,10862.4,724.16,0,2025-01-06,15,10862.4,724.16,0,Electronics,11.78,18.93,2025-01-06,1,1,Winter,0,,0,Winter,473,38,4,30,6,2,1,2025,0,0,0.0,0.0,15.0,15.0,0,0
2025-01-06,ST01,SKU00061,8,1998.8,249.85,0,2025-01-06,8,1998.8,249.85,0,Home & Garden,31.59,55.03,2025-01-06,1,1,Winter,0,,0,Winter,316,91,11,79,6,2,1,2025,0,0,0.0,0.0,8.0,8.0,0,0
2025-01-06,ST02,SKU00062,12,5993.4,499.45,1,2025-01-06,12,5993.4,499.45,1,Home & Garden,37.0,68.36,2025-01-06,1,1,Winter,0,,0,Winter,200,30,12,36,6,2,1,2025,0,0,0.0,0.0,12.0,12.0,0,1
2025-01-06,ST02,SKU00063,10,16125.4,1612.54,0,2025-01-06,10,16125.4,1612.54,0,Sports,34.03,45.59,2025-01-06,1,1,Winter,0,,0,Winter,301,15,12,89,6,2,1,2025,0,0,0.0,0.0,10.0,10.0,0,0
2025-01-06,ST03,SKU00064,20,4297.2,214.86,0,2025-01-06,20,4297.2,214.86,0,Electronics,22.89,36.95,2025-01-06,1,1,Winter,0,,0,Winter,418,1,3,77,6,2,1,2025,0,0,0.0,0.0,20.0,20.0,0,0
2025-01-06,ST03,SKU00065,15,14461.8,964.12,0,2025-01-06,15,14461.8,964.12,0,Beauty,11.19,16.48,2025-01-06,1,1,Winter,0,,0,Winter,303,11,7,66,6,2,1,2025,0,0,0.0,0.0,15.0,15.0,0,0
2025-01-06,ST04,SKU00066,25,5556.25,222.25,0,2025-01-06,25,5556.25,222.25,0,Automotive,14.41,23.53,2025-01-06,1,1,Winter,0,,0,Winter,209,8,11,48,6,2,1,2025,0,0,0.0,0.0,25.0,25.0,0,0
2025-01-06,ST04,SKU00067,10,4924.6,492.46,0,2025-01-06,10,4924.6,492.46,0,Health,16.61,28.7,2025-01-06,1,1,Winter,0,,0,Winter,353,79,5,49,6,2,1,2025,0,0,0.0,0.0,10.0,10.0,0,0
2025-01-06,ST05,SKU00068,8,2135.52,266.94,0,2025-01-06,8,2135.52,266.94,0,Health,49.2,79.37,2025-01-06,1,1,Winter,0,,0,Winter,201,53,10,62,6,2,1,2025,0,0,0.0,0.0,8.0,8.0,0,0
2025-01-06,ST05,SKU00069,30,7766.7,258.89,1,2025-01-06,30,7766.7,258.89,1,Electronics,15.88,20.24,2025-01-06,1,1,Winter,0,,0,Winter,457,74,3,65,6,2,1,2025,0,0,0.0,0.0,30.0,30.0,0,1
2025-01-07,ST06,SKU00070,12,8867.4,738.95,0,2025-01-07,12,8867.4,738.95,0,Books,45.52,77.68,2025-01-07,2,1,Winter,0,,0,Winter,471,83,5,54,7,2,1,2025,1,0,0.0,0.0,12.0,12.0,0,0
2025-01-07,ST06,SKU00071,15,4097.85,273.19,0,2025-01-07,15,4097.85,273.19,0,Automotive,17.55,30.89,2025-01-07,2,1,Winter,0,,0,Winter,398,17,4,95,7,2,1,2025,1,0,0.0,0.0,15.0,15.0,0,0
2025-01-07,ST07,SKU00072,20,6545.0,327.25,0,2025-01-07,20,6545.0,327.25,0,Home & Garden,43.53,66.33,2025-01-07,2,1,Winter,0,,0,Winter,359,34,11,62,7,2,1,2025,1,0,0.0,0.0,20.0,20.0,0,0
2025-01-07,ST07,SKU00073,8,9728.16,1216.02,0,2025-01-07,8,9728.16,1216.02,0,Electronics,33.89,42.95,2025-01-07,2,1,Winter,0,,0,Winter,117,32,7,77,7,2,1,2025,1,0,0.0,0.0,8.0,8.0,0,0
2025-01-07,ST08,SKU00074,25,4937.5,197.5,0,2025-01-07,25,4937.5,197.5,0,Beauty,40.34,70.0,2025-01-07,2,1,Winter,0,,0,Winter,453,7,9,96,7,2,1,2025,1,0,0.0,0.0,25.0,25.0,0,0
2025-01-07,ST08,SKU00075,10,36975.8,3697.58,1,2025-01-07,10,36975.8,3697.58,1,Home & Garden,21.75,42.46,2025-01-07,2,1,Winter,0,,0,Winter,450,32,13,51,7,2,1,2025,1,0,0.0,0.0,10.0,10.0,0,1
2025-01-07,ST09,SKU00076,15,4593.75,306.25,0,2025-01-07,15,4593.75,306.25,0,Automotive,5.23,6.95,2025-01-07,2,1,Winter,0,,0,Winter,287,29,8,80,7,2,1,2025,1,0,0.0,0.0,15.0,15.0,0,0
2025-01-07,ST09,SKU00077,12,18753.84,1562.82,0,2025-01-07,12,18753.84,1562.82,0,Clothing,26.85,41.86,2025-01-07,2,1,Winter,0,,0,Winter,487,7,13,56,7,2,1,2025,1,0,0.0,0.0,12.0,12.0,0,0
2025-01-07,ST10,SKU00078,20,16410.6,820.53,0,2025-01-07,20,16410.6,820.53,0,Automotive,12.92,15.69,2025-01-07,2,1,Winter,0,,0,Winter,275,20,3,57,7,2,1,2025,1,0,0.0,0.0,20.0,20.0,0,0
2025-01-08,ST01,SKU00079,10,1979.0,197.9,0,2025-01-08,10,1979.0,197.9,0,Books,13.05,19.48,2025-01-08,2,1,Winter,0,,0,Winter,416,63,3,98,8,2,1,2025,2,0,0.0,0.0,10.0,10.0,0,0
2025-01-08,ST01,SKU00080,25,2130.75,85.23,0,2025-01-08,25,2130.75,85.23,0,Beauty,43.22,74.59,2025-01-08,2,1,Winter,0,,0,Winter,366,47,5,33,8,2,1,2025,2,0,0.0,0.0,25.0,25.0,0,0
2025-01-08,ST02,SKU00081,15,1735.35,115.69,0,2025-01-08,15,1735.35,115.69,0,Electronics,29.41,47.27,2025-01-08,2,1,Winter,0,,0,Winter,84,63,3,46,8,2,1,2025,2,0,0.0,0.0,15.0,15.0,0,0
2025-01-08,ST02,SKU00082,20,9603.2,480.16,1,2025-01-08,20,9603.2,480.16,1,Toys,16.93,23.63,2025-01-08,2,1,Winter,0,,0,Winter,221,91,7,35,8,2,1,2025,2,0,0.0,0.0,20.0,20.0,0,1
2025-01-08,ST03,SKU00083,12,4002.48,333.54,0,2025-01-08,12,4002.48,333.54,0,Toys,49.05,77.96,2025-01-08,2,1,Winter,0,,0,Winter,148,36,10,75,8,2,1,2025,2,0,0.0,0.0,12.0,12.0,0,0
2025-01-08,ST03,SKU00084,8,10469.12,1308.64,0,2025-01-08,8,10469.12,1308.64,0,Beauty,33.4,61.32,2025-01-08,2,1,Winter,0,,0,Winter,230,94,5,89,8,2,1,2025,2,0,0.0,0.0,8.0,8.0,0,0
2025-01-08,ST04,SKU00085,25,9317.0,372.68,0,2025-01-08,25,9317.0,372.68,0,Electronics,30.96,49.35,2025-01-08,2,1,Winter,0,,0,Winter,165,62,7,61,8,2,1,2025,2,0,0.0,0.0,25.0,25.0,0,0
2025-01-08,ST04,SKU00086,10,27860.1,2786.01,0,2025-01-08,10,27860.1,2786.01,0,Books,15.36,24.56,2025-01-08,2,1,Winter,0,,0,Winter,210,66,4,54,8,2,1,2025,2,0,0.0,0.0,10.0,10.0,0,0
2025-01-08,ST05,SKU00087,15,3466.5,231.1,0,2025-01-08,15,3466.5,231.1,0,Sports,6.09,10.46,2025-01-08,2,1,Winter,0,,0,Winter,272,53,12,96,8,2,1,2025,2,0,0.0,0.0,15.0,15.0,0,0
2025-01-08,ST05,SKU00088,30,4458.6,148.62,0,2025-01-08,30,4458.6,148.62,0,Electronics,49.75,78.41,2025-01-08,2,1,Winter,0,,0,Winter,409,45,10,61,8,2,1,2025,2,0,0.0,0.0,30.0,30.0,0,0
2025-01-09,ST06,SKU00089,20,6325.4,316.27,0,2025-01-09,20,6325.4,316.27,0,Books,44.76,80.48,2025-01-09,2,1,Winter,0,,0,Winter,480,85,9,95,9,2,1,2025,3,0,0.0,0.0,20.0,20.0,0,0
2025-01-09,ST06,SKU00090,12,7423.56,618.63,1,2025-01-09,12,7423.56,618.63,1,Books,46.77,72.15,2025-01-09,2,1,Winter,0,,0,Winter,176,26,12,31,9,2,1,2025,3,0,0.0,0.0,12.0,12.0,0,1
2025-01-09,ST07,SKU00091,25,5591.0,223.64,0,2025-01-09,25,5591.0,223.64,0,Books,30.75,61.02,2025-01-09,2,1,Winter,0,,0,Winter,322,32,11,72,9,2,1,2025,3,0,0.0,0.0,25.0,25.0,0,0
2025-01-09,ST07,SKU00092,10,8098.8,809.88,0,2025-01-09,10,8098.8,809.88,0,Sports,18.25,27.52,2025-01-09,2,1,Winter,0,,0,Winter,295,47,9,71,9,2,1,2025,3,0,0.0,0.0,10.0,10.0,0,0
2025-01-09,ST08,SKU00093,15,3247.8,216.52,0,2025-01-09,15,3247.8,216.52,0,Food,17.08,27.13,2025-01-09,2,1,Winter,0,,0,Winter,296,25,5,79,9,2,1,2025,3,0,0.0,0.0,15.0,15.0,0,0
2025-01-09,ST08,SKU00094,8,8552.56,1069.07,0,2025-01-09,8,8552.56,1069.07,0,Clothing,30.06,58.58,2025-01-09,2,1,Winter,0,,0,Winter,458,23,12,36,9,2,1,2025,3,0,0.0,0.0,8.0,8.0,0,0
2025-01-09,ST09,SKU00095,20,13936.4,696.82,0,2025-01-09,20,13936.4,696.82,0,Health,46.85,58.86,2025-01-09,2,1,Winter,0,,0,Winter,362,35,6,94,9,2,1,2025,3,0,0.0,0.0,20.0,20.0,0,0
2025-01-09,ST09,SKU00096,12,2523.0,210.25,0,2025-01-09,12,2523.0,210.25,0,Clothing,32.68,65.09,2025-01-09,2,1,Winter,0,,0,Winter,313,15,5,44,9,2,1,2025,3,0,0.0,0.0,12.0,12.0,0,0
2025-01-09,ST10,SKU00097,25,27592.75,1103.71,0,2025-01-09,25,27592.75,1103.71,0,Clothing,16.44,23.61,2025-01-09,2,1,Winter,0,,0,Winter,141,97,4,61,9,2,1,2025,3,0,0.0,0.0,25.0,25.0,0,0
2025-01-10,ST01,SKU00098,15,4590.0,306.0,0,2025-01-10,15,4590.0,306.0,0,Health,38.33,67.38,2025-01-10,2,1,Winter,0,,0,Winter,264,62,8,80,10,2,1,2025,4,0,0.0,0.0,15.0,15.0,0,0
2025-01-10,ST01,SKU00099,10,16719.9,1671.99,0,2025-01-10,10,16719.9,1671.99,0,Toys,21.18,30.39,2025-01-10,2,1,Winter,0,,0,Winter,202,57,8,87,10,2,1,2025,4,0,0.0,0.0,10.0,10.0,0,0
2025-01-10,ST02,SKU00100,20,9310.6,465.53,1,2025-01-10,20,9310.6,465.53,1,Food,23.89,33.56,2025-01-10,2,1,Winter,0,,0,Winter,107,85,3,81,10,2,1,2025,4,0,0.0,0.0,20.0,20.0,0,1
2025-01-10,ST02,SKU00101,12,1470.84,122.57,0,2025-01-10,12,1470.84,122.57,0,Beauty,46.1,74.17,2025-01-10,2,1,Winter,0,,0,Winter,219,69,8,89,10,2,1,2025,4,0,0.0,0.0,12.0,12.0,0,0
2025-01-10,ST03,SKU00102,25,2794.25,111.77,0,2025-01-10,25,2794.25,111.77,0,Automotive,33.26,45.07,2025-01-10,2,1,Winter,0,,0,Winter,150,96,10,82,10,2,1,2025,4,0,0.0,0.0,25.0,25.0,0,0
2025-01-10,ST03,SKU00103,15,2695.5,179.7,0,2025-01-10,15,2695.5,179.7,0,Beauty,36.59,67.2,2025-01-10,2,1,Winter,0,,0,Winter,109,4,9,97,10,2,1,2025,4,0,0.0,0.0,15.0,15.0,0,0
2025-01-10,ST04,SKU00104,8,3119.12,389.89,0,2025-01-10,8,3119.12,389.89,0,Home & Garden,20.21,30.32,2025-01-10,2,1,Winter,0,,0,Winter,311,95,6,76,10,2,1,2025,4,0,0.0,0.0,8.0,8.0,0,0
2025-01-10,ST04,SKU00105,20,10060.0,503.0,0,2025-01-10,20,10060.0,503.0,0,Clothing,24.73,42.97,2025-01-10,2,1,Winter,0,,0,Winter,404,54,10,81,10,2,1,2025,4,0,0.0,0.0,20.0,20.0,0,0
2025-01-10,ST05,SKU00106,30,6024.0,200.8,0,2025-01-10,30,6024.0,200.8,0,Home & Garden,25.95,42.41,2025-01-10,2,1,Winter,0,,0,Winter,193,12,4,59,10,2,1,2025,4,0,0.0,0.0,30.0,30.0,0,0
2025-01-10,ST05,SKU00107,12,30141.36,2511.78,0,2025-01-10,12,30141.36,2511.78,0,Toys,31.59,38.68,2025-01-10,2,1,Winter,0,,0,Winter,196,16,10,92,10,2,1,2025,4,0,0.0,0.0,12.0,12.0,0,0
2025-01-11,ST06,SKU00108,25,2051.75,82.07,1,2025-01-11,25,2051.75,82.07,1,Sports,6.75,9.73,2025-01-11,2,1,Winter,0,Winter Clearance,0,Winter,324,91,12,84,11,2,1,2025,5,1,0.0,0.0,25.0,25.0,0,1
2025-01-11,ST06,SKU00109,10,1026.7,102.67,0,2025-01-11,10,1026.7,102.67,0,Books,28.5,51.76,2025-01-11,2,1,Winter,0,Winter Clearance,0,Winter,395,89,7,91,11,2,1,2025,5,1,0.0,0.0,10.0,10.0,0,0
2025-01-11,ST07,SKU00110,15,4303.05,286.87,0,2025-01-11,15,4303.05,286.87,0,Books,25.58,47.92,2025-01-11,2,1,Winter,0,Winter Clearance,0,Winter,328,8,7,30,11,2,1,2025,5,1,0.0,0.0,15.0,15.0,0,0
2025-01-11,ST07,SKU00111,8,18504.8,2316.85,0,2025-01-11,8,18504.8,2316.85,0,Sports,23.51,41.37,2025-01-11,2,1,Winter,0,Winter Clearance,0,Winter,107,0,4,77,11,2,1,2025,5,1,0.0,0.0,8.0,8.0,0,0
2025-01-11,ST08,SKU00112,20,4377.8,218.89,0,2025-01-11,20,4377.8,218.89,0,Beauty,37.67,74.62,2025-01-11,2,1,Winter,0,Winter Clearance,0,Winter,138,0,9,93,11,2,1,2025,5,1,0.0,0.0,20.0,20.0,0,0
2025-01-11,ST08,SKU00113,12,1638.6,136.55,0,2025-01-11,12,1638.6,136.55,0,Health,19.53,35.87,2025-01-11,2,1,Winter,0,Winter Clearance,0,Winter,496,68,8,96,11,2,1,2025,5,1,0.0,0.0,12.0,12.0,0,0
2025-01-11,ST09,SKU00114,25,4245.75,169.83,0,2025-01-11,25,4245.75,169.83,0,Home & Garden,24.75,31.26,2025-01-11,2,1,Winter,0,Winter Clearance,0,Winter,125,25,5,86,11,2,1,2025,5,1,0.0,0.0,25.0,25.0,0,0
2025-01-11,ST09,SKU00115,10,458.2,45.82,0,2025-01-11,10,458.2,45.82,0,Books,13.3,16.81,2025-01-11,2,1,Winter,0,Winter Clearance,0,Winter,334,77,7,76,11,2,1,2025,5,1,0.0,0.0,10.0,10.0,0,0
2025-01-11,ST10,SKU00116,15,4756.8,317.12,0,2025-01-11,15,4756.8,317.12,0,Automotive,35.98,44.85,2025-01-11,2,1,Winter,0,Winter Clearance,0,Winter,143,61,6,98,11,2,1,2025,5,1,0.0,0.0,15.0,15.0,0,0
2025-01-12,ST01,SKU00117,20,5179.2,258.96,0,2025-01-12,20,5179.2,258.96,0,Health,12.04,16.86,2025-01-12,2,1,Winter,0,Winter Clearance,0,Winter,253,15,12,77,12,2,1,2025,6,1,0.0,0.0,20.0,20.0,0,0
2025-01-12,ST01,SKU00118,25,7242.25,289.69,1,2025-01-12,25,7242.25,289.69,1,Toys,37.16,64.21,2025-01-12,2,1,Winter,0,Winter Clearance,0,Winter,390,38,6,62,12,2,1,2025,6,1,0.0,0.0,25.0,25.0,0,1
2025-01-12,ST02,SKU00119,12,11567.28,963.94,0,2025-01-12,12,11567.28,963.94,0,Books,33.72,54.41,2025-01-12,2,1,Winter,0,Winter Clearance,0,Winter,303,93,7,52,12,2,1,2025,6,1,0.0,0.0,12.0,12.0,0,0
2025-01-12,ST02,SKU00120,30,14769.6,492.32,0,2025-01-12,30,14769.6,492.32,0,Books,32.53,49.95,2025-01-12,2,1,Winter,0,Winter Clearance,0,Winter,299,9,8,98,12,2,1,2025,6,1,0.0,0.0,30.0,30.0,0,0
2025-01-12,ST03,SKU00121,8,1562.24,195.28,0,2025-01-12,8,1562.24,195.28,0,Health,21.02,37.97,2025-01-12,2,1,Winter,0,Winter Clearance,0,Winter,149,33,6,39,12,2,1,2025,6,1,0.0,0.0,8.0,8.0,0,0
2025-01-12,ST03,SKU00122,15,2399.7,159.98,0,2025-01-12,15,2399.7,159.98,0,Automotive,20.38,25.96,2025-01-12,2,1,Winter,0,Winter Clearance,0,Winter,299,18,12,30,12,2,1,2025,6,1,0.0,0.0,15.0,15.0,0,0
2025-01-12,ST04,SKU00123,20,1982.6,99.13,0,2025-01-12,20,1982.6,99.13,0,Electronics,19.01,37.72,2025-01-12,2,1,Winter,0,Winter Clearance,0,Winter,374,3,10,31,12,2,1,2025,6,1,0.0,0.0,20.0,20.0,0,0
2025-01-12,ST04,SKU00124,25,8642.0,345.68,0,2025-01-12,25,8642.0,345.68,0,Books,26.34,33.67,2025-01-12,2,1,Winter,0,Winter Clearance,0,Winter,433,31,13,53,12,2,1,2025,6,1,0.0,0.0,25.0,25.0,0,0
2025-01-12,ST05,SKU00125,12,5733.0,477.75,0,2025-01-12,12,5733.0,477.75,0,Books,26.31,35.21,2025-01-12,2,1,Winter,0,Winter Clearance,0,Winter,445,49,5,62,12,2,1,2025,6,1,0.0,0.0,12.0,12.0,0,0
2025-01-12,ST05,SKU00126,10,2534.4,253.44,1,2025-01-12,10,2534.4,253.44,1,Books,22.93,38.82,2025-01-12,2,1,Winter,0,Winter Clearance,0,Winter,466,60,5,72,12,2,1,2025,6,1,0.0,0.0,10.0,10.0,0,1
2025-01-13,ST06,SKU00127,15,3355.35,223.69,0,2025-01-13,15,3355.35,223.69,0,Books,44.9,63.25,2025-01-13,3,1,Winter,0,,0,Winter,150,11,5,94,13,3,1,2025,0,0,0.0,0.0,15.0,15.0,0,0
2025-01-13,ST06,SKU00128,20,14839.4,741.97,0,2025-01-13,20,14839.4,741.97,0,Health,33.16,53.15,2025-01-13,3,1,Winter,0,,0,Winter,466,39,12,72,13,3,1,2025,0,0,0.0,0.0,20.0,20.0,0,0
2025-01-13,ST07,SKU00129,25,5429.5,217.18,0,2025-01-13,25,5429.5,217.18,0,Electronics,29.27,51.14,2025-01-13,3,1,Winter,0,,0,Winter,93,28,4,64,13,3,1,2025,0,0,0.0,0.0,25.0,25.0,0,0
2025-01-13,ST07,SKU00130,8,2897.44,362.18,0,2025-01-13,8,2897.44,362.18,0,Beauty,47.48,92.83,2025-01-13,3,1,Winter,0,,0,Winter,264,80,12,37,13,3,1,2025,0,0,0.0,0.0,8.0,8.0,0,0
2025-01-13,ST08,SKU00131,30,3577.2,119.24,0,2025-01-13,30,3577.2,119.24,0,Sports,30.9,46.67,2025-01-13,3,1,Winter,0,,0,Winter,142,25,12,63,13,3,1,2025,0,0,0.0,0.0,30.0,30.0,0,0
2025-01-13,ST08,SKU00132,12,5508.72,459.06,0,2025-01-13,12,5508.72,459.06,0,Electronics,25.62,41.93,2025-01-13,3,1,Winter,0,,0,Winter,164,6,6,87,13,3,1,2025,0,0,0.0,0.0,12.0,12.0,0,0
2025-01-13,ST09,SKU00133,10,17229.3,1722.93,0,2025-01-13,10,17229.3,1722.93,0,Books,33.17,61.57,2025-01-13,3,1,Winter,0,,0,Winter,163,74,10,65,13,3,1,2025,0,0,0.0,0.0,10.0,10.0,0,0
2025-01-13,ST09,SKU00134,25,4996.5,199.86,1,2025-01-13,25,4996.5,199.86,1,Beauty,45.74,62.05,2025-01-13,3,1,Winter,0,,0,Winter,266,20,11,65,13,3,1,2025,0,0,0.0,0.0,25.0,25.0,0,1
2025-01-14,ST10,SKU00135,15,2872.8,191.52,0,2025-01-14,15,2872.8,191.52,0,Clothing,6.75,11.44,2025-01-14,3,1,Winter,0,,0,Winter,443,72,10,93,14,3,1,2025,1,0,0.0,0.0,15.0,15.0,0,0
2025-01-14,ST10,SKU00136,20,9947.4,497.37,0,2025-01-14,20,9947.4,497.37,0,Food,8.2,11.94,2025-01-14,3,1,Winter,0,,0,Winter,276,48,5,65,14,3,1,2025,1,0,0.0,0.0,20.0,20.0,0,0
2025-01-14,ST01,SKU00137,12,1745.16,145.43,0,2025-01-14,12,1745.16,145.43,0,Health,35.67,52.53,2025-01-14,3,1,Winter,0,,0,Winter,145,23,9,91,14,3,1,2025,1,0,0.0,0.0,12.0,12.0,0,0
2025-01-14,ST01,SKU00138,25,16710.0,668.4,0,2025-01-14,25,16710.0,668.4,0,Home & Garden,17.68,22.89,2025-01-14,3,1,Winter,0,,0,Winter,273,36,3,84,14,3,1,2025,1,0,0.0,0.0,25.0,25.0,0,0
2025-01-14,ST02,SKU00139,8,6326.56,790.82,0,2025-01-14,8,6326.56,790.82,0,Books,20.68,40.3,2025-01-14,3,1,Winter,0,,0,Winter,62,22,11,59,14,3,1,2025,1,0,0.0,0.0,8.0,8.0,0,0
2025-01-14,ST02,SKU00140,30,4443.3,148.11,0,2025-01-14,30,4443.3,148.11,0,Beauty,38.08,70.17,2025-01-14,3,1,Winter,0,,0,Winter,322,61,6,42,14,3,1,2025,1,0,0.0,0.0,30.0,30.0,0,0
2025-01-14,ST03,SKU00141,15,39043.95,2602.93,0,2025-01-14,15,39043.95,2602.93,0,Automotive,29.66,45.64,2025-01-14,3,1,Winter,0,,0,Winter,236,18,3,41,14,3,1,2025,1,0,0.0,0.0,15.0,15.0,0,0
2025-01-14,ST03,SKU00142,20,2700.6,135.03,1,2025-01-14,20,2700.6,135.03,1,Beauty,41.31,82.3,2025-01-14,3,1,Winter,0,,0,Winter,494,18,11,57,14,3,1,2025,1,0,0.0,0.0,20.0,20.0,0,1
2025-01-14,ST04,SKU00143,25,1600.0,64.0,0,2025-01-14,25,1600.0,64.0,0,Sports,21.74,39.59,2025-01-14,3,1,Winter,0,,0,Winter,255,94,6,45,14,3,1,2025,1,0,0.0,0.0,25.0,25.0,0,0
2025-01-14,ST04,SKU00144,12,2241.36,186.78,0,2025-01-14,12,2241.36,186.78,0,Beauty,44.02,72.61,2025-01-14,3,1,Winter,0,,0,Winter,422,68,5,41,14,3,1,2025,1,0,0.0,0.0,12.0,12.0,0,0
2025-01-15,ST05,SKU00145,10,4782.6,478.26,0,2025-01-15,10,4782.6,478.26,0,Electronics,35.59,63.78,2025-01-15,3,1,Winter,0,,0,Winter,74,51,13,82,15,3,1,2025,2,0,0.0,0.0,10.0,10.0,0,0
2025-01-15,ST05,SKU00146,15,10551.9,703.46,0,2025-01-15,15,10551.9,703.46,0,Home & Garden,9.64,18.53,2025-01-15,3,1,Winter,0,,0,Winter,200,15,11,68,15,3,1,2025,2,0,0.0,0.0,15.0,15.0,0,0
2025-01-15,ST06,SKU00147,20,15575.8,778.79,0,2025-01-15,20,15575.8,778.79,0,Sports,42.19,61.43,2025-01-15,3,1,Winter,0,,0,Winter,158,52,12,87,15,3,1,2025,2,0,0.0,0.0,20.0,20.0,0,0
2025-01-15,ST06,SKU00148,25,8932.0,357.28,0,2025-01-15,25,8932.0,357.28,0,Home & Garden,22.51,27.21,2025-01-15,3,1,Winter,0,,0,Winter,472,13,12,34,15,3,1,2025,2,0,0.0,0.0,25.0,25.0,0,0
2025-01-15,ST07,SKU00149,30,4490.7,149.69,1,2025-01-15,30,4490.7,149.69,1,Automotive,43.12,63.99,2025-01-15,3,1,Winter,0,,0,Winter,212,86,13,47,15,3,1,2025,2,0,0.0,0.0,30.0,30.0,0,1
2025-01-15,ST07,SKU00150,8,2129.12,266.14,0,2025-01-15,8,2129.12,266.14,0,Sports,30.8,52.54,2025-01-15,3,1,Winter,0,,0,Winter,288,75,11,87,15,3,1,2025,2,0,0.0,0.0,8.0,8.0,0,0
2025-01-15,ST08,SKU00151,12,2422.32,201.86,0,2025-01-15,12,2422.32,201.86,0,Books,9.13,15.35,2025-01-15,3,1,Winter,0,,0,Winter,450,6,10,71,15,3,1,2025,2,0,0.0,0.0,12.0,12.0,0,0
2025-01-15,ST08,SKU00152,20,36606.2,1830.31,0,2025-01-15,20,36606.2,1830.31,0,Sports,35.26,63.54,2025-01-15,3,1,Winter,0,,0,Winter,442,49,13,95,15,3,1,2025,2,0,0.0,0.0,20.0,20.0,0,0
2025-01-15,ST09,SKU00153,25,4606.25,184.25,0,2025-01-15,25,4606.25,184.25,0,Food,40.16,51.84,2025-01-15,3,1,Winter,0,,0,Winter,54,28,7,67,15,3,1,2025,2,0,0.0,0.0,25.0,25.0,0,0
2025-01-15,ST09,SKU00154,10,22793.8,2279.38,0,2025-01-15,10,22793.8,2279.38,0,Books,27.25,33.95,2025-01-15,3,1,Winter,0,,0,Winter,388,7,3,46,15,3,1,2025,2,0,0.0,0.0,10.0,10.0,0,0
2025-01-16,ST10,SKU00155,15,8786.7,585.78,0,2025-01-16,15,8786.7,585.78,0,Health,24.87,47.5,2025-01-16,3,1,Winter,0,,0,Winter,376,88,6,65,16,3,1,2025,3,0,0.0,0.0,15.0,15.0,0,0
2025-01-16,ST10,SKU00156,20,3286.0,164.3,0,2025-01-16,20,3286.0,164.3,0,Clothing,48.59,85.05,2025-01-16,3,1,Winter,0,,0,Winter,119,30,5,90,16,3,1,2025,3,0,0.0,0.0,20.0,20.0,0,0
2025-01-16,ST01,SKU00157,25,2969.0,118.76,0,2025-01-16,25,2969.0,118.76,0,Health,32.82,42.04,2025-01-16,3,1,Winter,0,,0,Winter,413,53,9,48,16,3,1,2025,3,0,0.0,0.0,25.0,25.0,0,0
2025-01-16,ST01,SKU00158,8,3903.84,487.98,1,2025-01-16,8,3903.84,487.98,1,Food,24.17,33.31,2025-01-16,3,1,Winter,0,,0,Winter,88,66,4,87,16,3,1,2025,3,0,0.0,0.0,8.0,8.0,0,1
2025-01-16,ST02,SKU00159,30,6927.9,230.93,0,2025-01-16,30,6927.9,230.93,0,Automotive,41.98,74.1,2025-01-16,3,1,Winter,0,,0,Winter,197,91,10,90,16,3,1,2025,3,0,0.0,0.0,30.0,30.0,0,0
2025-01-16,ST02,SKU00160,12,2424.72,202.06,0,2025-01-16,12,2424.72,202.06,0,Books,28.1,38.96,2025-01-16,3,1,Winter,0,,0,Winter,432,38,3,32,16,3,1,2025,3,0,0.0,0.0,12.0,12.0,0,0
2025-01-16,ST03,SKU00161,15,7526.55,501.77,0,2025-01-16,15,7526.55,501.77,0,Beauty,21.84,32.69,2025-01-16,3,1,Winter,0,,0,Winter,397,61,11,92,16,3,1,2025,3,0,0.0,0.0,15.0,15.0,0,0
2025-01-16,ST03,SKU00162,20,55605.2,2780.26,0,2025-01-16,20,55605.2,2780.26,0,Sports,15.65,30.15,2025-01-16,3,1,Winter,0,,0,Winter,418,24,10,62,16,3,1,2025,3,0,0.0,0.0,20.0,20.0,0,0
2025-01-16,ST04,SKU00163,25,3791.75,151.67,0,2025-01-16,25,3791.75,151.67,0,Sports,20.76,36.67,2025-01-16,3,1,Winter,0,,0,Winter,471,5,12,73,16,3,1,2025,3,0,0.0,0.0,25.0,25.0,0,0
2025-01-16,ST04,SKU00164,8,911.92,113.99,0,2025-01-16,8,911.92,113.99,0,Home & Garden,39.97,65.82,2025-01-16,3,1,Winter,0,,0,Winter,222,31,7,65,16,3,1,2025,3,0,0.0,0.0,8.0,8.0,0,0
2025-01-17,ST05,SKU00165,30,2574.3,85.81,0,2025-01-17,30,2574.3,85.81,0,Health,45.79,59.02,2025-01-17,3,1,Winter,0,,0,Winter,276,18,6,86,17,3,1,2025,4,0,0.0,0.0,30.0,30.0,0,0
2025-01-17,ST05,SKU00166,12,9969.24,830.77,1,2025-01-17,12,9969.24,830.77,1,Home & Garden,16.42,25.02,2025-01-17,3,1,Winter,0,,0,Winter,451,46,11,78,17,3,1,2025,4,0,0.0,0.0,12.0,12.0,0,1
2025-01-17,ST06,SKU00167,20,51939.0,2596.95,0,2025-01-17,20,51939.0,2596.95,0,Health,38.34,69.55,2025-01-17,3,1,Winter,0,,0,Winter,63,14,3,83,17,3,1,2025,4,0,0.0,0.0,20.0,20.0,0,0
2025-01-17,ST06,SKU00168,15,33514.8,2234.32,0,2025-01-17,15,33514.8,2234.32,0,Automotive,38.49,67.16,2025-01-17,3,1,Winter,0,,0,Winter,423,2,9,86,17,3,1,2025,4,0,0.0,0.0,15.0,15.0,0,0
2025-01-17,ST07,SKU00169,25,2384.25,95.37,0,2025-01-17,25,2384.25,95.37,0,Automotive,21.87,31.24,2025-01-17,3,1,Winter,0,,0,Winter,61,73,10,53,17,3,1,2025,4,0,0.0,0.0,25.0,25.0,0,0
2025-01-17,ST07,SKU00170,8,9930.32,1241.29,0,2025-01-17,8,9930.32,1241.29,0,Beauty,28.78,44.58,2025-01-17,3,1,Winter,0,,0,Winter,205,7,12,65,17,3,1,2025,4,0,0.0,0.0,8.0,8.0,0,0
2025-01-17,ST08,SKU00171,12,3048.95,253.93,0,2025-01-17,12,3048.95,253.93,0,Health,5.55,10.96,2025-01-17,3,1,Winter,0,,0,Winter,139,7,12,89,17,3,1,2025,4,0,0.0,0.0,12.0,12.0,0,0
2025-01-17,ST08,SKU00172,30,3365.4,112.18,0,2025-01-17,30,3365.4,112.18,0,Books,6.95,13.49,2025-01-17,3,1,Winter,0,,0,Winter,227,27,7,70,17,3,1,2025,4,0,0.0,0.0,30.0,30.0,0,0
2025-01-17,ST09,SKU00173,15,16450.2,1096.68,0,2025-01-17,15,16450.2,1096.68,0,Books,16.38,28.78,2025-01-17,3,1,Winter,0,,0,Winter,277,63,13,92,17,3,1,2025,4,0,0.0,0.0,15.0,15.0,0,0
2025-01-17,ST09,SKU00174,20,12774.4,638.72,0,2025-01-17,20,12774.4,638.72,0,Automotive,28.54,48.62,2025-01-17,3,1,Winter,0,,0,Winter,194,72,3,58,17,3,1,2025,4,0,0.0,0.0,20.0,20.0,0,0
2025-01-18,ST10,SKU00175,25,4559.0,182.36,1,2025-01-18,25,4559.0,182.36,1,Electronics,33.24,55.43,2025-01-18,3,1,Winter,0,,0,Winter,446,45,5,35,18,3,1,2025,5,1,0.0,0.0,25.0,25.0,0,1
2025-01-18,ST10,SKU00176,8,360.64,45.08,0,2025-01-18,8,360.64,45.08,0,Food,7.05,10.04,2025-01-18,3,1,Winter,0,,0,Winter,131,68,11,95,18,3,1,2025,5,1,0.0,0.0,8.0,8.0,0,0
2025-01-18,ST01,SKU00177,30,3439.5,114.65,0,2025-01-18,30,3439.5,114.65,0,Beauty,22.75,29.25,2025-01-18,3,1,Winter,0,,0,Winter,59,55,4,34,18,3,1,2025,5,1,0.0,0.0,30.0,30.0,0,0
2025-01-18,ST01,SKU00178,12,6327.84,527.32,0,2025-01-18,12,6327.84,527.32,0,Books,17.48,23.61,2025-01-18,3,1,Winter,0,,0,Winter,168,32,8,94,18,3,1,2025,5,1,0.0,0.0,12.0,12.0,0,0
2025-01-18,ST02,SKU00179,20,1707.2,85.36,0,2025-01-18,20,1707.2,85.36,0,Health,22.47,31.09,2025-01-18,3,1,Winter,0,,0,Winter,195,95,3,40,18,3,1,2025,5,1,0.0,0.0,20.0,20.0,0,0
2025-01-18,ST02,SKU00180,25,19268.0,770.72,0,2025-01-18,25,19268.0,770.72,0,Books,48.85,97.16,2025-01-18,3,1,Winter,0,,0,Winter,390,25,11,88,18,3,1,2025,5,1,0.0,0.0,25.0,25.0,0,0
2025-01-18,ST03,SKU00181,8,2519.6,314.95,0,2025-01-18,8,2519.6,314.95,0,Toys,6.45,9.19,2025-01-18,3,1,Winter,0,,0,Winter,332,48,3,30,18,3,1,2025,5,1,0.0,0.0,8.0,8.0,0,0
2025-01-18,ST03,SKU00182,15,2681.1,178.74,0,2025-01-18,15,2681.1,178.74,0,Books,41.62,72.74,2025-01-18,3,1,Winter,0,,0,Winter,454,54,8,98,18,3,1,2025,5,1,0.0,0.0,15.0,15.0,0,0
2025-01-18,ST04,SKU00183,10,2520.7,252.07,0,2025-01-18,10,2520.7,252.07,0,Home & Garden,42.01,82.34,2025-01-18,3,1,Winter,0,,0,Winter,400,4,8,32,18,3,1,2025,5,1,0.0,0.0,10.0,10.0,0,0
2025-01-18,ST04,SKU00184,30,26986.5,899.55,0,2025-01-18,30,26986.5,899.55,0,Books,32.6,50.03,2025-01-18,3,1,Winter,0,,0,Winter,486,22,7,82,18,3,1,2025,5,1,0.0,0.0,30.0,30.0,0,0
2025-01-18,ST05,SKU00185,12,5816.76,484.73,1,2025-01-18,12,5816.76,484.73,1,Beauty,44.45,72.95,2025-01-18,3,1,Winter,0,,0,Winter,214,73,12,46,18,3,1,2025,5,1,0.0,0.0,12.0,12.0,0,1
2025-01-18,ST05,SKU00186,25,46571.0,1862.84,0,2025-01-18,25,46571.0,1862.84,0,Books,6.19,9.29,2025-01-18,3,1,Winter,0,,0,Winter,134,77,11,30,18,3,1,2025,5,1,0.0,0.0,25.0,25.0,0,0
2025-01-18,ST06,SKU00187,20,5048.8,252.44,0,2025-01-18,20,5048.8,252.44,0,Electronics,26.62,52.92,2025-01-18,3,1,Winter,0,,0,Winter,100,44,6,91,18,3,1,2025,5,1,0.0,0.0,20.0,20.0,0,0
2025-01-18,ST06,SKU00188,8,1611.28,201.41,0,2025-01-18,8,1611.28,201.41,0,Books,38.73,58.65,2025-01-18,3,1,Winter,0,,0,Winter,498,31,4,68,18,3,1,2025,5,1,0.0,0.0,8.0,8.0,0,0
2025-01-18,ST07,SKU00189,30,2079.0,69.3,0,2025-01-18,30,2079.0,69.3,0,Electronics,42.72,67.29,2025-01-18,3,1,Winter,0,,0,Winter,203,33,8,32,18,3,1,2025,5,1,0.0,0.0,30.0,30.0,0,0
2025-01-18,ST07,SKU00190,12,1745.04,145.42,0,2025-01-18,12,1745.04,145.42,0,Home & Garden,11.02,13.35,2025-01-18,3,1,Winter,0,,0,Winter,428,49,3,83,18,3,1,2025,5,1,0.0,0.0,12.0,12.0,0,0
2025-01-18,ST08,SKU00191,15,8863.05,590.87,0,2025-01-18,15,8863.05,590.87,0,Food,43.91,81.25,2025-01-18,3,1,Winter,0,,0,Winter,285,4,13,86,18,3,1,2025,5,1,0.0,0.0,15.0,15.0,0,0
2025-01-18,ST08,SKU00192,20,3315.6,165.78,0,2025-01-18,20,3315.6,165.78,0,Books,49.85,81.97,2025-01-18,3,1,Winter,0,,0,Winter,450,46,9,43,18,3,1,2025,5,1,0.0,0.0,20.0,20.0,0,0
2025-01-19,ST09,SKU00193,25,7713.75,308.55,0,2025-01-19,25,7713.75,308.55,0,Books,37.68,68.03,2025-01-19,3,1,Winter,0,,0,Winter,115,74,5,67,19,3,1,2025,6,1,0.0,0.0,25.0,25.0,0,0
2025-01-19,ST09,SKU00194,8,4197.84,524.73,1,2025-01-19,8,4197.84,524.73,1,Home & Garden,16.13,25.17,2025-01-19,3,1,Winter,0,,0,Winter,241,97,8,79,19,3,1,2025,6,1,0.0,0.0,8.0,8.0,0,1
2025-01-19,ST10,SKU00195,30,34189.5,1139.65,0,2025-01-19,30,34189.5,1139.65,0,Electronics,47.93,80.76,2025-01-19,3,1,Winter,0,,0,Winter,147,81,13,80,19,3,1,2025,6,1,0.0,0.0,30.0,30.0,0,0
2025-01-19,ST10,SKU00196,12,1091.76,90.98,0,2025-01-19,12,1091.76,90.98,0,Electronics,35.23,59.69,2025-01-19,3,1,Winter,0,,0,Winter,496,97,6,67,19,3,1,2025,6,1,0.0,0.0,12.0,12.0,0,0
2025-01-19,ST01,SKU00197,20,6612.4,330.62,0,2025-01-19,20,6612.4,330.62,0,Beauty,6.0,9.59,2025-01-19,3,1,Winter,0,,0,Winter,384,29,9,80,19,3,1,2025,6,1,0.0,0.0,20.0,20.0,0,0
2025-01-19,ST01,SKU00198,25,8511.5,340.46,0,2025-01-19,25,8511.5,340.46,0,Toys,39.75,64.25,2025-01-19,3,1,Winter,0,,0,Winter,130,4,6,39,19,3,1,2025,6,1,0.0,0.0,25.0,25.0,0,0
2025-01-19,ST02,SKU00199,8,496.64,62.08,0,2025-01-19,8,496.64,62.08,0,Electronics,29.84,49.19,2025-01-19,3,1,Winter,0,,0,Winter,233,16,12,46,19,3,1,2025,6,1,0.0,0.0,8.0,8.0,0,0
2025-01-19,ST02,SKU00200,30,4049.7,134.99,0,2025-01-19,30,4049.7,134.99,0,Automotive,31.55,49.97,2025-01-19,3,1,Winter,0,,0,Winter,389,87,7,63,19,3,1,2025,6,1,0.0,0.0,30.0,30.0,0,0
2025-01-19,ST03,SKU00201,12,10179.84,848.32,0,2025-01-19,12,10179.84,848.32,0,Food,38.98,66.12,2025-01-19,3,1,Winter,0,,0,Winter,311,52,4,72,19,3,1,2025,6,1,0.0,0.0,12.0,12.0,0,0
2025-01-19,ST03,SKU00202,15,5247.9,349.86,0,2025-01-19,15,5247.9,349.86,0,Clothing,41.23,79.26,2025-01-19,3,1,Winter,0,,0,Winter,289,74,5,52,19,3,1,2025,6,1,0.0,0.0,15.0,15.0,0,0
2025-01-19,ST04,SKU00203,20,3633.6,181.68,1,2025-01-19,20,3633.6,181.68,1,Clothing,20.78,34.74,2025-01-19,3,1,Winter,0,,0,Winter,232,79,13,45,19,3,1,2025,6,1,0.0,0.0,20.0,20.0,0,1
2025-01-19,ST04,SKU00204,25,15330.25,613.21,0,2025-01-19,25,15330.25,613.21,0,Home & Garden,45.69,67.55,2025-01-19,3,1,Winter,0,,0,Winter,57,3,10,33,19,3,1,2025,6,1,0.0,0.0,25.0,25.0,0,0
2025-01-19,ST05,SKU00205,8,1783.12,222.89,0,2025-01-19,8,1783.12,222.89,0,Toys,25.29,48.77,2025-01-19,3,1,Winter,0,,0,Winter,233,24,5,96,19,3,1,2025,6,1,0.0,0.0,8.0,8.0,0,0
2025-01-19,ST05,SKU00206,30,6532.8,217.76,0,2025-01-19,30,6532.8,217.76,0,Food,28.56,50.22,2025-01-19,3,1,Winter,0,,0,Winter,204,92,4,90,19,3,1,2025,6,1,0.0,0.0,30.0,30.0,0,0
2025-01-20,ST06,SKU00207,12,1169.4,97.45,0,2025-01-20,12,1169.4,97.45,0,Sports,25.67,48.1,2025-01-20,4,1,Winter,0,,0,Winter,171,50,5,50,20,4,1,2025,0,0,0.0,0.0,12.0,12.0,0,0
2025-01-20,ST06,SKU00208,15,17444.1,1162.94,0,2025-01-20,15,17444.1,1162.94,0,Electronics,16.62,26.05,2025-01-20,4,1,Winter,0,,0,Winter,54,81,12,90,20,4,1,2025,0,0,0.0,0.0,15.0,15.0,0,0
2025-01-20,ST07,SKU00209,20,1772.6,88.63,0,2025-01-20,20,1772.6,88.63,0,Clothing,32.94,48.68,2025-01-20,4,1,Winter,0,,0,Winter,71,20,8,30,20,4,1,2025,0,0,0.0,0.0,20.0,20.0,0,0
2025-01-20,ST07,SKU00210,25,88921.25,3556.85,0,2025-01-20,25,88921.25,3556.85,0,Home & Garden,29.18,45.75,2025-01-20,4,1,Winter,0,,0,Winter,182,11,12,75,20,4,1,2025,0,0,0.0,0.0,25.0,25.0,0,0
2025-01-20,ST08,SKU00211,8,9491.68,1189.16,0,2025-01-20,8,9491.68,1189.16,0,Toys,36.4,48.92,2025-01-20,4,1,Winter,0,,0,Winter,83,48,12,74,20,4,1,2025,0,0,0.0,0.0,8.0,8.0,0,0
2025-01-20,ST08,SKU00212,30,10469.4,348.98,1,2025-01-20,30,10469.4,348.98,1,Sports,20.56,39.41,2025-01-20,4,1,Winter,0,,0,Winter,460,72,12,76,20,4,1,2025,0,0,0.0,0.0,30.0,30.0,0,1
2025-01-20,ST09,SKU00213,12,1389.12,115.76,0,2025-01-20,12,1389.12,115.76,0,Home & Garden,28.19,55.76,2025-01-20,4,1,Winter,0,,0,Winter,170,85,10,92,20,4,1,2025,0,0,0.0,0.0,12.0,12.0,0,0
2025-01-20,ST09,SKU00214,25,9804.5,392.18,0,2025-01-20,25,9804.5,392.18,0,Health,15.07,28.0,2025-01-20,4,1,Winter,0,,0,Winter,97,60,3,55,20,4,1,2025,0,0,0.0,0.0,25.0,25.0,0,0
2025-01-20,ST10,SKU00215,20,2040.6,102.03,0,2025-01-20,20,2040.6,102.03,0,Clothing,17.54,23.53,2025-01-20,4,1,Winter,0,,0,Winter,341,0,10,81,20,4,1,2025,0,0,0.0,0.0,20.0,20.0,0,0
2025-01-20,ST10,SKU00216,15,10176.0,678.4,0,2025-01-20,15,10176.0,678.4,0,Books,29.69,48.33,2025-01-20,4,1,Winter,0,,0,Winter,256,46,10,43,20,4,1,2025,0,0,0.0,0.0,15.0,15.0,0,0
2025-01-21,ST01,SKU00217,25,7258.25,290.33,0,2025-01-21,25,7258.25,290.33,0,Health,45.24,58.95,2025-01-21,4,1,Winter,0,,0,Winter,77,86,10,31,21,4,1,2025,1,0,0.0,0.0,25.0,25.0,0,0
2025-01-21,ST01,SKU00218,8,1839.52,229.94,0,2025-01-21,8,1839.52,229.94,0,Health,36.07,44.42,2025-01-21,4,1,Winter,0,,0,Winter,414,25,13,85,21,4,1,2025,1,0,0.0,0.0,8.0,8.0,0,0
2025-01-21,ST02,SKU00219,30,4230.0,141.0,0,2025-01-21,30,4230.0,141.0,0,Automotive,26.65,46.65,2025-01-21,4,1,Winter,0,,0,Winter,420,6,5,52,21,4,1,2025,1,0,0.0,0.0,30.0,30.0,0,0
2025-01-21,ST02,SKU00220,12,8797.08,733.09,1,2025-01-21,12,8797.08,733.09,1,Beauty,44.31,85.82,2025-01-21,4,1,Winter,0,,0,Winter,287,17,12,67,21,4,1,2025,1,0,0.0,0.0,12.0,12.0,0,1
2025-01-21,ST03,SKU00221,15,8672.4,578.16,0,2025-01-21,15,8672.4,578.16,0,Electronics,17.46,32.21,2025-01-21,4,1,Winter,0,,0,Winter,276,14,11,57,21,4,1,2025,1,0,0.0,0.0,15.0,15.0,0,0
2025-01-21,ST03,SKU00222,20,9845.2,492.26,0,2025-01-21,20,9845.2,492.26,0,Electronics,31.88,63.4,2025-01-21,4,1,Winter,0,,0,Winter,251,38,11,46,21,4,1,2025,1,0,0.0,0.0,20.0,20.0,0,0
2025-01-21,ST04,SKU00223,25,5435.5,217.42,0,2025-01-21,25,5435.5,217.42,0,Beauty,26.8,45.42,2025-01-21,4,1,Winter,0,,0,Winter,280,85,12,73,21,4,1,2025,1,0,0.0,0.0,25.0,25.0,0,0
2025-01-21,ST04,SKU00224,8,1294.88,161.86,0,2025-01-21,8,1294.88,161.86,0,Food,28.91,51.35,2025-01-21,4,1,Winter,0,,0,Winter,74,16,6,54,21,4,1,2025,1,0,0.0,0.0,8.0,8.0,0,0
2025-01-21,ST05,SKU00225,30,37007.4,1233.58,0,2025-01-21,30,37007.4,1233.58,0,Health,6.65,9.32,2025-01-21,4,1,Winter,0,,0,Winter,117,9,5,47,21,4,1,2025,1,0,0.0,0.0,30.0,30.0,0,0
2025-01-21,ST05,SKU00226,12,891.36,74.28,0,2025-01-21,12,891.36,74.28,0,Food,35.92,67.37,2025-01-21,4,1,Winter,0,,0,Winter,160,99,8,63,21,4,1,2025,1,0,0.0,0.0,12.0,12.0,0,0
2025-01-21,ST06,SKU00227,20,57024.4,2851.22,0,2025-01-21,20,57024.4,2851.22,0,Clothing,25.13,40.87,2025-01-21,4,1,Winter,0,,0,Winter,160,7,10,71,21,4,1,2025,1,0,0.0,0.0,20.0,20.0,0,0
2025-01-21,ST06,SKU00228,15,44340.75,2956.05,0,2025-01-21,15,44340.75,2956.05,0,Automotive,38.18,51.39,2025-01-21,4,1,Winter,0,,0,Winter,474,5,6,55,21,4,1,2025,1,0,0.0,0.0,15.0,15.0,0,0
2025-01-21,ST07,SKU00229,25,10545.5,421.82,1,2025-01-21,25,10545.5,421.82,1,Food,19.49,26.69,2025-01-21,4,1,Winter,0,,0,Winter,369,97,13,85,21,4,1,2025,1,0,0.0,0.0,25.0,25.0,0,1
2025-01-21,ST07,SKU00230,8,932.48,116.56,0,2025-01-21,8,932.48,116.56,0,Health,29.09,40.34,2025-01-21,4,1,Winter,0,,0,Winter,364,69,7,62,21,4,1,2025,1,0,0.0,0.0,8.0,8.0,0,0
2025-01-21,ST08,SKU00231,30,4619.4,153.98,0,2025-01-21,30,4619.4,153.98,0,Sports,26.33,39.07,2025-01-21,4,1,Winter,0,,0,Winter,486,21,7,99,21,4,1,2025,1,0,0.0,0.0,30.0,30.0,0,0
2025-01-21,ST08,SKU00232,12,1153.56,96.13,0,2025-01-21,12,1153.56,96.13,0,Automotive,27.43,34.82,2025-01-21,4,1,Winter,0,,0,Winter,119,3,13,91,21,4,1,2025,1,0,0.0,0.0,12.0,12.0,0,0
2025-01-21,ST09,SKU00233,15,1812.6,120.84,0,2025-01-21,15,1812.6,120.84,0,Toys,31.41,56.42,2025-01-21,4,1,Winter,0,,0,Winter,367,93,10,84,21,4,1,2025,1,0,0.0,0.0,15.0,15.0,0,0
2025-01-21,ST09,SKU00234,20,2000.0,100.0,0,2025-01-21,20,2000.0,100.0,0,Electronics,30.4,45.69,2025-01-21,4,1,Winter,0,,0,Winter,186,2,5,60,21,4,1,2025,1,0,0.0,0.0,20.0,20.0,0,0
2025-01-21,ST10,SKU00235,25,3993.0,159.72,0,2025-01-21,25,3993.0,159.72,0,Books,21.34,36.63,2025-01-21,4,1,Winter,0,,0,Winter,89,35,10,35,21,4,1,2025,1,0,0.0,0.0,25.0,25.0,0,0
2025-01-22,ST01,SKU00236,8,833.92,104.24,0,2025-01-22,8,833.92,104.24,0,Clothing,16.0,25.57,2025-01-22,4,1,Winter,0,,0,Winter,371,83,13,33,22,4,1,2025,2,0,0.0,0.0,8.0,8.0,0,0
2025-01-22,ST01,SKU00237,30,2857.2,95.24,1,2025-01-22,30,2857.2,95.24,1,Toys,32.26,44.83,2025-01-22,4,1,Winter,0,,0,Winter,384,5,8,80,22,4,1,2025,2,0,0.0,0.0,30.0,30.0,0,1
2025-01-22,ST02,SKU00238,12,21191.08,1766.09,0,2025-01-22,12,21191.08,1766.09,0,Toys,15.14,22.59,2025-01-22,4,1,Winter,0,,0,Winter,111,56,4,37,22,4,1,2025,2,0,0.0,0.0,12.0,12.0,0,0
2025-01-22,ST02,SKU00239,25,26943.5,1077.74,0,2025-01-22,25,26943.5,1077.74,0,Sports,43.29,54.99,2025-01-22,4,1,Winter,0,,0,Winter,75,50,7,99,22,4,1,2025,2,0,0.0,0.0,25.0,25.0,0,0
2025-01-22,ST03,SKU00240,20,2861.6,143.08,0,2025-01-22,20,2861.6,143.08,0,Beauty,45.35,57.34,2025-01-22,4,1,Winter,0,,0,Winter,459,67,5,49,22,4,1,2025,2,0,0.0,0.0,20.0,20.0,0,0
2025-01-22,ST03,SKU00241,15,25659.0,1710.6,0,2025-01-22,15,25659.0,1710.6,0,Home & Garden,5.82,10.23,2025-01-22,4,1,Winter,0,,0,Winter,162,11,3,43,22,4,1,2025,2,0,0.0,0.0,15.0,15.0,0,0
2025-01-22,ST04,SKU00242,8,1747.92,218.49,0,2025-01-22,8,1747.92,218.49,0,Beauty,10.04,15.25,2025-01-22,4,1,Winter,0,,0,Winter,369,37,7,40,22,4,1,2025,2,0,0.0,0.0,8.0,8.0,0,0
2025-01-22,ST04,SKU00243,30,14517.0,483.9,0,2025-01-22,30,14517.0,483.9,0,Sports,5.24,10.37,2025-01-22,4,1,Winter,0,,0,Winter,405,76,13,32,22,4,1,2025,2,0,0.0,0.0,30.0,30.0,0,0
2025-01-22,ST05,SKU00244,12,9001.8,750.15,0,2025-01-22,12,9001.8,750.15,0,Beauty,37.53,69.68,2025-01-22,4,1,Winter,0,,0,Winter,210,5,4,39,22,4,1,2025,2,0,0.0,0.0,12.0,12.0,0,0
2025-01-22,ST05,SKU00245,25,100631.5,4025.26,0,2025-01-22,25,100631.5,4025.26,0,Clothing,30.05,49.81,2025-01-22,4,1,Winter,0,,0,Winter,310,22,12,73,22,4,1,2025,2,0,0.0,0.0,25.0,25.0,0,0
2025-01-22,ST06,SKU00246,20,20424.4,1021.22,1,2025-01-22,20,20424.4,1021.22,1,Home & Garden,42.74,58.29,2025-01-22,4,1,Winter,0,,0,Winter,435,12,10,31,22,4,1,2025,2,0,0.0,0.0,20.0,20.0,0,1
2025-01-22,ST06,SKU00247,15,3604.95,240.33,0,2025-01-22,15,3604.95,240.33,0,Health,19.57,30.14,2025-01-22,4,1,Winter,0,,0,Winter,133,64,7,46,22,4,1,2025,2,0,0.0,0.0,15.0,15.0,0,0
2025-01-22,ST07,SKU00248,8,450.48,56.31,0,2025-01-22,8,450.48,56.31,0,Electronics,38.13,61.92,2025-01-22,4,1,Winter,0,,0,Winter,314,74,10,67,22,4,1,2025,2,0,0.0,0.0,8.0,8.0,0,0
2025-01-22,ST07,SKU00249,30,7301.4,243.38,0,2025-01-22,30,7301.4,243.38,0,Electronics,32.48,46.47,2025-01-22,4,1,Winter,0,,0,Winter,468,93,3,98,22,4,1,2025,2,0,0.0,0.0,30.0,30.0,0,0
2025-01-22,ST08,SKU00250,12,9672.3,322.41,0,2025-01-22,12,9672.3,322.41,0,Books,27.77,54.04,2025-01-22,4,1,Winter,0,,0,Winter,367,59,4,38,22,4,1,2025,2,0,0.0,0.0,12.0,12.0,0,0
2025-01-22,ST08,SKU00251,25,3595.75,143.83,0,2025-01-22,25,3595.75,143.83,0,Home & Garden,7.33,10.77,2025-01-22,4,1,Winter,0,,0,Winter,467,75,5,64,22,4,1,2025,2,0,0.0,0.0,25.0,25.0,0,0
2025-01-22,ST09,SKU00252,20,40120.6,2006.03,0,2025-01-22,20,40120.6,2006.03,0,Health,29.69,48.66,2025-01-22,4,1,Winter,0,,0,Winter,50,39,8,89,22,4,1,2025,2,0,0.0,0.0,20.0,20.0,0,0
2025-01-22,ST09,SKU00253,15,4190.7,279.38,0,2025-01-22,15,4190.7,279.38,0,Clothing,19.51,36.04,2025-01-22,4,1,Winter,0,,0,Winter,369,92,10,40,22,4,1,2025,2,0,0.0,0.0,15.0,15.0,0,0
2025-01-22,ST10,SKU00254,8,844.4,105.55,0,2025-01-22,8,844.4,105.55,0,Electronics,11.25,13.52,2025-01-22,4,1,Winter,0,,0,Winter,410,13,5,66,22,4,1,2025,2,0,0.0,0.0,8.0,8.0,0,0
2025-01-23,ST01,SKU00255,30,4765.8,158.86,0,2025-01-23,30,4765.8,158.86,0,Automotive,31.8,50.16,2025-01-23,4,1,Winter,0,,0,Winter,54,82,13,55,23,4,1,2025,3,0,0.0,0.0,30.0,30.0,0,0
2025-01-23,ST01,SKU00256,12,9266.04,772.17,1,2025-01-23,12,9266.04,772.17,1,Food,40.74,52.37,2025-01-23,4,1,Winter,0,,0,Winter,111,3,11,71,23,4,1,2025,3,0,0.0,0.0,12.0,12.0,0,1
2025-01-23,ST02,SKU00257,15,4616.25,307.75,0,2025-01-23,15,4616.25,307.75,0,Books,42.38,83.57,2025-01-23,4,1,Winter,0,,0,Winter,138,17,10,68,23,4,1,2025,3,0,0.0,0.0,15.0,15.0,0,0
2025-01-23,ST02,SKU00258,20,1839.6,91.98,0,2025-01-23,20,1839.6,91.98,0,Books,37.89,73.91,2025-01-23,4,1,Winter,0,,0,Winter,153,13,5,67,23,4,1,2025,3,0,0.0,0.0,20.0,20.0,0,0
2025-01-23,ST03,SKU00259,25,6237.0,249.48,0,2025-01-23,25,6237.0,249.48,0,Home & Garden,7.99,14.33,2025-01-23,4,1,Winter,0,,0,Winter,402,22,3,54,23,4,1,2025,3,0,0.0,0.0,25.0,25.0,0,0
2025-01-23,ST03,SKU00260,8,1117.92,139.74,0,2025-01-23,8,1117.92,139.74,0,Toys,7.16,13.08,2025-01-23,4,1,Winter,0,,0,Winter,194,96,9,95,23,4,1,2025,3,0,0.0,0.0,8.0,8.0,0,0
2025-01-23,ST04,SKU00261,30,1865.4,62.18,0,2025-01-23,30,1865.4,62.18,0,Automotive,38.77,71.33,2025-01-23,4,1,Winter,0,,0,Winter,358,50,9,80,23,4,1,2025,3,0,0.0,0.0,30.0,30.0,0,0
2025-01-23,ST04,SKU00262,12,2051.04,170.92,0,2025-01-23,12,2051.04,170.92,0,Home & Garden,12.39,22.95,2025-01-23,4,1,Winter,0,,0,Winter,247,5,5,36,23,4,1,2025,3,0,0.0,0.0,12.0,12.0,0,0
2025-01-23,ST05,SKU00263,15,6645.15,443.51,0,2025-01-23,15,6645.15,443.51,0,Health,45.85,66.62,2025-01-23,4,1,Winter,0,,0,Winter,228,71,12,93,23,4,1,2025,3,0,0.0,0.0,15.0,15.0,0,0
2025-01-23,ST05,SKU00264,20,4854.8,242.74,0,2025-01-23,20,4854.8,242.74,0,Health,22.66,42.0,2025-01-23,4,1,Winter,0,,0,Winter,64,28,3,56,23,4,1,2025,3,0,0.0,0.0,20.0,20.0,0,0
2025-01-23,ST06,SKU00265,25,6155.75,246.23,0,2025-01-23,25,6155.75,246.23,0,Food,37.12,71.26,2025-01-23,4,1,Winter,0,,0,Winter,469,28,8,86,23,4,1,2025,3,0,0.0,0.0,25.0,25.0,0,0
2025-01-23,ST06,SKU00266,8,34355.36,4319.42,1,2025-01-23,8,34355.36,4319.42,1,Toys,29.29,45.43,2025-01-23,4,1,Winter,0,,0,Winter,146,26,9,62,23,4,1,2025,3,0,0.0,0.0,8.0,8.0,0,1
2025-01-23,ST07,SKU00267,30,3796.5,126.55,0,2025-01-23,30,3796.5,126.55,0,Electronics,15.45,29.66,2025-01-23,4,1,Winter,0,,0,Winter,303,67,8,95,23,4,1,2025,3,0,0.0,0.0,30.0,30.0,0,0
2025-01-23,ST07,SKU00268,12,1988.4,165.9,0,2025-01-23,12,1988.4,165.9,0,Food,28.93,36.26,2025-01-23,4,1,Winter,0,,0,Winter,59,4,13,67,23,4,1,2025,3,0,0.0,0.0,12.0,12.0,0,0
2025-01-23,ST08,SKU00269,15,2560.95,170.73,0,2025-01-23,15,2560.95,170.73,0,Beauty,33.09,42.8,2025-01-23,4,1,Winter,0,,0,Winter,446,30,6,81,23,4,1,2025,3,0,0.0,0.0,15.0,15.0,0,0
2025-01-23,ST08,SKU00270,20,10430.8,521.54,0,2025-01-23,20,10430.8,521.54,0,Toys,19.98,35.65,2025-01-23,4,1,Winter,0,,0,Winter,233,14,10,34,23,4,1,2025,3,0,0.0,0.0,20.0,20.0,0,0
2025-01-23,ST09,SKU00271,25,1757.4,70.38,0,2025-01-23,25,1757.4,70.38,0,Health,11.27,20.68,2025-01-23,4,1,Winter,0,,0,Winter,206,46,6,74,23,4,1,2025,3,0,0.0,0.0,25.0,25.0,0,0
2025-01-23,ST09,SKU00272,8,24545.6,1227.28,0,2025-01-23,8,24545.6,1227.28,0,Electronics,29.01,55.55,2025-01-23,4,1,Winter,0,,0,Winter,179,26,5,65,23,4,1,2025,3,0,0.0,0.0,8.0,8.0,0,0
2025-01-23,ST10,SKU00273,30,12096.9,403.23,0,2025-01-23,30,12096.9,403.23,0,Sports,49.9,89.91,2025-01-23,4,1,Winter,0,,0,Winter,341,25,13,56,23,4,1,2025,3,0,0.0,0.0,30.0,30.0,0,0
2025-01-24,ST01,SKU00274,12,21336.0,1778.33,0,2025-01-24,12,21336.0,1778.33,0,Books,40.04,52.63,2025-01-24,4,1,Winter,0,,0,Winter,118,19,13,67,24,4,1,2025,4,0,0.0,0.0,12.0,12.0,0,0
2025-01-24,ST01,SKU00275,15,55068.75,3671.25,1,2025-01-24,15,55068.75,3671.25,1,Sports,30.65,55.47,2025-01-24,4,1,Winter,0,,0,Winter,183,71,9,76,24,4,1,2025,4,0,0.0,0.0,15.0,15.0,0,1
2025-01-24,ST02,SKU00276,20,1005.4,50.27,0,2025-01-24,20,1005.4,50.27,0,Health,20.39,37.87,2025-01-24,4,1,Winter,0,,0,Winter,395,45,13,41,24,4,1,2025,4,0,0.0,0.0,20.0,20.0,0,0
2025-01-24,ST02,SKU00277,25,14641.0,585.64,0,2025-01-24,25,14641.0,585.64,0,Sports,25.57,43.03,2025-01-24,4,1,Winter,0,,0,Winter,267,12,10,91,24,4,1,2025,4,0,0.0,0.0,25.0,25.0,0,0
2025-01-24,ST03,SKU00278,8,14462.52,1807.84,0,2025-01-24,8,14462.52,1807.84,0,Beauty,11.75,16.25,2025-01-24,4,1,Winter,0,,0,Winter,259,88,3,89,24,4,1,2025,4,0,0.0,0.0,8.0,8.0,0,0
2025-01-24,ST03,SKU00279,30,3294.0,109.8,0,2025-01-24,30,3294.0,109.8,0,Clothing,5.55,9.32,2025-01-24,4,1,Winter,0,,0,Winter,220,75,6,97,24,4,1,2025,4,0,0.0,0.0,30.0,30.0,0,0
2025-01-24,ST04,SKU00280,12,4696.4,469.64,0,2025-01-24,12,4696.4,469.64,0,Sports,29.42,41.23,2025-01-24,4,1,Winter,0,,0,Winter,182,36,10,60,24,4,1,2025,4,0,0.0,0.0,12.0,12.0,0,0
2025-01-24,ST04,SKU00281,15,2641.05,176.07,0,2025-01-24,15,2641.05,176.07,0,Books,42.21,83.03,2025-01-24,4,1,Winter,0,,0,Winter,427,8,8,80,24,4,1,2025,4,0,0.0,0.0,15.0,15.0,0,0
2025-01-24,ST05,SKU00282,20,61916.6,3095.83,0,2025-01-24,20,61916.6,3095.83,0,Beauty,31.25,47.53,2025-01-24,4,1,Winter,0,,0,Winter,78,77,10,70,24,4,1,2025,4,0,0.0,0.0,20.0,20.0,0,0
2025-01-24,ST05,SKU00283,25,14003.25,560.13,0,2025-01-24,25,14003.25,560.13,0,Health,47.63,63.0,2025-01-24,4,1,Winter,0,,0,Winter,263,10,9,30,24,4,1,2025,4,0,0.0,0.0,25.0,25.0,0,0
2025-01-24,ST06,SKU00284,8,1116.08,139.51,0,2025-01-24,8,1116.08,139.51,0,Beauty,27.76,46.9,2025-01-24,4,1,Winter,0,,0,Winter,351,20,12,65,24,4,1,2025,4,0,0.0,0.0,8.0,8.0,0,0
2025-01-24,ST06,SKU00285,30,15170.1,505.67,0,2025-01-24,30,15170.1,505.67,0,Beauty,44.25,86.09,2025-01-24,4,1,Winter,0,,0,Winter,231,86,11,30,24,4,1,2025,4,0,0.0,0.0,30.0,30.0,0,0
2025-01-24,ST07,SKU00286,12,773.4,64.45,1,2025-01-24,12,773.4,64.45,1,Sports,46.34,84.9,2025-01-24,4,1,Winter,0,,0,Winter,368,53,9,69,24,4,1,2025,4,0,0.0,0.0,12.0,12.0,0,1
2025-01-24,ST07,SKU00287,15,13220.55,881.37,0,2025-01-24,15,13220.55,881.37,0,Books,36.83,48.68,2025-01-24,4,1,Winter,0,,0,Winter,448,20,11,82,24,4,1,2025,4,0,0.0,0.0,15.0,15.0,0,0
2025-01-24,ST08,SKU00288,20,2180.0,109.0,0,2025-01-24,20,2180.0,109.0,0,Health,8.1,10.22,2025-01-24,4,1,Winter,0,,0,Winter,186,73,6,86,24,4,1,2025,4,0,0.0,0.0,20.0,20.0,0,0
2025-01-24,ST08,SKU00289,25,13484.25,539.37,0,2025-01-24,25,13484.25,539.37,0,Beauty,42.82,82.58,2025-01-24,4,1,Winter,0,,0,Winter,166,25,11,64,24,4,1,2025,4,0,0.0,0.0,25.0,25.0,0,0
2025-01-24,ST09,SKU00290,8,1884.48,235.81,0,2025-01-24,8,1884.48,235.81,0,Electronics,10.1,20.07,2025-01-24,4,1,Winter,0,,0,Winter,112,24,12,67,24,4,1,2025,4,0,0.0,0.0,8.0,8.0,0,0
2025-01-24,ST09,SKU00291,30,5713.2,190.44,0,2025-01-24,30,5713.2,190.44,0,Sports,10.61,20.55,2025-01-24,4,1,Winter,0,,0,Winter,435,6,4,63,24,4,1,2025,4,0,0.0,0.0,30.0,30.0,0,0
2025-01-24,ST10,SKU00292,12,2529.78,210.98,0,2025-01-24,12,2529.78,210.98,0,Toys,28.35,47.43,2025-01-24,4,1,Winter,0,,0,Winter,396,16,13,88,24,4,1,2025,4,0,0.0,0.0,12.0,12.0,0,0
2025-01-24,ST10,SKU00293,15,1980.3,132.02,0,2025-01-24,15,1980.3,132.02,0,Books,22.07,39.62,2025-01-24,4,1,Winter,0,,0,Winter,413,50,8,53,24,4,1,2025,4,0,0.0,0.0,15.0,15.0,0,0
2025-01-25,ST01,SKU00294,20,4700.4,235.02,0,2025-01-25,20,4700.4,235.02,0,Health,41.13,49.51,2025-01-25,4,1,Winter,0,,0,Winter,74,70,6,99,25,4,1,2025,5,1,0.0,0.0,20.0,20.0,0,0
2025-01-25,ST01,SKU00295,25,25669.5,1026.78,1,2025-01-25,25,25669.5,1026.78,1,Automotive,10.14,15.53,2025-01-25,4,1,Winter,0,,0,Winter,393,32,3,58,25,4,1,2025,5,1,0.0,0.0,25.0,25.0,0,1
2025-01-25,ST02,SKU00296,8,5482.32,685.29,0,2025-01-25,8,5482.32,685.29,0,Health,46.39,68.53,2025-01-25,4,1,Winter,0,,0,Winter,112,21,12,57,25,4,1,2025,5,1,0.0,0.0,8.0,8.0,0,0
2025-01-25,ST02,SKU00297,30,5175.6,172.52,0,2025-01-25,30,5175.6,172.52,0,Clothing,26.64,51.54,2025-01-25,4,1,Winter,0,,0,Winter,419,84,3,78,25,4,1,2025,5,1,0.0,0.0,30.0,30.0,0,0
2025-01-25,ST03,SKU00298,12,11491.8,383.06,0,2025-01-25,12,11491.8,383.06,0,Home & Garden,16.17,26.88,2025-01-25,4,1,Winter,0,,0,Winter,197,85,10,78,25,4,1,2025,5,1,0.0,0.0,12.0,12.0,0,0
2025-01-25,ST03,SKU00299,15,12630.9,842.06,0,2025-01-25,15,12630.9,842.06,0,Sports,23.85,46.08,2025-01-25,4,1,Winter,0,,0,Winter,376,0,9,80,25,4,1,2025,5,1,0.0,0.0,15.0,15.0,0,0
2025-01-25,ST04,SKU00300,20,2011.0,100.55,0,2025-01-25,20,2011.0,100.55,0,Electronics,40.12,57.06,2025-01-25,4,1,Winter,0,,0,Winter,428,55,5,91,25,4,1,2025,5,1,0.0,0.0,20.0,20.0,0,0
2025-01-25,ST04,SKU00301,25,7922.25,316.89,0,2025-01-25,25,7922.25,316.89,0,Health,5.59,9.67,2025-01-25,4,1,Winter,0,,0,Winter,81,29,3,74,25,4,1,2025,5,1,0.0,0.0,25.0,25.0,0,0
2025-01-25,ST05,SKU00302,8,8997.3,299.91,0,2025-01-25,8,8997.3,299.91,0,Food,48.9,76.63,2025-01-25,4,1,Winter,0,,0,Winter,335,15,10,48,25,4,1,2025,5,1,0.0,0.0,8.0,8.0,0,0
2025-01-25,ST05,SKU00303,30,7720.5,257.35,0,2025-01-25,30,7720.5,257.35,0,Sports,23.66,30.01,2025-01-25,4,1,Winter,0,,0,Winter,67,0,5,76,25,4,1,2025,5,1,0.0,0.0,30.0,30.0,0,0
2025-01-25,ST06,SKU00304,12,4538.95,377.93,1,2025-01-25,12,4538.95,377.93,1,Beauty,27.6,46.26,2025-01-25,4,1,Winter,0,,0,Winter,243,91,3,67,25,4,1,2025,5,1,0.0,0.0,12.0,12.0,0,1
2025-01-25,ST06,SKU00305,15,7396.65,493.11,0,2025-01-25,15,7396.65,493.11,0,Food,24.21,44.53,2025-01-25,4,1,Winter,0,,0,Winter,484,62,6,30,25,4,1,2025,5,1,0.0,0.0,15.0,15.0,0,0
2025-01-25,ST07,SKU00306,20,6017.2,300.86,0,2025-01-25,20,6017.2,300.86,0,Electronics,6.64,10.48,2025-01-25,4,1,Winter,0,,0,Winter,313,28,9,32,25,4,1,2025,5,1,0.0,0.0,20.0,20.0,0,0
2025-01-25,ST07,SKU00307,25,5245.5,209.82,0,2025-01-25,25,5245.5,209.82,0,Beauty,31.44,45.12,2025-01-25,4,1,Winter,0,,0,Winter,337,9,12,63,25,4,1,2025,5,1,0.0,0.0,25.0,25.0,0,0
2025-01-25,ST08,SKU00308,8,2730.8,341.35,0,2025-01-25,8,2730.8,341.35,0,Home & Garden,25.4,41.13,2025-01-25,4,1,Winter,0,,0,Winter,429,96,9,84,25,4,1,2025,5,1,0.0,0.0,8.0,8.0,0,0
2025-01-25,ST08,SKU00309,30,47390.75,1579.63,0,2025-01-25,30,47390.75,1579.63,0,Electronics,23.03,37.95,2025-01-25,4,1,Winter,0,,0,Winter,337,49,9,37,25,4,1,2025,5,1,0.0,0.0,30.0,30.0,0,0
2025-01-25,ST09,SKU00310,12,930.24,77.52,0,2025-01-25,12,930.24,77.52,0,Sports,13.19,24.92,2025-01-25,4,1,Winter,0,,0,Winter,370,56,9,96,25,4,1,2025,5,1,0.0,0.0,12.0,12.0,0,0
2025-01-25,ST09,SKU00311,15,34438.2,2295.88,0,2025-01-25,15,34438.2,2295.88,0,Food,38.9,55.15,2025-01-25,4,1,Winter,0,,0,Winter,492,71,8,96,25,4,1,2025,5,1,0.0,0.0,15.0,15.0,0,0
2025-01-25,ST10,SKU00312,20,1231.2,61.56,1,2025-01-25,20,1231.2,61.56,1,Home & Garden,33.98,51.89,2025-01-25,4,1,Winter,0,,0,Winter,100,96,10,63,25,4,1,2025,5,1,0.0,0.0,20.0,20.0,0,1
2025-01-25,ST10,SKU00313,25,21969.0,878.76,0,2025-01-25,25,21969.0,878.76,0,Food,49.05,91.82,2025-01-25,4,1,Winter,0,,0,Winter,340,95,10,61,25,4,1,2025,5,1,0.0,0.0,25.0,25.0,0,0
2025-01-26,ST01,SKU00314,12,5163.72,430.31,0,2025-01-26,12,5163.72,430.31,0,Food,34.65,42.33,2025-01-26,5,1,Winter,0,,0,Winter,169,45,13,45,26,4,1,2025,6,1,0.0,0.0,12.0,12.0,0,0
2025-01-26,ST01,SKU00315,20,3845.4,192.27,0,2025-01-26,20,3845.4,192.27,0,Food,16.42,22.29,2025-01-26,5,1,Winter,0,,0,Winter,214,53,7,43,26,4,1,2025,6,1,0.0,0.0,20.0,20.0,0,0
2025-01-26,ST02,SKU00316,8,6315.0,789.38,1,2025-01-26,8,6315.0,789.38,1,Beauty,9.68,17.82,2025-01-26,5,1,Winter,0,,0,Winter,272,54,4,36,26,4,1,2025,6,1,0.0,0.0,8.0,8.0,0,1
2025-01-26,ST02,SKU00317,25,7246.25,289.85,0,2025-01-26,25,7246.25,289.85,0,Home & Garden,44.94,73.94,2025-01-26,5,1,Winter,0,,0,Winter,379,6,3,52,26,4,1,2025,6,1,0.0,0.0,25.0,25.0,0,0
2025-01-26,ST03,SKU00318,15,11033.05,735.54,0,2025-01-26,15,11033.05,735.54,0,Beauty,9.47,13.21,2025-01-26,5,1,Winter,0,,0,Winter,134,18,5,65,26,4,1,2025,6,1,0.0,0.0,15.0,15.0,0,0
2025-01-26,ST03,SKU00319,30,2201.1,73.37,0,2025-01-26,30,2201.1,73.37,0,Beauty,41.31,81.38,2025-01-26,5,1,Winter,0,,0,Winter,334,59,4,31,26,4,1,2025,6,1,0.0,0.0,30.0,30.0,0,0
2025-01-26,ST04,SKU00320,12,8839.92,736.66,0,2025-01-26,12,8839.92,736.66,0,Sports,35.06,47.83,2025-01-26,5,1,Winter,0,,0,Winter,434,46,7,49,26,4,1,2025,6,1,0.0,0.0,12.0,12.0,0,0
2025-01-26,ST04,SKU00321,20,3589.88,179.49,0,2025-01-26,20,3589.88,179.49,0,Food,45.34,54.87,2025-01-26,5,1,Winter,0,,0,Winter,60,1,5,41,26,4,1,2025,6,1,0.0,0.0,20.0,20.0,0,0
2025-01-26,ST05,SKU00322,25,7174.75,286.99,0,2025-01-26,25,7174.75,286.99,0,Food,38.12,71.6,2025-01-26,5,1,Winter,0,,0,Winter,69,4,7,67,26,4,1,2025,6,1,0.0,0.0,25.0,25.0,0,0
2025-01-26,ST05,SKU00323,8,3249.84,406.23,0,2025-01-26,8,3249.84,406.23,0,Home & Garden,31.24,48.02,2025-01-26,5,1,Winter,0,,0,Winter,305,93,11,82,26,4,1,2025,6,1,0.0,0.0,8.0,8.0,0,0
2025-01-26,ST06,SKU00324,30,8086.1,269.54,1,2025-01-26,30,8086.1,269.54,1,Clothing,45.98,78.15,2025-01-26,5,1,Winter,0,,0,Winter,477,98,6,53,26,4,1,2025,6,1,0.0,0.0,30.0,30.0,0,1
2025-01-26,ST06,SKU00325,12,1894.5,157.88,0,2025-01-26,12,1894.5,157.88,0,Health,42.13,62.79,2025-01-26,5,1,Winter,0,,0,Winter,130,73,10,88,26,4,1,2025,6,1,0.0,0.0,12.0,12.0,0,0
2025-01-26,ST07,SKU00326,15,6315.0,421.0,0,2025-01-26,15,6315.0,421.0,0,Food,17.06,29.0,2025-01-26,5,1,Winter,0,,0,Winter,264,95,3,43,26,4,1,2025,6,1,0.0,0.0,15.0,15.0,0,0
2025-01-26,ST07,SKU00327,20,2682.58,134.13,0,2025-01-26,20,2682.58,134.13,0,Toys,39.82,59.34,2025-01-26,5,1,Winter,0,,0,Winter,58,39,4,54,26,4,1,2025,6,1,0.0,0.0,20.0,20.0,0,0
2025-01-26,ST08,SKU00328,25,3412.95,136.52,0,2025-01-26,25,3412.95,136.52,0,Books,18.25,35.75,2025-01-26,5,1,Winter,0,,0,Winter,408,72,8,51,26,4,1,2025,6,1,0.0,0.0,25.0,25.0,0,0
2025-01-26,ST08,SKU00329,8,376.07,47.01,0,2025-01-26,8,376.07,47.01,0,Toys,40.09,51.77,2025-01-26,5,1,Winter,0,,0,Winter,284,3,12,87,26,4,1,2025,6,1,0.0,0.0,8.0,8.0,0,0
2025-01-26,ST09,SKU00330,30,4025.8,134.19,0,2025-01-26,30,4025.8,134.19,0,Beauty,49.34,77.8,2025-01-26,5,1,Winter,0,,0,Winter,78,97,9,66,26,4,1,2025,6,1,0.0,0.0,30.0,30.0,0,0
2025-01-26,ST09,SKU00331,12,4504.35,375.36,0,2025-01-26,12,4504.35,375.36,0,Electronics,26.82,43.17,2025-01-26,5,1,Winter,0,,0,Winter,124,69,4,71,26,4,1,2025,6,1,0.0,0.0,12.0,12.0,0,0
2025-01-26,ST10,SKU00332,15,4472.55,298.17,0,2025-01-26,15,4472.55,298.17,0,Automotive,29.37,50.13,2025-01-26,5,1,Winter,0,,0,Winter,405,40,8,63,26,4,1,2025,6,1,0.0,0.0,15.0,15.0,0,0
2025-01-27,ST01,SKU00333,20,33401.0,1670.05,0,2025-01-27,20,33401.0,1670.05,0,Food,14.81,25.42,2025-01-27,5,1,Winter,0,,0,Winter,66,36,11,56,27,5,1,2025,0,0,0.0,0.0,20.0,20.0,0,0
2025-01-27,ST01,SKU00334,25,61.52,2.46,1,2025-01-27,25,61.52,2.46,1,Sports,10.95,21.03,2025-01-27,5,1,Winter,0,,0,Winter,362,30,8,69,27,5,1,2025,0,0,0.0,0.0,25.0,25.0,0,1
2025-01-27,ST02,SKU00335,8,1477.45,184.68,0,2025-01-27,8,1477.45,184.68,0,Clothing,17.25,20.96,2025-01-27,5,1,Winter,0,,0,Winter,147,11,11,82,27,5,1,2025,0,0,0.0,0.0,8.0,8.0,0,0
2025-01-27,ST02,SKU00336,30,8049.3,268.31,0,2025-01-27,30,8049.3,268.31,0,Clothing,28.83,53.4,2025-01-27,5,1,Winter,0,,0,Winter,443,44,3,55,27,5,1,2025,0,0,0.0,0.0,30.0,30.0,0,0
2025-01-27,ST03,SKU00337,12,1128.24,94.02,0,2025-01-27,12,1128.24,94.02,0,Automotive,17.33,28.48,2025-01-27,5,1,Winter,0,,0,Winter,239,45,4,83,27,5,1,2025,0,0,0.0,0.0,12.0,12.0,0,0
2025-01-27,ST03,SKU00338,15,3760.7,250.71,0,2025-01-27,15,3760.7,250.71,0,Automotive,27.39,48.64,2025-01-27,5,1,Winter,0,,0,Winter,412,64,5,82,27,5,1,2025,0,0,0.0,0.0,15.0,15.0,0,0
2025-01-27,ST04,SKU00339,20,741.21,37.06,0,2025-01-27,20,741.21,37.06,0,Books,5.49,7.2,2025-01-27,5,1,Winter,0,,0,Winter,341,25,7,40,27,5,1,2025,0,0,0.0,0.0,20.0,20.0,0,0
2025-01-27,ST04,SKU00340,25,1884.44,75.38,0,2025-01-27,25,1884.44,75.38,0,Automotive,16.99,30.34,2025-01-27,5,1,Winter,0,,0,Winter,345,10,6,88,27,5,1,2025,0,0,0.0,0.0,25.0,25.0,0,0
2025-01-27,ST05,SKU00341,8,4377.83,547.23,0,2025-01-27,8,4377.83,547.23,0,Clothing,32.02,55.47,2025-01-27,5,1,Winter,0,,0,Winter,344,98,8,84,27,5,1,2025,0,0,0.0,0.0,8.0,8.0,0,0
2025-01-27,ST05,SKU00342,30,10855.2,361.84,1,2025-01-27,30,10855.2,361.84,1,Food,30.8,57.61,2025-01-27,5,1,Winter,0,,0,Winter,160,23,8,51,27,5,1,2025,0,0,0.0,0.0,30.0,30.0,0,1
2025-01-27,ST06,SKU00343,12,2760.52,230.04,0,2025-01-27,12,2760.52,230.04,0,Books,22.24,35.92,2025-01-27,5,1,Winter,0,,0,Winter,118,55,3,65,27,5,1,2025,0,0,0.0,0.0,12.0,12.0,0,0
2025-01-27,ST06,SKU00344,15,25936.75,1729.12,0,2025-01-27,15,25936.75,1729.12,0,Clothing,12.48,22.35,2025-01-27,5,1,Winter,0,,0,Winter,288,19,5,91,27,5,1,2025,0,0,0.0,0.0,15.0,15.0,0,0
2025-01-27,ST07,SKU00345,20,2300.8,115.04,0,2025-01-27,20,2300.8,115.04,0,Home & Garden,9.07,16.47,2025-01-27,5,1,Winter,0,,0,Winter,414,97,11,55,27,5,1,2025,0,0,0.0,0.0,20.0,20.0,0,0
2025-01-27,ST07,SKU00346,25,1350.03,54.0,0,2025-01-27,25,1350.03,54.0,0,Books,42.67,66.13,2025-01-27,5,1,Winter,0,,0,Winter,499,72,11,69,27,5,1,2025,0,0,0.0,0.0,25.0,25.0,0,0
2025-01-27,ST08,SKU00347,8,778.79,97.35,0,2025-01-27,8,778.79,97.35,0,Sports,37.36,53.71,2025-01-27,5,1,Winter,0,,0,Winter,66,0,11,90,27,5,1,2025,0,0,0.0,0.0,8.0,8.0,0,0
2025-01-27,ST08,SKU00348,30,5648.7,188.29,0,2025-01-27,30,5648.7,188.29,0,Home & Garden,47.72,72.4,2025-01-27,5,1,Winter,0,,0,Winter,476,41,11,68,27,5,1,2025,0,0,0.0,0.0,30.0,30.0,0,0
2025-01-27,ST09,SKU00349,12,1557.01,129.75,0,2025-01-27,12,1557.01,129.75,0,Beauty,47.16,84.23,2025-01-27,5,1,Winter,0,,0,Winter,340,2,4,73,27,5,1,2025,0,0,0.0,0.0,12.0,12.0,0,0
2025-01-27,ST09,SKU00350,15,1081.09,72.07,0,2025-01-27,15,1081.09,72.07,0,Electronics,17.15,27.98,2025-01-27,5,1,Winter,0,,0,Winter,484,93,8,41,27,5,1,2025,0,0,0.0,0.0,15.0,15.0,0,0
2025-01-27,ST10,SKU00351,20,1000.76,50.04,0,2025-01-27,20,1000.76,50.04,0,Home & Garden,31.78,39.44,2025-01-27,5,1,Winter,0,,0,Winter,324,43,13,78,27,5,1,2025,0,0,0.0,0.0,20.0,20.0,0,0
2025-01-27,ST10,SKU00352,25,5223.6,208.94,0,2025-01-27,25,5223.6,208.94,0,Clothing,33.05,52.2,2025-01-27,5,1,Winter,0,,0,Winter,494,16,12,86,27,5,1,2025,0,0,0.0,0.0,25.0,25.0,0,0
2025-01-28,ST01,SKU00353,30,69.57,2.32,0,2025-01-28,30,69.57,2.32,0,Automotive,8.38,14.94,2025-01-28,5,1,Winter,0,,0,Winter,360,46,10,37,28,5,1,2025,1,0,0.0,0.0,30.0,30.0,0,0
2025-01-28,ST01,SKU00354,12,11087.4,923.95,1,2025-01-28,12,11087.4,923.95,1,Automotive,36.72,61.64,2025-01-28,5,1,Winter,0,,0,Winter,198,80,9,99,28,5,1,2025,1,0,0.0,0.0,12.0,12.0,0,1
2025-01-28,ST02,SKU00355,15,1139.65,75.98,0,2025-01-28,15,1139.65,75.98,0,Automotive,16.09,29.85,2025-01-28,5,1,Winter,0,,0,Winter,249,24,4,41,28,5,1,2025,1,0,0.0,0.0,15.0,15.0,0,0
2025-01-28,ST02,SKU00356,20,3351.0,167.55,0,2025-01-28,20,3351.0,167.55,0,Books,5.11,10.08,2025-01-28,5,1,Winter,0,,0,Winter,192,58,12,55,28,5,1,2025,1,0,0.0,0.0,20.0,20.0,0,0
2025-01-28,ST03,SKU00357,25,10167.75,406.71,0,2025-01-28,25,10167.75,406.71,0,Toys,31.56,46.99,2025-01-28,5,1,Winter,0,,0,Winter,96,31,12,45,28,5,1,2025,1,0,0.0,0.0,25.0,25.0,0,0
2025-01-28,ST03,SKU00358,8,395.07,49.38,0,2025-01-28,8,395.07,49.38,0,Electronics,11.16,21.87,2025-01-28,5,1,Winter,0,,0,Winter,248,16,9,55,28,5,1,2025,1,0,0.0,0.0,8.0,8.0,0,0
2025-01-28,ST04,SKU00359,30,165.98,5.53,0,2025-01-28,30,165.98,5.53,0,Food,28.46,36.12,2025-01-28,5,1,Winter,0,,0,Winter,135,6,7,36,28,5,1,2025,1,0,0.0,0.0,30.0,30.0,0,0
2025-01-28,ST04,SKU00360,12,210.99,17.58,0,2025-01-28,12,210.99,17.58,0,Beauty,39.13,66.95,2025-01-28,5,1,Winter,0,,0,Winter,186,47,10,88,28,5,1,2025,1,0,0.0,0.0,12.0,12.0,0,0
2025-01-28,ST05,SKU00361,15,150.12,10.01,0,2025-01-28,15,150.12,10.01,0,Electronics,34.65,60.76,2025-01-28,5,1,Winter,0,,0,Winter,264,92,4,68,28,5,1,2025,1,0,0.0,0.0,15.0,15.0,0,0
2025-01-28,ST05,SKU00362,20,1778.33,88.92,0,2025-01-28,20,1778.33,88.92,0,Toys,49.13,94.45,2025-01-28,5,1,Winter,0,,0,Winter,451,58,12,46,28,5,1,2025,1,0,0.0,0.0,20.0,20.0,0,0
2025-01-28,ST06,SKU00363,25,1103.75,44.15,1,2025-01-28,25,1103.75,44.15,1,Health,7.32,12.71,2025-01-28,5,1,Winter,0,,0,Winter,63,30,10,89,28,5,1,2025,1,0,0.0,0.0,25.0,25.0,0,1
2025-01-28,ST06,SKU00364,8,1769.39,220.67,0,2025-01-28,8,1769.39,220.67,0,Health,31.47,62.93,2025-01-28,5,1,Winter,0,,0,Winter,350,97,5,66,28,5,1,2025,1,0,0.0,0.0,8.0,8.0,0,0
2025-01-28,ST07,SKU00365,30,2618.33,87.28,0,2025-01-28,30,2618.33,87.28,0,Health,30.56,59.05,2025-01-28,5,1,Winter,0,,0,Winter,220,39,12,84,28,5,1,2025,1,0,0.0,0.0,30.0,30.0,0,0
2025-01-28,ST07,SKU00366,12,78.0,6.5,0,2025-01-28,12,78.0,6.5,0,Books,37.9,51.31,2025-01-28,5,1,Winter,0,,0,Winter,413,38,10,33,28,5,1,2025,1,0,0.0,0.0,12.0,12.0,0,0
2025-01-28,ST08,SKU00367,15,197.31,13.15,0,2025-01-28,15,197.31,13.15,0,Beauty,48.7,95.22,2025-01-28,5,1,Winter,0,,0,Winter,398,85,11,42,28,5,1,2025,1,0,0.0,0.0,15.0,15.0,0,0
2025-01-28,ST08,SKU00368,20,1853.07,92.65,0,2025-01-28,20,1853.07,92.65,0,Clothing,38.53,47.93,2025-01-28,5,1,Winter,0,,0,Winter,259,32,12,95,28,5,1,2025,1,0,0.0,0.0,20.0,20.0,0,0
2025-01-28,ST09,SKU00369,25,368.93,14.76,0,2025-01-28,25,368.93,14.76,0,Home & Garden,19.36,36.07,2025-01-28,5,1,Winter,0,,0,Winter,360,98,12,63,28,5,1,2025,1,0,0.0,0.0,25.0,25.0,0,0
2025-01-28,ST09,SKU00370,8,680.89,85.11,0,2025-01-28,8,680.89,85.11,0,Electronics,34.26,51.1,2025-01-28,5,1,Winter,0,,0,Winter,463,12,4,61,28,5,1,2025,1,0,0.0,0.0,8.0,8.0,0,0
2025-01-28,ST10,SKU00371,30,515.75,17.19,0,2025-01-28,30,515.75,17.19,0,Clothing,44.82,72.81,2025-01-28,5,1,Winter,0,,0,Winter,145,98,13,68,28,5,1,2025,1,0,0.0,0.0,30.0,30.0,0,0
2025-01-28,ST10,SKU00372,12,44.47,3.71,0,2025-01-28,12,44.47,3.71,0,Health,37.61,47.1,2025-01-28,5,1,Winter,0,,0,Winter,351,28,3,91,28,5,1,2025,1,0,0.0,0.0,12.0,12.0,0,0
2025-01-29,ST01,SKU00373,15,84.32,5.62,0,2025-01-29,15,84.32,5.62,0,Beauty,29.28,53.65,2025-01-29,5,1,Winter,0,,0,Winter,294,56,10,39,29,5,1,2025,2,0,0.0,0.0,15.0,15.0,0,0
2025-01-29,ST01,SKU00374,20,1189.97,59.49,1,2025-01-29,20,1189.97,59.49,1,Automotive,38.2,61.74,2025-01-29,5,1,Winter,0,,0,Winter,463,24,9,34,29,5,1,2025,2,0,0.0,0.0,20.0,20.0,0,1
2025-01-29,ST02,SKU00375,25,115.0,4.6,0,2025-01-29,25,115.0,4.6,0,Health,44.45,68.19,2025-01-29,5,1,Winter,0,,0,Winter,114,93,3,32,29,5,1,2025,2,0,0.0,0.0,25.0,25.0,0,0
2025-01-29,ST02,SKU00376,8,207.45,25.93,0,2025-01-29,8,207.45,25.93,0,Home & Garden,44.15,53.74,2025-01-29,5,1,Winter,0,,0,Winter,478,13,10,59,29,5,1,2025,2,0,0.0,0.0,8.0,8.0,0,0
2025-01-29,ST03,SKU00377,30,209.39,6.98,0,2025-01-29,30,209.39,6.98,0,Food,13.35,20.12,2025-01-29,5,1,Winter,0,,0,Winter,373,17,7,54,29,5,1,2025,2,0,0.0,0.0,30.0,30.0,0,0
2025-01-29,ST03,SKU00378,12,224.48,18.71,0,2025-01-29,12,224.48,18.71,0,Home & Garden,8.15,9.84,2025-01-29,5,1,Winter,0,,0,Winter,481,64,7,44,29,5,1,2025,2,0,0.0,0.0,12.0,12.0,0,0
2025-01-29,ST04,SKU00379,15,1000.76,66.72,0,2025-01-29,15,1000.76,66.72,0,Electronics,23.09,36.57,2025-01-29,5,1,Winter,0,,0,Winter,354,87,6,41,29,5,1,2025,2,0,0.0,0.0,15.0,15.0,0,0
2025-01-29,ST04,SKU00380,20,293.11,14.66,0,2025-01-29,20,293.11,14.66,0,Automotive,31.13,44.13,2025-01-29,5,1,Winter,0,,0,Winter,236,36,7,72,29,5,1,2025,2,0,0.0,0.0,20.0,20.0,0,0
2025-01-29,ST05,SKU00381,25,879.76,35.19,0,2025-01-29,25,879.76,35.19,0,Automotive,39.57,60.71,2025-01-29,5,1,Winter,0,,0,Winter,429,69,9,85,29,5,1,2025,2,0,0.0,0.0,25.0,25.0,0,0
2025-01-29,ST05,SKU00382,8,308.55,38.57,0,2025-01-29,8,308.55,38.57,0,Food,28.51,50.92,2025-01-29,5,1,Winter,0,,0,Winter,368,45,10,40,29,5,1,2025,2,0,0.0,0.0,8.0,8.0,0,0
2025-01-29,ST06,SKU00383,30,104.56,3.49,1,2025-01-29,30,104.56,3.49,1,Electronics,9.97,14.79,2025-01-29,5,1,Winter,0,,0,Winter,111,76,4,54,29,5,1,2025,2,0,0.0,0.0,30.0,30.0,0,1
2025-01-29,ST06,SKU00384,12,190.85,15.9,0,2025-01-29,12,190.85,15.9,0,Clothing,18.33,25.43,2025-01-29,5,1,Winter,0,,0,Winter,248,51,6,88,29,5,1,2025,2,0,0.0,0.0,12.0,12.0,0,0
2025-01-29,ST07,SKU00385,15,306.25,20.42,0,2025-01-29,15,306.25,20.42,0,Automotive,17.48,33.7,2025-01-29,5,1,Winter,0,,0,Winter,121,19,8,86,29,5,1,2025,2,0,0.0,0.0,15.0,15.0,0,0
2025-01-29,ST07,SKU00386,20,215.32,10.77,0,2025-01-29,20,215.32,10.77,0,Automotive,9.93,15.02,2025-01-29,5,1,Winter,0,,0,Winter,267,40,3,32,29,5,1,2025,2,0,0.0,0.0,20.0,20.0,0,0
2025-01-29,ST08,SKU00387,25,632.96,25.32,0,2025-01-29,25,632.96,25.32,0,Sports,14.82,29.05,2025-01-29,5,1,Winter,0,,0,Winter,425,5,7,34,29,5,1,2025,2,0,0.0,0.0,25.0,25.0,0,0
2025-01-29,ST08,SKU00388,8,63.62,7.95,0,2025-01-29,8,63.62,7.95,0,Books,9.02,13.84,2025-01-29,5,1,Winter,0,,0,Winter,103,46,9,78,29,5,1,2025,2,0,0.0,0.0,8.0,8.0,0,0
2025-01-29,ST09,SKU00389,30,644.49,21.48,0,2025-01-29,30,644.49,21.48,0,Beauty,44.79,75.27,2025-01-29,5,1,Winter,0,,0,Winter,58,98,6,90,29,5,1,2025,2,0,0.0,0.0,30.0,30.0,0,0
2025-01-29,ST09,SKU00390,12,437.62,36.47,0,2025-01-29,12,437.62,36.47,0,Clothing,12.52,24.94,2025-01-29,5,1,Winter,0,,0,Winter,428,34,4,91,29,5,1,2025,2,0,0.0,0.0,12.0,12.0,0,0
2025-01-29,ST10,SKU00391,15,1207.83,80.52,0,2025-01-29,15,1207.83,80.52,0,Beauty,47.42,81.55,2025-01-29,5,1,Winter,0,,0,Winter,194,87,5,61,29,5,1,2025,2,0,0.0,0.0,15.0,15.0,0,0
2025-01-29,ST10,SKU00392,20,495.32,24.77,0,2025-01-29,20,495.32,24.77,0,Books,42.38,54.93,2025-01-29,5,1,Winter,0,,0,Winter,276,12,10,97,29,5,1,2025,2,0,0.0,0.0,20.0,20.0,0,0
2025-01-30,ST01,SKU00393,25,88.75,3.55,0,2025-01-30,25,88.75,3.55,0,Clothing,22.28,27.4,2025-01-30,5,1,Winter,0,,0,Winter,447,97,13,85,30,5,1,2025,3,0,0.0,0.0,25.0,25.0,0,0
2025-01-30,ST01,SKU00394,8,102.95,12.87,1,2025-01-30,8,102.95,12.87,1,Health,40.08,59.32,2025-01-30,5,1,Winter,0,,0,Winter,372,91,11,96,30,5,1,2025,3,0,0.0,0.0,8.0,8.0,0,1
2025-01-30,ST02,SKU00395,30,1103.12,36.77,0,2025-01-30,30,1103.12,36.77,0,Books,33.34,45.78,2025-01-30,5,1,Winter,0,,0,Winter,458,97,12,38,30,5,1,2025,3,0,0.0,0.0,30.0,30.0,0,0
2025-01-30,ST02,SKU00396,12,394.96,32.91,0,2025-01-30,12,394.96,32.91,0,Automotive,46.75,93.31,2025-01-30,5,1,Winter,0,,0,Winter,89,24,7,40,30,5,1,2025,3,0,0.0,0.0,12.0,12.0,0,0
2025-01-30,ST03,SKU00397,15,120.96,8.06,0,2025-01-30,15,120.96,8.06,0,Health,28.19,44.9,2025-01-30,5,1,Winter,0,,0,Winter,492,97,10,67,30,5,1,2025,3,0,0.0,0.0,15.0,15.0,0,0
2025-01-30,ST03,SKU00398,20,5223.6,261.18,0,2025-01-30,20,5223.6,261.18,0,Electronics,11.93,22.09,2025-01-30,5,1,Winter,0,,0,Winter,377,4,12,47,30,5,1,2025,3,0,0.0,0.0,20.0,20.0,0,0
2025-01-30,ST04,SKU00399,25,4993.6,199.74,0,2025-01-30,25,4993.6,199.74,0,Toys,33.03,59.4,2025-01-30,5,1,Winter,0,,0,Winter,86,59,7,69,30,5,1,2025,3,0,0.0,0.0,25.0,25.0,0,0
2025-01-30,ST04,SKU00400,8,1799.17,224.9,0,2025-01-30,8,1799.17,224.9,0,Automotive,31.68,52.72,2025-01-30,5,1,Winter,0,,0,Winter,350,95,5,87,30,5,1,2025,3,0,0.0,0.0,8.0,8.0,0,0
2025-01-30,ST05,SKU00401,30,1129.62,37.65,0,2025-01-30,30,1129.62,37.65,0,Clothing,25.58,38.71,2025-01-30,5,1,Winter,0,,0,Winter,372,55,10,69,30,5,1,2025,3,0,0.0,0.0,30.0,30.0,0,0
2025-01-30,ST05,SKU00402,12,723.68,60.31,0,2025-01-30,12,723.68,60.31,0,Automotive,7.0,13.17,2025-01-30,5,1,Winter,0,,0,Winter,396,76,3,35,30,5,1,2025,3,0,0.0,0.0,12.0,12.0,0,0
2025-01-30,ST06,SKU00403,15,878.1,58.54,1,2025-01-30,15,878.1,58.54,1,Health,41.43,71.43,2025-01-30,5,1,Winter,0,,0,Winter,265,18,10,88,30,5,1,2025,3,0,0.0,0.0,15.0,15.0,0,1
2025-01-30,ST06,SKU00404,20,230.08,11.5,0,2025-01-30,20,230.08,11.5,0,Books,38.08,54.27,2025-01-30,5,1,Winter,0,,0,Winter,108,47,11,42,30,5,1,2025,3,0,0.0,0.0,20.0,20.0,0,0
2025-01-30,ST07,SKU00405,25,125.94,5.04,0,2025-01-30,25,125.94,5.04,0,Toys,16.69,29.69,2025-01-30,5,1,Winter,0,,0,Winter,412,44,11,82,30,5,1,2025,3,0,0.0,0.0,25.0,25.0,0,0
2025-01-30,ST07,SKU00406,8,373.11,46.64,0,2025-01-30,8,373.11,46.64,0,Health,28.97,57.06,2025-01-30,5,1,Winter,0,,0,Winter,219,99,13,67,30,5,1,2025,3,0,0.0,0.0,8.0,8.0,0,0
2025-01-30,ST08,SKU00407,30,2769.83,92.33,0,2025-01-30,30,2769.83,92.33,0,Books,49.62,61.98,2025-01-30,5,1,Winter,0,,0,Winter,237,6,7,74,30,5,1,2025,3,0,0.0,0.0,30.0,30.0,0,0
2025-01-30,ST08,SKU00408,12,1499.98,124.17,0,2025-01-30,12,1499.98,124.17,0,Home & Garden,42.11,62.25,2025-01-30,5,1,Winter,0,,0,Winter,363,30,9,71,30,5,1,2025,3,0,0.0,0.0,12.0,12.0,0,0
2025-01-30,ST09,SKU00409,15,1557.01,103.8,0,2025-01-30,15,1557.01,103.8,0,Clothing,29.47,55.75,2025-01-30,5,1,Winter,0,,0,Winter,443,31,13,82,30,5,1,2025,3,0,0.0,0.0,15.0,15.0,0,0
2025-01-30,ST09,SKU00410,20,1081.09,54.05,0,2025-01-30,20,1081.09,54.05,0,Electronics,44.54,81.86,2025-01-30,5,1,Winter,0,,0,Winter,207,38,4,31,30,5,1,2025,3,0,0.0,0.0,20.0,20.0,0,0
2025-01-30,ST10,SKU00411,25,239.07,9.56,0,2025-01-30,25,239.07,9.56,0,Beauty,16.04,21.26,2025-01-30,5,1,Winter,0,,0,Winter,255,76,9,95,30,5,1,2025,3,0,0.0,0.0,25.0,25.0,0,0
2025-01-30,ST10,SKU00412,8,627.15,78.39,0,2025-01-30,8,627.15,78.39,0,Automotive,20.03,27.86,2025-01-30,5,1,Winter,0,,0,Winter,273,12,13,46,30,5,1,2025,3,0,0.0,0.0,8.0,8.0,0,0
2025-01-31,ST01,SKU00413,30,173.64,5.79,0,2025-01-31,30,173.64,5.79,0,Books,35.61,60.35,2025-01-31,5,1,Winter,0,,0,Winter,409,94,4,89,31,5,1,2025,4,0,0.0,0.0,30.0,30.0,0,0
2025-01-31,ST01,SKU00414,12,47.09,3.92,1,2025-01-31,12,47.09,3.92,1,Toys,13.51,25.75,2025-01-31,5,1,Winter,0,,0,Winter,497,87,5,99,31,5,1,2025,4,0,0.0,0.0,12.0,12.0,0,1
2025-01-31,ST02,SKU00415,15,1769.39,117.96,0,2025-01-31,15,1769.39,117.96,0,Health,25.95,49.38,2025-01-31,5,1,Winter,0,,0,Winter,463,70,12,92,31,5,1,2025,4,0,0.0,0.0,15.0,15.0,0,0
2025-01-31,ST02,SKU00416,20,75.12,3.76,0,2025-01-31,20,75.12,3.76,0,Health,10.8,15.85,2025-01-31,5,1,Winter,0,,0,Winter,461,59,7,51,31,5,1,2025,4,0,0.0,0.0,20.0,20.0,0,0
2025-01-31,ST03,SKU00417,25,40.43,1.62,0,2025-01-31,25,40.43,1.62,0,Food,12.23,22.69,2025-01-31,5,1,Winter,0,,0,Winter,245,19,6,97,31,5,1,2025,4,0,0.0,0.0,25.0,25.0,0,0
2025-01-31,ST03,SKU00418,8,55.14,6.89,0,2025-01-31,8,55.14,6.89,0,Food,13.69,17.35,2025-01-31,5,1,Winter,0,,0,Winter,268,63,3,41,31,5,1,2025,4,0,0.0,0.0,8.0,8.0,0,0
2025-01-31,ST04,SKU00419,30,509.64,16.99,0,2025-01-31,30,509.64,16.99,0,Electronics,30.19,39.03,2025-01-31,5,1,Winter,0,,0,Winter,455,16,12,94,31,5,1,2025,4,0,0.0,0.0,30.0,30.0,0,0
2025-01-31,ST04,SKU00420,12,438.73,36.56,0,2025-01-31,12,438.73,36.56,0,Clothing,33.53,54.72,2025-01-31,5,1,Winter,0,,0,Winter,71,89,10,79,31,5,1,2025,4,0,0.0,0.0,12.0,12.0,0,0
2025-01-31,ST05,SKU00421,15,52.21,3.48,0,2025-01-31,15,52.21,3.48,0,Home & Garden,10.78,15.38,2025-01-31,5,1,Winter,0,,0,Winter,319,63,6,81,31,5,1,2025,4,0,0.0,0.0,15.0,15.0,0,0
2025-01-31,ST05,SKU00422,20,276.63,13.83,0,2025-01-31,20,276.63,13.83,0,Food,29.36,57.84,2025-01-31,5,1,Winter,0,,0,Winter,430,75,9,58,31,5,1,2025,4,0,0.0,0.0,20.0,20.0,0,0
2025-01-31,ST06,SKU00423,25,109.08,4.36,1,2025-01-31,25,109.08,4.36,1,Books,9.61,18.74,2025-01-31,5,1,Winter,0,,0,Winter,444,32,8,61,31,5,1,2025,4,0,0.0,0.0,25.0,25.0,0,1
2025-01-31,ST06,SKU00424,8,389.99,48.75,0,2025-01-31,8,389.99,48.75,0,Sports,8.05,11.6,2025-01-31,5,1,Winter,0,,0,Winter,484,74,12,55,31,5,1,2025,4,0,0.0,0.0,8.0,8.0,0,0
2025-01-31,ST07,SKU00425,30,209.07,6.97,0,2025-01-31,30,209.07,6.97,0,Electronics,39.69,70.13,2025-01-31,5,1,Winter,0,,0,Winter,479,97,6,42,31,5,1,2025,4,0,0.0,0.0,30.0,30.0,0,0
2025-01-31,ST07,SKU00426,12,605.61,50.47,0,2025-01-31,12,605.61,50.47,0,Toys,20.56,34.89,2025-01-31,5,1,Winter,0,,0,Winter,88,14,9,58,31,5,1,2025,4,0,0.0,0.0,12.0,12.0,0,0
2025-01-31,ST08,SKU00427,15,290.82,19.39,0,2025-01-31,15,290.82,19.39,0,Clothing,44.22,87.5,2025-01-31,5,1,Winter,0,,0,Winter,206,74,6,61,31,5,1,2025,4,0,0.0,0.0,15.0,15.0,0,0
2025-01-31,ST08,SKU00428,20,754.79,37.74,0,2025-01-31,20,754.79,37.74,0,Sports,34.14,57.2,2025-01-31,5,1,Winter,0,,0,Winter,179,46,6,51,31,5,1,2025,4,0,0.0,0.0,20.0,20.0,0,0
2025-01-31,ST09,SKU00429,25,582.88,23.32,0,2025-01-31,25,582.88,23.32,0,Food,7.95,14.77,2025-01-31,5,1,Winter,0,,0,Winter,76,66,3,85,31,5,1,2025,4,0,0.0,0.0,25.0,25.0,0,0
2025-01-31,ST09,SKU00430,8,146.59,18.32,0,2025-01-31,8,146.59,18.32,0,Home & Garden,16.36,19.65,2025-01-31,5,1,Winter,0,,0,Winter,141,92,7,76,31,5,1,2025,4,0,0.0,0.0,8.0,8.0,0,0
2025-01-31,ST10,SKU00431,30,123.61,4.12,0,2025-01-31,30,123.61,4.12,0,Clothing,17.31,34.59,2025-01-31,5,1,Winter,0,,0,Winter,406,58,6,35,31,5,1,2025,4,0,0.0,0.0,30.0,30.0,0,0
2025-01-31,ST10,SKU00432,12,1977.65,164.8,0,2025-01-31,12,1977.65,164.8,0,Electronics,9.6,18.08,2025-01-31,5,1,Winter,0,,0,Winter,196,56,7,32,31,5,1,2025,4,0,0.0,0.0,12.0,12.0,0,0
2025-02-01,ST01,SKU00433,15,147.9,9.86,0,2025-02-01,15,147.9,9.86,0,Food,42.17,60.66,2025-02-01,5,2,Winter,0,,0,Winter,306,57,8,44,1,5,2,2025,5,1,0.0,0.0,15.0,15.0,0,0
2025-02-01,ST01,SKU00434,20,206.78,10.34,1,2025-02-01,20,206.78,10.34,1,Clothing,39.78,55.05,2025-02-01,5,2,Winter,0,,0,Winter,211,60,5,93,1,5,2,2025,5,1,0.0,0.0,20.0,20.0,0,1
2025-02-01,ST02,SKU00435,25,384.45,15.38,0,2025-02-01,25,384.45,15.38,0,Home & Garden,47.79,63.12,2025-02-01,5,2,Winter,0,,0,Winter,330,23,4,44,1,5,2,2025,5,1,0.0,0.0,25.0,25.0,0,0
2025-02-01,ST02,SKU00436,8,605.61,75.7,0,2025-02-01,8,605.61,75.7,0,Books,45.93,86.62,2025-02-01,5,2,Winter,0,,0,Winter,257,26,10,89,1,5,2,2025,5,1,0.0,0.0,8.0,8.0,0,0
2025-02-01,ST03,SKU00437,30,146.23,4.87,0,2025-02-01,30,146.23,4.87,0,Sports,22.89,32.49,2025-02-01,5,2,Winter,0,,0,Winter,479,88,3,82,1,5,2,2025,5,1,0.0,0.0,30.0,30.0,0,0
2025-02-01,ST03,SKU00438,12,90.72,7.56,0,2025-02-01,12,90.72,7.56,0,Home & Garden,19.04,27.73,2025-02-01,5,2,Winter,0,,0,Winter,57,78,13,75,1,5,2,2025,5,1,0.0,0.0,12.0,12.0,0,0
2025-02-01,ST04,SKU00439,15,786.51,52.43,0,2025-02-01,15,786.51,52.43,0,Toys,15.35,21.03,2025-02-01,5,2,Winter,0,,0,Winter,99,70,5,93,1,5,2,2025,5,1,0.0,0.0,15.0,15.0,0,0
2025-02-01,ST04,SKU00440,20,398.41,19.92,0,2025-02-01,20,398.41,19.92,0,Electronics,34.33,51.31,2025-02-01,5,2,Winter,0,,0,Winter,477,52,10,89,1,5,2,2025,5,1,0.0,0.0,20.0,20.0,0,0
2025-02-01,ST05,SKU00441,25,2730.45,109.22,0,2025-02-01,25,2730.45,109.22,0,Beauty,12.17,16.58,2025-02-01,5,2,Winter,0,,0,Winter,427,2,6,75,1,5,2,2025,5,1,0.0,0.0,25.0,25.0,0,0
2025-02-01,ST05,SKU00442,8,1105.86,138.23,0,2025-02-01,8,1105.86,138.23,0,Books,11.91,18.62,2025-02-01,5,2,Winter,0,,0,Winter,64,24,9,46,1,5,2,2025,5,1,0.0,0.0,8.0,8.0,0,0
2025-02-01,ST06,SKU00443,30,89.0,2.97,1,2025-02-01,30,89.0,2.97,1,Clothing,39.25,66.76,2025-02-01,5,2,Winter,0,,0,Winter,431,83,6,38,1,5,2,2025,5,1,0.0,0.0,30.0,30.0,0,1
2025-02-01,ST06,SKU00444,12,165.41,13.78,0,2025-02-01,12,165.41,13.78,0,Books,46.03,90.87,2025-02-01,5,2,Winter,0,,0,Winter,215,47,11,89,1,5,2,2025,5,1,0.0,0.0,12.0,12.0,0,0
2025-02-01,ST07,SKU00445,15,87.15,5.81,0,2025-02-01,15,87.15,5.81,0,Sports,40.84,64.75,2025-02-01,5,2,Winter,0,,0,Winter,368,85,8,31,1,5,2,2025,5,1,0.0,0.0,15.0,15.0,0,0
2025-02-01,ST07,SKU00446,20,2586.83,129.34,0,2025-02-01,20,2586.83,129.34,0,Food,10.63,18.59,2025-02-01,5,2,Winter,0,,0,Winter,393,71,13,93,1,5,2,2025,5,1,0.0,0.0,20.0,20.0,0,0
2025-02-01,ST08,SKU00447,25,198.19,7.93,0,2025-02-01,25,198.19,7.93,0,Sports,30.13,41.59,2025-02-01,5,2,Winter,0,,0,Winter,254,80,10,50,1,5,2,2025,5,1,0.0,0.0,25.0,25.0,0,0
2025-02-01,ST08,SKU00448,8,1318.48,164.81,0,2025-02-01,8,1318.48,164.81,0,Toys,31.19,44.14,2025-02-01,5,2,Winter,0,,0,Winter,323,93,4,67,1,5,2,2025,5,1,0.0,0.0,8.0,8.0,0,0
2025-02-01,ST09,SKU00449,30,1254.12,41.8,0,2025-02-01,30,1254.12,41.8,0,Beauty,24.5,48.69,2025-02-01,5,2,Winter,0,,0,Winter,81,10,11,62,1,5,2,2025,5,1,0.0,0.0,30.0,30.0,0,0
2025-02-01,ST09,SKU00450,12,828.83,69.07,0,2025-02-01,12,828.83,69.07,0,Electronics,5.52,6.95,2025-02-01,5,2,Winter,0,,0,Winter,151,40,10,40,1,5,2,2025,5,1,0.0,0.0,12.0,12.0,0,0
2025-02-01,ST10,SKU00451,15,1079.22,71.95,0,2025-02-01,15,1079.22,71.95,0,Clothing,26.6,44.68,2025-02-01,5,2,Winter,0,,0,Winter,263,50,10,70,1,5,2,2025,5,1,0.0,0.0,15.0,15.0,0,0
2025-02-01,ST10,SKU00452,20,367.58,18.38,0,2025-02-01,20,367.58,18.38,0,Automotive,43.71,79.71,2025-02-01,5,2,Winter,0,,0,Winter,450,75,11,75,1,5,2,2025,5,1,0.0,0.0,20.0,20.0,0,0
2025-02-02,ST01,SKU00453,25,1823.85,72.95,0,2025-02-02,25,1823.85,72.95,0,Beauty,37.59,67.64,2025-02-02,5,2,Winter,0,,0,Winter,209,78,8,49,2,5,2,2025,6,1,0.0,0.0,25.0,25.0,0,0
2025-02-02,ST01,SKU00454,8,382.55,47.82,1,2025-02-02,8,382.55,47.82,1,Automotive,15.89,31.61,2025-02-02,5,2,Winter,0,,0,Winter,210,73,10,61,2,5,2,2025,6,1,0.0,0.0,8.0,8.0,0,1
2025-02-02,ST02,SKU00455,30,79.58,2.65,0,2025-02-02,30,79.58,2.65,0,Toys,32.82,57.82,2025-02-02,5,2,Winter,0,,0,Winter,291,96,4,62,2,5,2,2025,6,1,0.0,0.0,30.0,30.0,0,0
2025-02-02,ST02,SKU00456,12,1343.21,111.93,0,2025-02-02,12,1343.21,111.93,0,Health,39.91,77.95,2025-02-02,5,2,Winter,0,,0,Winter,282,76,3,55,2,5,2,2025,6,1,0.0,0.0,12.0,12.0,0,0
2025-02-02,ST03,SKU00457,15,291.76,19.45,0,2025-02-02,15,291.76,19.45,0,Electronics,28.3,35.95,2025-02-02,5,2,Winter,0,,0,Winter,455,65,8,75,2,5,2,2025,6,1,0.0,0.0,15.0,15.0,0,0
2025-02-02,ST03,SKU00458,20,265.45,13.27,0,2025-02-02,20,265.45,13.27,0,Electronics,42.1,62.58,2025-02-02,5,2,Winter,0,,0,Winter,171,14,4,73,2,5,2,2025,6,1,0.0,0.0,20.0,20.0,0,0
2025-02-02,ST04,SKU00459,25,452.69,18.11,0,2025-02-02,25,452.69,18.11,0,Food,10.97,18.15,2025-02-02,5,2,Winter,0,,0,Winter,354,74,5,35,2,5,2,2025,6,1,0.0,0.0,25.0,25.0,0,0
2025-02-02,ST04,SKU00460,8,147.1,18.39,0,2025-02-02,8,147.1,18.39,0,Health,41.03,55.8,2025-02-02,5,2,Winter,0,,0,Winter,58,5,11,61,2,5,2,2025,6,1,0.0,0.0,8.0,8.0,0,0
2025-02-02,ST05,SKU00461,30,1558.84,51.96,0,2025-02-02,30,1558.84,51.96,0,Food,35.17,68.97,2025-02-02,5,2,Winter,0,,0,Winter,90,75,10,79,2,5,2,2025,6,1,0.0,0.0,30.0,30.0,0,0
2025-02-02,ST05,SKU00462,12,695.12,57.93,0,2025-02-02,12,695.12,57.93,0,Home & Garden,45.33,75.96,2025-02-02,5,2,Winter,0,,0,Winter,397,61,6,91,2,5,2,2025,6,1,0.0,0.0,12.0,12.0,0,0
2025-02-02,ST06,SKU00463,15,241.55,16.1,1,2025-02-02,15,241.55,16.1,1,Automotive,7.34,11.98,2025-02-02,5,2,Winter,0,,0,Winter,160,6,13,33,2,5,2,2025,6,1,0.0,0.0,15.0,15.0,0,1
2025-02-02,ST06,SKU00464,20,1727.58,86.38,0,2025-02-02,20,1727.58,86.38,0,Clothing,47.08,92.18,2025-02-02,5,2,Winter,0,,0,Winter,439,57,8,55,2,5,2,2025,6,1,0.0,0.0,20.0,20.0,0,0
2025-02-02,ST07,SKU00465,25,443.86,17.75,0,2025-02-02,25,443.86,17.75,0,Sports,20.28,37.55,2025-02-02,5,2,Winter,0,,0,Winter,432,2,11,89,2,5,2,2025,6,1,0.0,0.0,25.0,25.0,0,0
2025-02-02,ST07,SKU00466,8,1563.0,195.38,0,2025-02-02,8,1563.0,195.38,0,Food,34.74,57.05,2025-02-02,5,2,Winter,0,,0,Winter,411,13,13,41,2,5,2,2025,6,1,0.0,0.0,8.0,8.0,0,0
2025-02-02,ST08,SKU00467,30,90.38,3.01,0,2025-02-02,30,90.38,3.01,0,Toys,41.78,65.25,2025-02-02,5,2,Winter,0,,0,Winter,136,11,11,74,2,5,2,2025,6,1,0.0,0.0,30.0,30.0,0,0
2025-02-02,ST08,SKU00468,12,100.74,8.4,0,2025-02-02,12,100.74,8.4,0,Home & Garden,6.83,9.1,2025-02-02,5,2,Winter,0,,0,Winter,292,18,9,74,2,5,2,2025,6,1,0.0,0.0,12.0,12.0,0,0
2025-02-02,ST09,SKU00469,15,152.95,10.2,0,2025-02-02,15,152.95,10.2,0,Clothing,7.72,10.78,2025-02-02,5,2,Winter,0,,0,Winter,441,92,9,82,2,5,2,2025,6,1,0.0,0.0,15.0,15.0,0,0
2025-02-02,ST09,SKU00470,20,50.55,2.53,0,2025-02-02,20,50.55,2.53,0,Automotive,44.23,60.83,2025-02-02,5,2,Winter,0,,0,Winter,232,31,5,73,2,5,2,2025,6,1,0.0,0.0,20.0,20.0,0,0
2025-02-02,ST10,SKU00471,25,344.74,13.79,0,2025-02-02,25,344.74,13.79,0,Food,26.16,46.97,2025-02-02,5,2,Winter,0,,0,Winter,131,69,4,51,2,5,2,2025,6,1,0.0,0.0,25.0,25.0,0,0
2025-02-02,ST10,SKU00472,8,342.83,42.85,0,2025-02-02,8,342.83,42.85,0,Food,24.51,30.27,2025-02-02,5,2,Winter,0,,0,Winter,86,95,10,88,2,5,2,2025,6,1,0.0,0.0,8.0,8.0,0,0
2025-02-03,ST01,SKU00473,30,111.63,3.72,0,2025-02-03,30,111.63,3.72,0,Clothing,5.94,10.23,2025-02-03,6,2,Winter,0,,0,Winter,180,27,12,64,3,6,2,2025,0,0,0.0,0.0,30.0,30.0,0,0
2025-02-03,ST01,SKU00474,12,660.82,55.07,1,2025-02-03,12,660.82,55.07,1,Books,49.84,98.67,2025-02-03,6,2,Winter,0,,0,Winter,494,92,8,92,3,6,2,2025,0,0,0.0,0.0,12.0,12.0,0,1
2025-02-03,ST02,SKU00475,15,217.56,14.5,0,2025-02-03,15,217.56,14.5,0,Home & Garden,8.67,13.2,2025-02-03,6,2,Winter,0,,0,Winter,256,96,9,78,3,6,2,2025,0,0,0.0,0.0,15.0,15.0,0,0
2025-02-03,ST02,SKU00476,20,268.31,13.42,0,2025-02-03,20,268.31,13.42,0,Toys,6.38,8.97,2025-02-03,6,2,Winter,0,,0,Winter,399,84,12,90,3,6,2,2025,0,0,0.0,0.0,20.0,20.0,0,0
2025-02-03,ST03,SKU00477,25,1346.77,53.87,0,2025-02-03,25,1346.77,53.87,0,Electronics,44.07,78.53,2025-02-03,6,2,Winter,0,,0,Winter,73,19,7,33,3,6,2,2025,0,0,0.0,0.0,25.0,25.0,0,0
2025-02-03,ST03,SKU00478,8,212.18,26.52,0,2025-02-03,8,212.18,26.52,0,Beauty,24.15,35.66,2025-02-03,6,2,Winter,0,,0,Winter,269,19,10,79,3,6,2,2025,0,0,0.0,0.0,8.0,8.0,0,0
2025-02-03,ST04,SKU00479,30,180.8,6.03,0,2025-02-03,30,180.8,6.03,0,Sports,27.72,45.31,2025-02-03,6,2,Winter,0,,0,Winter,226,50,11,65,3,6,2,2025,0,0,0.0,0.0,30.0,30.0,0,0
2025-02-03,ST04,SKU00480,12,179.04,14.92,0,2025-02-03,12,179.04,14.92,0,Home & Garden,31.04,48.14,2025-02-03,6,2,Winter,0,,0,Winter,299,97,6,95,3,6,2,2025,0,0,0.0,0.0,12.0,12.0,0,0
2025-02-03,ST05,SKU00481,15,50.23,3.35,0,2025-02-03,15,50.23,3.35,0,Books,22.8,38.41,2025-02-03,6,2,Winter,0,,0,Winter,384,33,6,35,3,6,2,2025,0,0,0.0,0.0,15.0,15.0,0,0
2025-02-03,ST05,SKU00482,20,2425.84,121.29,0,2025-02-03,20,2425.84,121.29,0,Clothing,40.68,70.14,2025-02-03,6,2,Winter,0,,0,Winter,344,41,5,87,3,6,2,2025,0,0,0.0,0.0,20.0,20.0,0,0
2025-02-03,ST06,SKU00483,25,209.96,8.4,1,2025-02-03,25,209.96,8.4,1,Home & Garden,31.66,61.09,2025-02-03,6,2,Winter,0,,0,Winter,295,11,5,47,3,6,2,2025,0,0,0.0,0.0,25.0,25.0,0,1
2025-02-03,ST06,SKU00484,8,179.04,22.38,0,2025-02-03,8,179.04,22.38,0,Home & Garden,33.03,56.33,2025-02-03,6,2,Winter,0,,0,Winter,89,20,3,55,3,6,2,2025,0,0,0.0,0.0,8.0,8.0,0,0
2025-02-03,ST07,SKU00485,30,478.26,39.52,0,2025-02-03,30,478.26,39.52,0,Electronics,10.92,19.36,2025-02-03,6,2,Winter,0,,0,Winter,57,99,9,71,3,6,2,2025,0,0,0.0,0.0,30.0,30.0,0,0
2025-02-03,ST07,SKU00486,12,2711.05,225.92,0,2025-02-03,12,2711.05,225.92,0,Food,33.46,50.14,2025-02-03,6,2,Winter,0,,0,Winter,477,13,4,66,3,6,2,2025,0,0,0.0,0.0,12.0,12.0,0,0
2025-02-03,ST08,SKU00487,15,209.96,13.99,0,2025-02-03,15,209.96,13.99,0,Clothing,13.14,24.76,2025-02-03,6,2,Winter,0,,0,Winter,374,37,11,91,3,6,2,2025,0,0,0.0,0.0,15.0,15.0,0,0
2025-02-03,ST08,SKU00488,20,289.84,14.49,0,2025-02-03,20,289.84,14.49,0,Automotive,16.13,30.58,2025-02-03,6,2,Winter,0,,0,Winter,365,13,10,31,3,6,2,2025,0,0,0.0,0.0,20.0,20.0,0,0
2025-02-03,ST09,SKU00489,25,4490.7,179.63,0,2025-02-03,25,4490.7,179.63,0,Beauty,31.07,53.76,2025-02-03,6,2,Winter,0,,0,Winter,280,69,3,57,3,6,2,2025,0,0,0.0,0.0,25.0,25.0,0,0
2025-02-03,ST09,SKU00490,8,1823.85,227.98,0,2025-02-03,8,1823.85,227.98,0,Food,12.36,18.7,2025-02-03,6,2,Winter,0,,0,Winter,115,34,7,34,3,6,2,2025,0,0,0.0,0.0,8.0,8.0,0,0
2025-02-03,ST10,SKU00491,30,1506.33,100.42,0,2025-02-03,30,1506.33,100.42,0,Automotive,22.96,43.31,2025-02-03,6,2,Winter,0,,0,Winter,498,39,10,65,3,6,2,2025,0,0,0.0,0.0,30.0,30.0,0,0
2025-02-03,ST10,SKU00492,12,1126.69,93.89,0,2025-02-03,12,1126.69,93.89,0,Books,19.63,35.71,2025-02-03,6,2,Winter,0,,0,Winter,350,22,13,39,3,6,2,2025,0,0,0.0,0.0,12.0,12.0,0,0
2025-02-04,ST01,SKU00493,15,391.9,26.13,0,2025-02-04,15,391.9,26.13,0,Beauty,22.85,31.75,2025-02-04,6,2,Winter,0,,0,Winter,244,13,12,39,4,6,2,2025,1,0,0.0,0.0,15.0,15.0,0,0
2025-02-04,ST01,SKU00494,20,320.97,16.05,1,2025-02-04,20,320.97,16.05,1,Health,8.31,11.1,2025-02-04,6,2,Winter,0,,0,Winter,381,93,11,30,4,6,2,2025,1,0,0.0,0.0,20.0,20.0,0,1
2025-02-04,ST02,SKU00495,25,1685.32,67.41,0,2025-02-04,25,1685.32,67.41,0,Health,25.19,43.73,2025-02-04,6,2,Winter,0,,0,Winter,182,19,10,72,4,6,2,2025,1,0,0.0,0.0,25.0,25.0,0,0
2025-02-04,ST02,SKU00496,8,313.44,39.18,0,2025-02-04,8,313.44,39.18,0,Automotive,24.39,34.12,2025-02-04,6,2,Winter,0,,0,Winter,50,56,8,57,4,6,2,2025,1,0,0.0,0.0,8.0,8.0,0,0
2025-02-04,ST03,SKU00497,30,399.27,13.31,0,2025-02-04,30,399.27,13.31,0,Electronics,16.36,24.34,2025-02-04,6,2,Winter,0,,0,Winter,170,36,7,66,4,6,2,2025,1,0,0.0,0.0,30.0,30.0,0,0
2025-02-04,ST03,SKU00498,12,564.17,47.01,0,2025-02-04,12,564.17,47.01,0,Automotive,32.25,47.9,2025-02-04,6,2,Winter,0,,0,Winter,354,43,10,57,4,6,2,2025,1,0,0.0,0.0,12.0,12.0,0,0
2025-02-04,ST04,SKU00499,15,110.32,7.35,0,2025-02-04,15,110.32,7.35,0,Books,40.18,70.89,2025-02-04,6,2,Winter,0,,0,Winter,416,78,8,90,4,6,2,2025,1,0,0.0,0.0,15.0,15.0,0,0
2025-02-04,ST04,SKU00500,20,1264.58,63.23,0,2025-02-04,20,1264.58,63.23,0,Beauty,31.34,59.38,2025-02-04,6,2,Winter,0,,0,Winter,453,77,4,66,4,6,2,2025,1,0,0.0,0.0,20.0,20.0,0,0
2025-02-04,ST05,SKU00501,25,399.18,15.97,0,2025-02-04,25,399.18,15.97,0,Sports,17.14,21.35,2025-02-04,6,2,Winter,0,,0,Winter,69,25,3,64,4,6,2,2025,1,0,0.0,0.0,25.0,25.0,0,0
2025-02-04,ST05,SKU00502,8,898.08,112.26,0,2025-02-04,8,898.08,112.26,0,Books,47.15,58.06,2025-02-04,6,2,Winter,0,,0,Winter,247,58,7,62,4,6,2,2025,1,0,0.0,0.0,8.0,8.0,0,0
2025-02-04,ST06,SKU00503,30,114.18,3.81,1,2025-02-04,30,114.18,3.81,1,Food,15.11,20.31,2025-02-04,6,2,Winter,0,,0,Winter,228,77,12,49,4,6,2,2025,1,0,0.0,0.0,30.0,30.0,0,1
2025-02-04,ST06,SKU00504,12,1466.31,122.19,0,2025-02-04,12,1466.31,122.19,0,Books,9.65,16.09,2025-02-04,6,2,Winter,0,,0,Winter,230,87,13,72,4,6,2,2025,1,0,0.0,0.0,12.0,12.0,0,0
2025-02-04,ST07,SKU00505,15,353.96,23.6,0,2025-02-04,15,353.96,23.6,0,Health,22.88,36.24,2025-02-04,6,2,Winter,0,,0,Winter,175,97,11,79,4,6,2,2025,1,0,0.0,0.0,15.0,15.0,0,0
2025-02-04,ST07,SKU00506,20,319.73,15.99,0,2025-02-04,20,319.73,15.99,0,Clothing,19.54,38.66,2025-02-04,6,2,Winter,0,,0,Winter,334,56,9,85,4,6,2,2025,1,0,0.0,0.0,20.0,20.0,0,0
2025-02-04,ST08,SKU00507,25,1588.92,63.56,0,2025-02-04,25,1588.92,63.56,0,Food,25.46,41.06,2025-02-04,6,2,Winter,0,,0,Winter,476,49,9,73,4,6,2,2025,1,0,0.0,0.0,25.0,25.0,0,0
2025-02-04,ST08,SKU00508,8,567.86,70.98,0,2025-02-04,8,567.86,70.98,0,Clothing,20.42,33.2,2025-02-04,6,2,Winter,0,,0,Winter,343,83,9,74,4,6,2,2025,1,0,0.0,0.0,8.0,8.0,0,0
2025-02-04,ST09,SKU00509,30,238.23,7.94,0,2025-02-04,30,238.23,7.94,0,Food,6.35,9.18,2025-02-04,6,2,Winter,0,,0,Winter,357,79,4,37,4,6,2,2025,1,0,0.0,0.0,30.0,30.0,0,0
2025-02-04,ST09,SKU00510,12,208.61,17.38,0,2025-02-04,12,208.61,17.38,0,Clothing,14.08,24.49,2025-02-04,6,2,Winter,0,,0,Winter,390,0,9,37,4,6,2,2025,1,0,0.0,0.0,12.0,12.0,0,0
2025-02-04,ST10,SKU00511,15,172.85,11.52,0,2025-02-04,15,172.85,11.52,0,Clothing,13.48,24.05,2025-02-04,6,2,Winter,0,,0,Winter,206,95,8,34,4,6,2,2025,1,0,0.0,0.0,15.0,15.0,0,0
2025-02-04,ST10,SKU00512,20,2201.13,110.06,0,2025-02-04,20,2201.13,110.06,0,Toys,44.07,59.12,2025-02-04,6,2,Winter,0,,0,Winter,135,46,4,94,4,6,2,2025,1,0,0.0,0.0,20.0,20.0,0,0
2025-02-05,ST01,SKU00513,25,878.1,35.12,0,2025-02-05,25,878.1,35.12,0,Clothing,34.77,68.95,2025-02-05,6,2,Winter,0,,0,Winter,360,89,13,59,5,6,2,2025,2,0,0.0,0.0,25.0,25.0,0,0
2025-02-05,ST01,SKU00514,8,140.49,17.56,1,2025-02-05,8,140.49,17.56,1,Health,5.79,8.08,2025-02-05,6,2,Winter,0,,0,Winter,163,81,3,55,5,6,2,2025,2,0,0.0,0.0,8.0,8.0,0,1
2025-02-05,ST02,SKU00515,30,445.26,14.84,0,2025-02-05,30,445.26,14.84,0,Health,44.1,73.05,2025-02-05,6,2,Winter,0,,0,Winter,185,46,10,75,5,6,2,2025,2,0,0.0,0.0,30.0,30.0,0,0
2025-02-05,ST02,SKU00516,12,823.25,68.6,0,2025-02-05,12,823.25,68.6,0,Beauty,40.8,78.94,2025-02-05,6,2,Winter,0,,0,Winter,338,0,5,60,5,6,2,2025,2,0,0.0,0.0,12.0,12.0,0,0
2025-02-05,ST03,SKU00517,15,267.35,17.82,0,2025-02-05,15,267.35,17.82,0,Electronics,14.71,25.4,2025-02-05,6,2,Winter,0,,0,Winter,191,52,7,91,5,6,2,2025,2,0,0.0,0.0,15.0,15.0,0,0
2025-02-05,ST03,SKU00518,20,898.08,44.9,0,2025-02-05,20,898.08,44.9,0,Books,35.01,58.18,2025-02-05,6,2,Winter,0,,0,Winter,269,65,4,93,5,6,2,2025,2,0,0.0,0.0,20.0,20.0,0,0
2025-02-05,ST04,SKU00519,25,399.18,15.97,0,2025-02-05,25,399.18,15.97,0,Clothing,49.97,61.9,2025-02-05,6,2,Winter,0,,0,Winter,112,72,3,70,5,6,2,2025,2,0,0.0,0.0,25.0,25.0,0,0
2025-02-05,ST04,SKU00520,8,567.86,70.98,0,2025-02-05,8,567.86,70.98,0,Automotive,43.99,87.74,2025-02-05,6,2,Winter,0,,0,Winter,138,47,11,60,5,6,2,2025,2,0,0.0,0.0,8.0,8.0,0,0
2025-02-05,ST05,SKU00521,30,238.23,7.94,0,2025-02-05,30,238.23,7.94,0,Automotive,9.07,12.98,2025-02-05,6,2,Winter,0,,0,Winter,373,97,8,33,5,6,2,2025,2,0,0.0,0.0,30.0,30.0,0,0
2025-02-05,ST05,SKU00522,12,208.61,17.38,0,2025-02-05,12,208.61,17.38,0,Sports,34.27,62.11,2025-02-05,6,2,Winter,0,,0,Winter,151,18,8,42,5,6,2,2025,2,0,0.0,0.0,12.0,12.0,0,0
2025-02-05,ST06,SKU00523,15,172.85,11.52,1,2025-02-05,15,172.85,11.52,1,Sports,35.04,64.7,2025-02-05,6,2,Winter,0,,0,Winter,328,82,13,30,5,6,2,2025,2,0,0.0,0.0,15.0,15.0,0,1
2025-02-05,ST06,SKU00524,20,2201.13,110.06,0,2025-02-05,20,2201.13,110.06,0,Clothing,44.51,64.7,2025-02-05,6,2,Winter,0,,0,Winter,393,53,9,44,5,6,2,2025,2,0,0.0,0.0,20.0,20.0,0,0
2025-02-05,ST07,SKU00525,25,878.1,35.12,0,2025-02-05,25,878.1,35.12,0,Electronics,10.41,17.03,2025-02-05,6,2,Winter,0,,0,Winter,114,75,12,44,5,6,2,2025,2,0,0.0,0.0,25.0,25.0,0,0
2025-02-05,ST07,SKU00526,8,140.49,17.56,0,2025-02-05,8,140.49,17.56,0,Automotive,19.78,33.7,2025-02-05,6,2,Winter,0,,0,Winter,454,18,11,62,5,6,2,2025,2,0,0.0,0.0,8.0,8.0,0,0
2025-02-05,ST08,SKU00527,30,445.26,14.84,0,2025-02-05,30,445.26,14.84,0,Health,22.83,40.09,2025-02-05,6,2,Winter,0,,0,Winter,354,95,3,64,5,6,2,2025,2,0,0.0,0.0,30.0,30.0,0,0
2025-02-05,ST08,SKU00528,12,823.25,68.6,0,2025-02-05,12,823.25,68.6,0,Automotive,31.84,52.11,2025-02-05,6,2,Winter,0,,0,Winter,477,89,13,95,5,6,2,2025,2,0,0.0,0.0,12.0,12.0,0,0
2025-02-05,ST09,SKU00529,15,267.35,17.82,0,2025-02-05,15,267.35,17.82,0,Home & Garden,15.23,19.16,2025-02-05,6,2,Winter,0,,0,Winter,479,8,5,55,5,6,2,2025,2,0,0.0,0.0,15.0,15.0,0,0
2025-02-05,ST09,SKU00530,20,898.08,44.9,0,2025-02-05,20,898.08,44.9,0,Home & Garden,12.58,21.56,2025-02-05,6,2,Winter,0,,0,Winter,377,47,4,99,5,6,2,2025,2,0,0.0,0.0,20.0,20.0,0,0
2025-02-05,ST10,SKU00531,25,399.18,15.97,0,2025-02-05,25,399.18,15.97,0,Clothing,25.86,38.88,2025-02-05,6,2,Winter,0,,0,Winter,461,92,12,54,5,6,2,2025,2,0,0.0,0.0,25.0,25.0,0,0
2025-02-05,ST10,SKU00532,8,567.86,70.98,0,2025-02-05,8,567.86,70.98,0,Health,47.82,89.79,2025-02-05,6,2,Winter,0,,0,Winter,61,4,4,77,5,6,2,2025,2,0,0.0,0.0,8.0,8.0,0,0
2025-02-06,ST01,SKU00533,30,238.23,7.94,0,2025-02-06,30,238.23,7.94,0,Books,41.62,53.57,2025-02-06,6,2,Winter,0,,0,Winter,342,78,6,44,6,6,2,2025,3,0,0.0,0.0,30.0,30.0,0,0
2025-02-06,ST01,SKU00534,12,208.61,17.38,1,2025-02-06,12,208.61,17.38,1,Books,22.95,38.19,2025-02-06,6,2,Winter,0,,0,Winter,92,47,9,99,6,6,2,2025,3,0,0.0,0.0,12.0,12.0,0,1
2025-02-06,ST02,SKU00535,15,172.85,11.52,0,2025-02-06,15,172.85,11.52,0,Sports,32.36,58.63,2025-02-06,6,2,Winter,0,,0,Winter,351,42,7,52,6,6,2,2025,3,0,0.0,0.0,15.0,15.0,0,0
2025-02-06,ST02,SKU00536,20,2201.13,110.06,0,2025-02-06,20,2201.13,110.06,0,Toys,38.61,68.43,2025-02-06,6,2,Winter,0,,0,Winter,156,79,7,44,6,6,2,2025,3,0,0.0,0.0,20.0,20.0,0,0
2025-02-06,ST03,SKU00537,25,878.1,35.12,0,2025-02-06,25,878.1,35.12,0,Books,13.81,16.66,2025-02-06,6,2,Winter,0,,0,Winter,330,35,13,80,6,6,2,2025,3,0,0.0,0.0,25.0,25.0,0,0
2025-02-06,ST03,SKU00538,8,140.49,17.56,0,2025-02-06,8,140.49,17.56,0,Books,45.41,63.34,2025-02-06,6,2,Winter,0,,0,Winter,320,67,7,42,6,6,2,2025,3,0,0.0,0.0,8.0,8.0,0,0
2025-02-06,ST04,SKU00539,30,445.26,14.84,0,2025-02-06,30,445.26,14.84,0,Home & Garden,7.71,15.02,2025-02-06,6,2,Winter,0,,0,Winter,324,33,6,81,6,6,2,2025,3,0,0.0,0.0,30.0,30.0,0,0
2025-02-06,ST04,SKU00540,12,823.25,68.6,0,2025-02-06,12,823.25,68.6,0,Toys,13.76,18.34,2025-02-06,6,2,Winter,0,,0,Winter,76,28,5,37,6,6,2,2025,3,0,0.0,0.0,12.0,12.0,0,0
2025-02-06,ST05,SKU00541,15,267.35,17.82,0,2025-02-06,15,267.35,17.82,0,Sports,16.55,23.64,2025-02-06,6,2,Winter,0,,0,Winter,193,35,4,31,6,6,2,2025,3,0,0.0,0.0,15.0,15.0,0,0
2025-02-06,ST05,SKU00542,20,898.08,44.9,0,2025-02-06,20,898.08,44.9,0,Home & Garden,31.14,39.6,2025-02-06,6,2,Winter,0,,0,Winter,482,76,6,36,6,6,2,2025,3,0,0.0,0.0,20.0,20.0,0,0
2025-02-06,ST06,SKU00543,25,399.18,15.97,1,2025-02-06,25,399.18,15.97,1,Clothing,23.0,45.56,2025-02-06,6,2,Winter,0,,0,Winter,400,73,9,42,6,6,2,2025,3,0,0.0,0.0,25.0,25.0,0,1
2025-02-06,ST06,SKU00544,8,567.86,70.98,0,2025-02-06,8,567.86,70.98,0,Health,10.48,14.1,2025-02-06,6,2,Winter,0,,0,Winter,208,70,10,71,6,6,2,2025,3,0,0.0,0.0,8.0,8.0,0,0
2025-02-06,ST07,SKU00545,30,238.23,7.94,0,2025-02-06,30,238.23,7.94,0,Health,40.99,55.24,2025-02-06,6,2,Winter,0,,0,Winter,494,41,10,65,6,6,2,2025,3,0,0.0,0.0,30.0,30.0,0,0
2025-02-06,ST07,SKU00546,12,208.61,17.38,0,2025-02-06,12,208.61,17.38,0,Beauty,40.7,54.88,2025-02-06,6,2,Winter,0,,0,Winter,133,67,8,36,6,6,2,2025,3,0,0.0,0.0,12.0,12.0,0,0
2025-02-06,ST08,SKU00547,15,172.85,11.52,0,2025-02-06,15,172.85,11.52,0,Beauty,48.33,76.69,2025-02-06,6,2,Winter,0,,0,Winter,359,0,10,74,6,6,2,2025,3,0,0.0,0.0,15.0,15.0,0,0
2025-02-06,ST08,SKU00548,20,2201.13,110.06,0,2025-02-06,20,2201.13,110.06,0,Food,41.71,62.51,2025-02-06,6,2,Winter,0,,0,Winter,411,46,13,42,6,6,2,2025,3,0,0.0,0.0,20.0,20.0,0,0
2025-02-06,ST09,SKU00549,25,878.1,35.12,0,2025-02-06,25,878.1,35.12,0,Health,10.05,12.09,2025-02-06,6,2,Winter,0,,0,Winter,424,21,8,50,6,6,2,2025,3,0,0.0,0.0,25.0,25.0,0,0
2025-02-06,ST09,SKU00550,8,140.49,17.56,0,2025-02-06,8,140.49,17.56,0,Toys,41.86,79.85,2025-02-06,6,2,Winter,0,,0,Winter,263,91,11,55,6,6,2,2025,3,0,0.0,0.0,8.0,8.0,0,0
2025-02-06,ST10,SKU00551,30,445.26,14.84,0,2025-02-06,30,445.26,14.84,0,Automotive,40.72,69.93,2025-02-06,6,2,Winter,0,,0,Winter,58,14,12,71,6,6,2,2025,3,0,0.0,0.0,30.0,30.0,0,0
2025-02-06,ST10,SKU00552,12,823.25,68.6,0,2025-02-06,12,823.25,68.6,0,Beauty,23.5,43.98,2025-02-06,6,2,Winter,0,,0,Winter,121,23,3,55,6,6,2,2025,3,0,0.0,0.0,12.0,12.0,0,0
2025-02-07,ST01,SKU00553,15,267.35,17.82,0,2025-02-07,15,267.35,17.82,0,Beauty,39.65,65.23,2025-02-07,6,2,Winter,0,,0,Winter,396,36,6,79,7,6,2,2025,4,0,0.0,0.0,15.0,15.0,0,0
2025-02-07,ST01,SKU00554,20,898.08,44.9,1,2025-02-07,20,898.08,44.9,1,Books,18.59,33.2,2025-02-07,6,2,Winter,0,,0,Winter,201,18,6,89,7,6,2,2025,4,0,0.0,0.0,20.0,20.0,0,1
2025-02-07,ST02,SKU00555,25,399.18,15.97,0,2025-02-07,25,399.18,15.97,0,Sports,24.07,41.74,2025-02-07,6,2,Winter,0,,0,Winter,216,73,11,47,7,6,2,2025,4,0,0.0,0.0,25.0,25.0,0,0
2025-02-07,ST02,SKU00556,8,567.86,70.98,0,2025-02-07,8,567.86,70.98,0,Clothing,39.5,52.13,2025-02-07,6,2,Winter,0,,0,Winter,452,35,12,84,7,6,2,2025,4,0,0.0,0.0,8.0,8.0,0,0
2025-02-07,ST03,SKU00557,30,238.23,7.94,0,2025-02-07,30,238.23,7.94,0,Food,31.4,41.9,2025-02-07,6,2,Winter,0,,0,Winter,291,68,3,62,7,6,2,2025,4,0,0.0,0.0,30.0,30.0,0,0
2025-02-07,ST03,SKU00558,12,208.61,17.38,0,2025-02-07,12,208.61,17.38,0,Home & Garden,44.12,69.63,2025-02-07,6,2,Winter,0,,0,Winter,168,20,3,51,7,6,2,2025,4,0,0.0,0.0,12.0,12.0,0,0
2025-02-07,ST04,SKU00559,15,172.85,11.52,0,2025-02-07,15,172.85,11.52,0,Books,9.31,11.34,2025-02-07,6,2,Winter,0,,0,Winter,481,36,5,61,7,6,2,2025,4,0,0.0,0.0,15.0,15.0,0,0
2025-02-07,ST04,SKU00560,20,2201.13,110.06,0,2025-02-07,20,2201.13,110.06,0,Home & Garden,32.32,52.92,2025-02-07,6,2,Winter,0,,0,Winter,60,9,11,86,7,6,2,2025,4,0,0.0,0.0,20.0,20.0,0,0
2025-02-07,ST05,SKU00561,25,878.1,35.12,0,2025-02-07,25,878.1,35.12,0,Health,16.56,28.24,2025-02-07,6,2,Winter,0,,0,Winter,303,24,4,93,7,6,2,2025,4,0,0.0,0.0,25.0,25.0,0,0
2025-02-07,ST05,SKU00562,8,140.49,17.56,0,2025-02-07,8,140.49,17.56,0,Automotive,27.35,54.44,2025-02-07,6,2,Winter,0,,0,Winter,340,6,7,47,7,6,2,2025,4,0,0.0,0.0,8.0,8.0,0,0
2025-02-07,ST06,SKU00563,30,445.26,14.84,1,2025-02-07,30,445.26,14.84,1,Home & Garden,31.87,55.47,2025-02-07,6,2,Winter,0,,0,Winter,372,41,8,68,7,6,2,2025,4,0,0.0,0.0,30.0,30.0,0,1
2025-02-07,ST06,SKU00564,12,823.25,68.6,0,2025-02-07,12,823.25,68.6,0,Health,24.27,43.06,2025-02-07,6,2,Winter,0,,0,Winter,474,74,9,53,7,6,2,2025,4,0,0.0,0.0,12.0,12.0,0,0
2025-02-07,ST07,SKU00565,15,267.35,17.82,0,2025-02-07,15,267.35,17.82,0,Electronics,5.71,8.41,2025-02-07,6,2,Winter,0,,0,Winter,237,45,5,97,7,6,2,2025,4,0,0.0,0.0,15.0,15.0,0,0
2025-02-07,ST07,SKU00566,20,898.08,44.9,0,2025-02-07,20,898.08,44.9,0,Home & Garden,32.14,47.25,2025-02-07,6,2,Winter,0,,0,Winter,267,41,9,65,7,6,2,2025,4,0,0.0,0.0,20.0,20.0,0,0
2025-02-07,ST08,SKU00567,25,399.18,15.97,0,2025-02-07,25,399.18,15.97,0,Food,39.77,56.15,2025-02-07,6,2,Winter,0,,0,Winter,281,96,6,32,7,6,2,2025,4,0,0.0,0.0,25.0,25.0,0,0
2025-02-07,ST08,SKU00568,8,567.86,70.98,0,2025-02-07,8,567.86,70.98,0,Books,45.24,61.23,2025-02-07,6,2,Winter,0,,0,Winter,122,7,3,99,7,6,2,2025,4,0,0.0,0.0,8.0,8.0,0,0
2025-02-07,ST09,SKU00569,30,238.23,7.94,0,2025-02-07,30,238.23,7.94,0,Beauty,21.51,31.73,2025-02-07,6,2,Winter,0,,0,Winter,474,67,3,89,7,6,2,2025,4,0,0.0,0.0,30.0,30.0,0,0
2025-02-07,ST09,SKU00570,12,208.61,17.38,0,2025-02-07,12,208.61,17.38,0,Food,8.12,13.12,2025-02-07,6,2,Winter,0,,0,Winter,179,59,7,73,7,6,2,2025,4,0,0.0,0.0,12.0,12.0,0,0
2025-02-07,ST10,SKU00571,15,172.85,11.52,0,2025-02-07,15,172.85,11.52,0,Clothing,35.13,44.12,2025-02-07,6,2,Winter,0,,0,Winter,76,31,7,37,7,6,2,2025,4,0,0.0,0.0,15.0,15.0,0,0
2025-02-07,ST10,SKU00572,20,2201.13,110.06,0,2025-02-07,20,2201.13,110.06,0,Books,17.2,28.8,2025-02-07,6,2,Winter,0,,0,Winter,279,71,4,96,7,6,2,2025,4,0,0.0,0.0,20.0,20.0,0,0
2025-02-08,ST01,SKU00573,25,878.1,35.12,0,2025-02-08,25,878.1,35.12,0,Home & Garden,28.98,42.3,2025-02-08,6,2,Winter,0,,0,Winter,349,57,5,99,8,6,2,2025,5,1,0.0,0.0,25.0,25.0,0,0
2025-02-08,ST01,SKU00574,8,140.49,17.56,1,2025-02-08,8,140.49,17.56,1,Home & Garden,13.56,16.85,2025-02-08,6,2,Winter,0,,0,Winter,179,86,4,64,8,6,2,2025,5,1,0.0,0.0,8.0,8.0,0,1
2025-02-08,ST02,SKU00575,30,445.26,14.84,0,2025-02-08,30,445.26,14.84,0,Clothing,21.33,42.59,2025-02-08,6,2,Winter,0,,0,Winter,403,86,6,37,8,6,2,2025,5,1,0.0,0.0,30.0,30.0,0,0
2025-02-08,ST02,SKU00576,12,823.25,68.6,0,2025-02-08,12,823.25,68.6,0,Food,25.93,32.37,2025-02-08,6,2,Winter,0,,0,Winter,199,43,12,65,8,6,2,2025,5,1,0.0,0.0,12.0,12.0,0,0
2025-02-08,ST03,SKU00577,15,267.35,17.82,0,2025-02-08,15,267.35,17.82,0,Health,48.09,64.46,2025-02-08,6,2,Winter,0,,0,Winter,382,92,11,84,8,6,2,2025,5,1,0.0,0.0,15.0,15.0,0,0
2025-02-08,ST03,SKU00578,20,898.08,44.9,0,2025-02-08,20,898.08,44.9,0,Automotive,12.67,19.36,2025-02-08,6,2,Winter,0,,0,Winter,257,61,11,84,8,6,2,2025,5,1,0.0,0.0,20.0,20.0,0,0
2025-02-08,ST04,SKU00579,25,399.18,15.97,0,2025-02-08,25,399.18,15.97,0,Automotive,41.98,50.42,2025-02-08,6,2,Winter,0,,0,Winter,449,11,3,45,8,6,2,2025,5,1,0.0,0.0,25.0,25.0,0,0
2025-02-08,ST04,SKU00580,8,567.86,70.98,0,2025-02-08,8,567.86,70.98,0,Beauty,40.8,79.21,2025-02-08,6,2,Winter,0,,0,Winter,445,7,6,32,8,6,2,2025,5,1,0.0,0.0,8.0,8.0,0,0
2025-02-08,ST05,SKU00581,30,238.23,7.94,0,2025-02-08,30,238.23,7.94,0,Food,22.97,30.36,2025-02-08,6,2,Winter,0,,0,Winter,193,29,9,34,8,6,2,2025,5,1,0.0,0.0,30.0,30.0,0,0
2025-02-08,ST05,SKU00582,12,208.61,17.38,0,2025-02-08,12,208.61,17.38,0,Books,38.17,69.28,2025-02-08,6,2,Winter,0,,0,Winter,409,64,11,59,8,6,2,2025,5,1,0.0,0.0,12.0,12.0,0,0
2025-02-08,ST06,SKU00583,15,172.85,11.52,1,2025-02-08,15,172.85,11.52,1,Electronics,42.89,69.35,2025-02-08,6,2,Winter,0,,0,Winter,198,83,8,51,8,6,2,2025,5,1,0.0,0.0,15.0,15.0,0,1
2025-02-08,ST06,SKU00584,20,2201.13,110.06,0,2025-02-08,20,2201.13,110.06,0,Toys,16.57,30.32,2025-02-08,6,2,Winter,0,,0,Winter,280,31,3,45,8,6,2,2025,5,1,0.0,0.0,20.0,20.0,0,0
2025-02-08,ST07,SKU00585,25,878.1,35.12,0,2025-02-08,25,878.1,35.12,0,Electronics,32.38,51.99,2025-02-08,6,2,Winter,0,,0,Winter,87,97,6,52,8,6,2,2025,5,1,0.0,0.0,25.0,25.0,0,0
2025-02-08,ST07,SKU00586,8,140.49,17.56,0,2025-02-08,8,140.49,17.56,0,Sports,36.89,45.34,2025-02-08,6,2,Winter,0,,0,Winter,163,65,11,31,8,6,2,2025,5,1,0.0,0.0,8.0,8.0,0,0
2025-02-08,ST08,SKU00587,30,445.26,14.84,0,2025-02-08,30,445.26,14.84,0,Electronics,15.23,22.44,2025-02-08,6,2,Winter,0,,0,Winter,298,72,3,96,8,6,2,2025,5,1,0.0,0.0,30.0,30.0,0,0
2025-02-08,ST08,SKU00588,12,823.25,68.6,0,2025-02-08,12,823.25,68.6,0,Automotive,8.94,17.44,2025-02-08,6,2,Winter,0,,0,Winter,229,61,9,55,8,6,2,2025,5,1,0.0,0.0,12.0,12.0,0,0
2025-02-08,ST09,SKU00589,15,267.35,17.82,0,2025-02-08,15,267.35,17.82,0,Automotive,27.94,51.97,2025-02-08,6,2,Winter,0,,0,Winter,245,81,9,35,8,6,2,2025,5,1,0.0,0.0,15.0,15.0,0,0
2025-02-08,ST09,SKU00590,20,898.08,44.9,0,2025-02-08,20,898.08,44.9,0,Food,47.41,90.01,2025-02-08,6,2,Winter,0,,0,Winter,468,21,13,44,8,6,2,2025,5,1,0.0,0.0,20.0,20.0,0,0
2025-02-08,ST10,SKU00591,25,399.18,15.97,0,2025-02-08,25,399.18,15.97,0,Toys,46.37,74.08,2025-02-08,6,2,Winter,0,,0,Winter,391,59,7,41,8,6,2,2025,5,1,0.0,0.0,25.0,25.0,0,0
2025-02-08,ST10,SKU00592,8,567.86,70.98,0,2025-02-08,8,567.86,70.98,0,Toys,30.5,46.14,2025-02-08,6,2,Winter,0,,0,Winter,288,48,12,67,8,6,2,2025,5,1,0.0,0.0,8.0,8.0,0,0
2025-02-09,ST01,SKU00593,30,238.23,7.94,0,2025-02-09,30,238.23,7.94,0,Electronics,10.24,18.98,2025-02-09,6,2,Winter,0,,0,Winter,131,44,5,59,9,6,2,2025,6,1,0.0,0.0,30.0,30.0,0,0
2025-02-09,ST01,SKU00594,12,208.61,17.38,1,2025-02-09,12,208.61,17.38,1,Home & Garden,35.34,57.47,2025-02-09,6,2,Winter,0,,0,Winter,265,29,8,96,9,6,2,2025,6,1,0.0,0.0,12.0,12.0,0,1
2025-02-09,ST02,SKU00595,15,172.85,11.52,0,2025-02-09,15,172.85,11.52,0,Toys,11.36,15.56,2025-02-09,6,2,Winter,0,,0,Winter,385,6,6,43,9,6,2,2025,6,1,0.0,0.0,15.0,15.0,0,0
2025-02-09,ST02,SKU00596,20,2201.13,110.06,0,2025-02-09,20,2201.13,110.06,0,Automotive,19.51,23.77,2025-02-09,6,2,Winter,0,,0,Winter,122,14,7,64,9,6,2,2025,6,1,0.0,0.0,20.0,20.0,0,0
2025-02-09,ST03,SKU00597,25,878.1,35.12,0,2025-02-09,25,878.1,35.12,0,Clothing,15.06,29.61,2025-02-09,6,2,Winter,0,,0,Winter,115,90,4,64,9,6,2,2025,6,1,0.0,0.0,25.0,25.0,0,0
2025-02-09,ST03,SKU00598,8,140.49,17.56,0,2025-02-09,8,140.49,17.56,0,Clothing,33.84,62.88,2025-02-09,6,2,Winter,0,,0,Winter,255,19,4,39,9,6,2,2025,6,1,0.0,0.0,8.0,8.0,0,0
2025-02-09,ST04,SKU00599,30,445.26,14.84,0,2025-02-09,30,445.26,14.84,0,Automotive,26.57,38.55,2025-02-09,6,2,Winter,0,,0,Winter,74,65,11,83,9,6,2,2025,6,1,0.0,0.0,30.0,30.0,0,0
2025-02-09,ST04,SKU00600,12,823.25,68.6,0,2025-02-09,12,823.25,68.6,0,Electronics,32.28,58.49,2025-02-09,6,2,Winter,0,,0,Winter,338,35,3,83,9,6,2,2025,6,1,0.0,0.0,12.0,12.0,0,0
2025-02-09,ST05,SKU00601,15,267.35,17.82,0,2025-02-09,15,267.35,17.82,0,Sports,27.62,41.95,2025-02-09,6,2,Winter,0,,0,Winter,287,51,5,70,9,6,2,2025,6,1,0.0,0.0,15.0,15.0,0,0
2025-02-09,ST05,SKU00602,20,898.08,44.9,0,2025-02-09,20,898.08,44.9,0,Automotive,34.98,45.39,2025-02-09,6,2,Winter,0,,0,Winter,439,24,7,37,9,6,2,2025,6,1,0.0,0.0,20.0,20.0,0,0
2025-02-09,ST06,SKU00603,25,399.18,15.97,1,2025-02-09,25,399.18,15.97,1,Books,6.16,8.06,2025-02-09,6,2,Winter,0,,0,Winter,454,97,6,54,9,6,2,2025,6,1,0.0,0.0,25.0,25.0,0,1
2025-02-09,ST06,SKU00604,8,567.86,70.98,0,2025-02-09,8,567.86,70.98,0,Sports,8.6,15.66,2025-02-09,6,2,Winter,0,,0,Winter,128,67,6,47,9,6,2,2025,6,1,0.0,0.0,8.0,8.0,0,0
2025-02-09,ST07,SKU00605,30,238.23,7.94,0,2025-02-09,30,238.23,7.94,0,Sports,24.78,31.83,2025-02-09,6,2,Winter,0,,0,Winter,365,62,8,61,9,6,2,2025,6,1,0.0,0.0,30.0,30.0,0,0
2025-02-09,ST07,SKU00606,12,208.61,17.38,0,2025-02-09,12,208.61,17.38,0,Toys,5.01,6.09,2025-02-09,6,2,Winter,0,,0,Winter,398,42,4,89,9,6,2,2025,6,1,0.0,0.0,12.0,12.0,0,0
2025-02-09,ST08,SKU00607,15,172.85,11.52,0,2025-02-09,15,172.85,11.52,0,Clothing,34.26,45.28,2025-02-09,6,2,Winter,0,,0,Winter,200,82,5,34,9,6,2,2025,6,1,0.0,0.0,15.0,15.0,0,0
2025-02-09,ST08,SKU00608,20,2201.13,110.06,0,2025-02-09,20,2201.13,110.06,0,Home & Garden,30.4,41.14,2025-02-09,6,2,Winter,0,,0,Winter,467,9,11,31,9,6,2,2025,6,1,0.0,0.0,20.0,20.0,0,0
2025-02-09,ST09,SKU00609,25,878.1,35.12,0,2025-02-09,25,878.1,35.12,0,Automotive,7.62,15.2,2025-02-09,6,2,Winter,0,,0,Winter,431,10,4,60,9,6,2,2025,6,1,0.0,0.0,25.0,25.0,0,0
2025-02-09,ST09,SKU00610,8,140.49,17.56,0,2025-02-09,8,140.49,17.56,0,Beauty,18.38,28.39,2025-02-09,6,2,Winter,0,,0,Winter,105,78,11,38,9,6,2,2025,6,1,0.0,0.0,8.0,8.0,0,0
2025-02-09,ST10,SKU00611,30,445.26,14.84,0,2025-02-09,30,445.26,14.84,0,Automotive,11.4,14.79,2025-02-09,6,2,Winter,0,,0,Winter,148,20,11,57,9,6,2,2025,6,1,0.0,0.0,30.0,30.0,0,0
2025-02-09,ST10,SKU00612,12,823.25,68.6,0,2025-02-09,12,823.25,68.6,0,Home & Garden,13.0,22.79,2025-02-09,6,2,Winter,0,,0,Winter,239,6,3,33,9,6,2,2025,6,1,0.0,0.0,12.0,12.0,0,0
2025-02-10,ST01,SKU00613,15,267.35,17.82,0,2025-02-10,15,267.35,17.82,0,Electronics,27.92,55.77,2025-02-10,7,2,Winter,0,,0,Winter,309,39,3,81,10,7,2,2025,0,0,0.0,0.0,15.0,15.0,0,0
2025-02-10,ST01,SKU00614,20,898.08,44.9,1,2025-02-10,20,898.08,44.9,1,Electronics,15.47,21.3,2025-02-10,7,2,Winter,0,,0,Winter,270,51,6,67,10,7,2,2025,0,0,0.0,0.0,20.0,20.0,0,1
2025-02-10,ST02,SKU00615,25,399.18,15.97,0,2025-02-10,25,399.18,15.97,0,Sports,34.51,64.82,2025-02-10,7,2,Winter,0,,0,Winter,280,49,7,92,10,7,2,2025,0,0,0.0,0.0,25.0,25.0,0,0
2025-02-10,ST02,SKU00616,8,567.86,70.98,0,2025-02-10,8,567.86,70.98,0,Clothing,10.88,20.78,2025-02-10,7,2,Winter,0,,0,Winter,111,98,9,56,10,7,2,2025,0,0,0.0,0.0,8.0,8.0,0,0
2025-02-10,ST03,SKU00617,30,238.23,7.94,0,2025-02-10,30,238.23,7.94,0,Home & Garden,21.55,33.0,2025-02-10,7,2,Winter,0,,0,Winter,141,85,9,34,10,7,2,2025,0,0,0.0,0.0,30.0,30.0,0,0
2025-02-10,ST03,SKU00618,12,208.61,17.38,0,2025-02-10,12,208.61,17.38,0,Food,38.01,69.01,2025-02-10,7,2,Winter,0,,0,Winter,232,1,13,50,10,7,2,2025,0,0,0.0,0.0,12.0,12.0,0,0
2025-02-10,ST04,SKU00619,15,172.85,11.52,0,2025-02-10,15,172.85,11.52,0,Food,23.73,37.61,2025-02-10,7,2,Winter,0,,0,Winter,295,78,7,39,10,7,2,2025,0,0,0.0,0.0,15.0,15.0,0,0
2025-02-10,ST04,SKU00620,20,2201.13,110.06,0,2025-02-10,20,2201.13,110.06,0,Toys,40.57,67.57,2025-02-10,7,2,Winter,0,,0,Winter,363,38,7,94,10,7,2,2025,0,0,0.0,0.0,20.0,20.0,0,0
2025-02-10,ST05,SKU00621,25,878.1,35.12,0,2025-02-10,25,878.1,35.12,0,Food,11.17,18.19,2025-02-10,7,2,Winter,0,,0,Winter,62,84,12,82,10,7,2,2025,0,0,0.0,0.0,25.0,25.0,0,0
2025-02-10,ST05,SKU00622,8,140.49,17.56,0,2025-02-10,8,140.49,17.56,0,Electronics,19.56,36.52,2025-02-10,7,2,Winter,0,,0,Winter,387,44,6,89,10,7,2,2025,0,0,0.0,0.0,8.0,8.0,0,0
2025-02-10,ST06,SKU00623,30,445.26,14.84,1,2025-02-10,30,445.26,14.84,1,Books,13.95,17.46,2025-02-10,7,2,Winter,0,,0,Winter,444,62,7,81,10,7,2,2025,0,0,0.0,0.0,30.0,30.0,0,1
2025-02-10,ST06,SKU00624,12,823.25,68.6,0,2025-02-10,12,823.25,68.6,0,Sports,21.71,30.67,2025-02-10,7,2,Winter,0,,0,Winter,305,54,7,55,10,7,2,2025,0,0,0.0,0.0,12.0,12.0,0,0
2025-02-10,ST07,SKU00625,15,267.35,17.82,0,2025-02-10,15,267.35,17.82,0,Books,43.0,54.97,2025-02-10,7,2,Winter,0,,0,Winter,245,33,6,81,10,7,2,2025,0,0,0.0,0.0,15.0,15.0,0,0
2025-02-10,ST07,SKU00626,20,898.08,44.9,0,2025-02-10,20,898.08,44.9,0,Health,10.72,20.29,2025-02-10,7,2,Winter,0,,0,Winter,462,37,12,50,10,7,2,2025,0,0,0.0,0.0,20.0,20.0,0,0
2025-02-10,ST08,SKU00627,25,399.18,15.97,0,2025-02-10,25,399.18,15.97,0,Clothing,26.42,39.65,2025-02-10,7,2,Winter,0,,0,Winter,91,12,3,93,10,7,2,2025,0,0,0.0,0.0,25.0,25.0,0,0
2025-02-10,ST08,SKU00628,8,567.86,70.98,0,2025-02-10,8,567.86,70.98,0,Sports,43.68,66.13,2025-02-10,7,2,Winter,0,,0,Winter,66,8,11,30,10,7,2,2025,0,0,0.0,0.0,8.0,8.0,0,0
2025-02-10,ST09,SKU00629,30,238.23,7.94,0,2025-02-10,30,238.23,7.94,0,Health,45.14,88.67,2025-02-10,7,2,Winter,0,,0,Winter,179,59,3,39,10,7,2,2025,0,0,0.0,0.0,30.0,30.0,0,0
2025-02-10,ST09,SKU00630,12,208.61,17.38,0,2025-02-10,12,208.61,17.38,0,Electronics,34.64,67.7,2025-02-10,7,2,Winter,0,,0,Winter,291,57,10,50,10,7,2,2025,0,0,0.0,0.0,12.0,12.0,0,0
2025-02-10,ST10,SKU00631,15,172.85,11.52,0,2025-02-10,15,172.85,11.52,0,Clothing,24.69,34.66,2025-02-10,7,2,Winter,0,,0,Winter,333,74,9,63,10,7,2,2025,0,0,0.0,0.0,15.0,15.0,0,0
2025-02-10,ST10,SKU00632,20,2201.13,110.06,0,2025-02-10,20,2201.13,110.06,0,Health,46.86,65.72,2025-02-10,7,2,Winter,0,,0,Winter,313,58,8,78,10,7,2,2025,0,0,0.0,0.0,20.0,20.0,0,0
2025-02-11,ST01,SKU00633,25,878.1,35.12,0,2025-02-11,25,878.1,35.12,0,Beauty,25.77,44.05,2025-02-11,7,2,Winter,0,,0,Winter,128,16,9,74,11,7,2,2025,1,0,0.0,0.0,25.0,25.0,0,0
2025-02-11,ST01,SKU00634,8,140.49,17.56,1,2025-02-11,8,140.49,17.56,1,Clothing,22.39,34.92,2025-02-11,7,2,Winter,0,,0,Winter,118,31,3,37,11,7,2,2025,1,0,0.0,0.0,8.0,8.0,0,1
2025-02-11,ST02,SKU00635,30,445.26,14.84,0,2025-02-11,30,445.26,14.84,0,Electronics,32.63,40.89,2025-02-11,7,2,Winter,0,,0,Winter,382,71,11,72,11,7,2,2025,1,0,0.0,0.0,30.0,30.0,0,0
2025-02-11,ST02,SKU00636,12,823.25,68.6,0,2025-02-11,12,823.25,68.6,0,Beauty,44.71,57.43,2025-02-11,7,2,Winter,0,,0,Winter,434,50,10,53,11,7,2,2025,1,0,0.0,0.0,12.0,12.0,0,0
2025-02-11,ST03,SKU00637,15,267.35,17.82,0,2025-02-11,15,267.35,17.82,0,Electronics,24.95,30.89,2025-02-11,7,2,Winter,0,,0,Winter,66,4,6,50,11,7,2,2025,1,0,0.0,0.0,15.0,15.0,0,0
2025-02-11,ST03,SKU00638,20,898.08,44.9,0,2025-02-11,20,898.08,44.9,0,Beauty,8.82,15.63,2025-02-11,7,2,Winter,0,,0,Winter,281,57,6,40,11,7,2,2025,1,0,0.0,0.0,20.0,20.0,0,0
2025-02-11,ST04,SKU00639,25,399.18,15.97,0,2025-02-11,25,399.18,15.97,0,Home & Garden,8.21,9.93,2025-02-11,7,2,Winter,0,,0,Winter,485,14,5,36,11,7,2,2025,1,0,0.0,0.0,25.0,25.0,0,0
2025-02-11,ST04,SKU00640,8,567.86,70.98,0,2025-02-11,8,567.86,70.98,0,Books,27.89,42.11,2025-02-11,7,2,Winter,0,,0,Winter,77,50,13,87,11,7,2,2025,1,0,0.0,0.0,8.0,8.0,0,0
2025-02-11,ST05,SKU00641,30,238.23,7.94,0,2025-02-11,30,238.23,7.94,0,Sports,20.74,37.73,2025-02-11,7,2,Winter,0,,0,Winter,310,4,8,37,11,7,2,2025,1,0,0.0,0.0,30.0,30.0,0,0
2025-02-11,ST05,SKU00642,12,208.61,17.38,0,2025-02-11,12,208.61,17.38,0,Food,40.27,59.76,2025-02-11,7,2,Winter,0,,0,Winter,369,9,8,37,11,7,2,2025,1,0,0.0,0.0,12.0,12.0,0,0
2025-02-11,ST06,SKU00643,15,172.85,11.52,1,2025-02-11,15,172.85,11.52,1,Health,9.43,16.29,2025-02-11,7,2,Winter,0,,0,Winter,305,24,11,95,11,7,2,2025,1,0,0.0,0.0,15.0,15.0,0,1
2025-02-11,ST06,SKU00644,20,2201.13,110.06,0,2025-02-11,20,2201.13,110.06,0,Beauty,16.93,20.6,2025-02-11,7,2,Winter,0,,0,Winter,483,66,3,65,11,7,2,2025,1,0,0.0,0.0,20.0,20.0,0,0
2025-02-11,ST07,SKU00645,25,878.1,35.12,0,2025-02-11,25,878.1,35.12,0,Electronics,18.3,33.21,2025-02-11,7,2,Winter,0,,0,Winter,431,67,11,70,11,7,2,2025,1,0,0.0,0.0,25.0,25.0,0,0
2025-02-11,ST07,SKU00646,8,140.49,17.56,0,2025-02-11,8,140.49,17.56,0,Automotive,48.92,84.82,2025-02-11,7,2,Winter,0,,0,Winter,266,61,4,39,11,7,2,2025,1,0,0.0,0.0,8.0,8.0,0,0
2025-02-11,ST08,SKU00647,30,445.26,14.84,0,2025-02-11,30,445.26,14.84,0,Home & Garden,10.46,17.7,2025-02-11,7,2,Winter,0,,0,Winter,198,35,13,31,11,7,2,2025,1,0,0.0,0.0,30.0,30.0,0,0
2025-02-11,ST08,SKU00648,12,823.25,68.6,0,2025-02-11,12,823.25,68.6,0,Automotive,33.98,55.18,2025-02-11,7,2,Winter,0,,0,Winter,423,12,7,61,11,7,2,2025,1,0,0.0,0.0,12.0,12.0,0,0
2025-02-11,ST09,SKU00649,15,267.35,17.82,0,2025-02-11,15,267.35,17.82,0,Clothing,19.5,25.35,2025-02-11,7,2,Winter,0,,0,Winter,400,15,4,40,11,7,2,2025,1,0,0.0,0.0,15.0,15.0,0,0
2025-02-11,ST09,SKU00650,20,898.08,44.9,0,2025-02-11,20,898.08,44.9,0,Beauty,10.13,16.09,2025-02-11,7,2,Winter,0,,0,Winter,59,14,3,69,11,7,2,2025,1,0,0.0,0.0,20.0,20.0,0,0
2025-02-11,ST10,SKU00651,25,399.18,15.97,0,2025-02-11,25,399.18,15.97,0,Clothing,10.76,15.83,2025-02-11,7,2,Winter,0,,0,Winter,451,54,11,54,11,7,2,2025,1,0,0.0,0.0,25.0,25.0,0,0
2025-02-11,ST10,SKU00652,8,567.86,70.98,0,2025-02-11,8,567.86,70.98,0,Beauty,31.93,40.75,2025-02-11,7,2,Winter,0,,0,Winter,364,77,12,51,11,7,2,2025,1,0,0.0,0.0,8.0,8.0,0,0
2025-02-12,ST01,SKU00653,30,238.23,7.94,0,2025-02-12,30,238.23,7.94,0,Beauty,24.44,37.92,2025-02-12,7,2,Winter,0,,0,Winter,463,83,7,73,12,7,2,2025,2,0,0.0,0.0,30.0,30.0,0,0
2025-02-12,ST01,SKU00654,12,208.61,17.38,1,2025-02-12,12,208.61,17.38,1,Automotive,12.37,17.55,2025-02-12,7,2,Winter,0,,0,Winter,337,50,3,50,12,7,2,2025,2,0,0.0,0.0,12.0,12.0,0,1
2025-02-12,ST02,SKU00655,15,172.85,11.52,0,2025-02-12,15,172.85,11.52,0,Sports,10.47,14.21,2025-02-12,7,2,Winter,0,,0,Winter,171,31,9,68,12,7,2,2025,2,0,0.0,0.0,15.0,15.0,0,0
2025-02-12,ST02,SKU00656,20,2201.13,110.06,0,2025-02-12,20,2201.13,110.06,0,Electronics,34.06,48.66,2025-02-12,7,2,Winter,0,,0,Winter,317,46,4,50,12,7,2,2025,2,0,0.0,0.0,20.0,20.0,0,0
2025-02-12,ST03,SKU00657,25,878.1,35.12,0,2025-02-12,25,878.1,35.12,0,Food,44.57,62.69,2025-02-12,7,2,Winter,0,,0,Winter,446,20,10,75,12,7,2,2025,2,0,0.0,0.0,25.0,25.0,0,0
2025-02-12,ST03,SKU00658,8,140.49,17.56,0,2025-02-12,8,140.49,17.56,0,Clothing,33.62,46.29,2025-02-12,7,2,Winter,0,,0,Winter,409,6,9,51,12,7,2,2025,2,0,0.0,0.0,8.0,8.0,0,0
2025-02-12,ST04,SKU00659,30,445.26,14.84,0,2025-02-12,30,445.26,14.84,0,Beauty,38.67,63.66,2025-02-12,7,2,Winter,0,,0,Winter,284,88,8,58,12,7,2,2025,2,0,0.0,0.0,30.0,30.0,0,0
2025-02-12,ST04,SKU00660,12,823.25,68.6,0,2025-02-12,12,823.25,68.6,0,Food,34.53,46.33,2025-02-12,7,2,Winter,0,,0,Winter,318,81,4,58,12,7,2,2025,2,0,0.0,0.0,12.0,12.0,0,0
2025-02-12,ST05,SKU00661,15,267.35,17.82,0,2025-02-12,15,267.35,17.82,0,Toys,38.89,55.05,2025-02-12,7,2,Winter,0,,0,Winter,262,78,6,56,12,7,2,2025,2,0,0.0,0.0,15.0,15.0,0,0
2025-02-12,ST05,SKU00662,20,898.08,44.9,0,2025-02-12,20,898.08,44.9,0,Clothing,9.86,17.23,2025-02-12,7,2,Winter,0,,0,Winter,99,94,5,52,12,7,2,2025,2,0,0.0,0.0,20.0,20.0,0,0
2025-02-12,ST06,SKU00663,25,399.18,15.97,1,2025-02-12,25,399.18,15.97,1,Sports,41.8,57.3,2025-02-12,7,2,Winter,0,,0,Winter,137,43,8,72,12,7,2,2025,2,0,0.0,0.0,25.0,25.0,0,1
2025-02-12,ST06,SKU00664,8,567.86,70.98,0,2025-02-12,8,567.86,70.98,0,Home & Garden,11.78,17.36,2025-02-12,7,2,Winter,0,,0,Winter,470,60,3,85,12,7,2,2025,2,0,0.0,0.0,8.0,8.0,0,0
2025-02-12,ST07,SKU00665,30,238.23,7.94,0,2025-02-12,30,238.23,7.94,0,Toys,29.4,49.17,2025-02-12,7,2,Winter,0,,0,Winter,52,62,8,48,12,7,2,2025,2,0,0.0,0.0,30.0,30.0,0,0
2025-02-12,ST07,SKU00666,12,208.61,17.38,0,2025-02-12,12,208.61,17.38,0,Beauty,32.54,41.8,2025-02-12,7,2,Winter,0,,0,Winter,72,28,9,54,12,7,2,2025,2,0,0.0,0.0,12.0,12.0,0,0
2025-02-12,ST08,SKU00667,15,172.85,11.52,0,2025-02-12,15,172.85,11.52,0,Food,36.0,68.35,2025-02-12,7,2,Winter,0,,0,Winter,177,7,12,87,12,7,2,2025,2,0,0.0,0.0,15.0,15.0,0,0
2025-02-12,ST08,SKU00668,20,2201.13,110.06,0,2025-02-12,20,2201.13,110.06,0,Automotive,39.25,52.13,2025-02-12,7,2,Winter,0,,0,Winter,193,71,3,34,12,7,2,2025,2,0,0.0,0.0,20.0,20.0,0,0
2025-02-12,ST09,SKU00669,25,878.1,35.12,0,2025-02-12,25,878.1,35.12,0,Health,30.11,55.69,2025-02-12,7,2,Winter,0,,0,Winter,52,64,6,93,12,7,2,2025,2,0,0.0,0.0,25.0,25.0,0,0
2025-02-12,ST09,SKU00670,8,140.49,17.56,0,2025-02-12,8,140.49,17.56,0,Books,44.67,63.53,2025-02-12,7,2,Winter,0,,0,Winter,411,97,13,39,12,7,2,2025,2,0,0.0,0.0,8.0,8.0,0,0
2025-02-12,ST10,SKU00671,30,445.26,14.84,0,2025-02-12,30,445.26,14.84,0,Home & Garden,23.07,42.45,2025-02-12,7,2,Winter,0,,0,Winter,454,45,9,56,12,7,2,2025,2,0,0.0,0.0,30.0,30.0,0,0
2025-02-12,ST10,SKU00672,12,823.25,68.6,0,2025-02-12,12,823.25,68.6,0,Automotive,29.98,53.56,2025-02-12,7,2,Winter,0,,0,Winter,115,40,11,65,12,7,2,2025,2,0,0.0,0.0,12.0,12.0,0,0
2025-02-13,ST01,SKU00673,15,267.35,17.82,0,2025-02-13,15,267.35,17.82,0,Food,32.67,57.19,2025-02-13,7,2,Winter,0,,0,Winter,135,89,12,83,13,7,2,2025,3,0,0.0,0.0,15.0,15.0,0,0
2025-02-13,ST01,SKU00674,20,898.08,44.9,1,2025-02-13,20,898.08,44.9,1,Automotive,29.94,36.05,2025-02-13,7,2,Winter,0,,0,Winter,61,80,11,63,13,7,2,2025,3,0,0.0,0.0,20.0,20.0,0,1
2025-02-13,ST02,SKU00675,25,399.18,15.97,0,2025-02-13,25,399.18,15.97,0,Health,42.8,79.87,2025-02-13,7,2,Winter,0,,0,Winter,486,19,13,45,13,7,2,2025,3,0,0.0,0.0,25.0,25.0,0,0
2025-02-13,ST02,SKU00676,8,567.86,70.98,0,2025-02-13,8,567.86,70.98,0,Automotive,48.11,71.9,2025-02-13,7,2,Winter,0,,0,Winter,292,94,9,99,13,7,2,2025,3,0,0.0,0.0,8.0,8.0,0,0
2025-02-13,ST03,SKU00677,30,238.23,7.94,0,2025-02-13,30,238.23,7.94,0,Home & Garden,42.89,67.6,2025-02-13,7,2,Winter,0,,0,Winter,361,82,7,87,13,7,2,2025,3,0,0.0,0.0,30.0,30.0,0,0
2025-02-13,ST03,SKU00678,12,208.61,17.38,0,2025-02-13,12,208.61,17.38,0,Home & Garden,49.84,74.49,2025-02-13,7,2,Winter,0,,0,Winter,181,3,6,39,13,7,2,2025,3,0,0.0,0.0,12.0,12.0,0,0
2025-02-13,ST04,SKU00679,15,172.85,11.52,0,2025-02-13,15,172.85,11.52,0,Sports,37.49,71.57,2025-02-13,7,2,Winter,0,,0,Winter,73,98,12,66,13,7,2,2025,3,0,0.0,0.0,15.0,15.0,0,0
2025-02-13,ST04,SKU00680,20,2201.13,110.06,0,2025-02-13,20,2201.13,110.06,0,Home & Garden,11.2,19.38,2025-02-13,7,2,Winter,0,,0,Winter,279,84,8,50,13,7,2,2025,3,0,0.0,0.0,20.0,20.0,0,0
2025-02-13,ST05,SKU00681,25,878.1,35.12,0,2025-02-13,25,878.1,35.12,0,Toys,36.3,43.66,2025-02-13,7,2,Winter,0,,0,Winter,251,37,6,89,13,7,2,2025,3,0,0.0,0.0,25.0,25.0,0,0
2025-02-13,ST05,SKU00682,8,140.49,17.56,0,2025-02-13,8,140.49,17.56,0,Toys,12.51,16.83,2025-02-13,7,2,Winter,0,,0,Winter,106,44,6,46,13,7,2,2025,3,0,0.0,0.0,8.0,8.0,0,0
2025-02-13,ST06,SKU00683,30,445.26,14.84,1,2025-02-13,30,445.26,14.84,1,Sports,23.1,43.89,2025-02-13,7,2,Winter,0,,0,Winter,168,70,6,43,13,7,2,2025,3,0,0.0,0.0,30.0,30.0,0,1
2025-02-13,ST06,SKU00684,12,823.25,68.6,0,2025-02-13,12,823.25,68.6,0,Home & Garden,7.92,13.18,2025-02-13,7,2,Winter,0,,0,Winter,52,87,7,87,13,7,2,2025,3,0,0.0,0.0,12.0,12.0,0,0
2025-02-13,ST07,SKU00685,15,267.35,17.82,0,2025-02-13,15,267.35,17.82,0,Food,36.63,45.51,2025-02-13,7,2,Winter,0,,0,Winter,104,3,10,53,13,7,2,2025,3,0,0.0,0.0,15.0,15.0,0,0
2025-02-13,ST07,SKU00686,20,898.08,44.9,0,2025-02-13,20,898.08,44.9,0,Beauty,35.44,65.35,2025-02-13,7,2,Winter,0,,0,Winter,211,29,4,48,13,7,2,2025,3,0,0.0,0.0,20.0,20.0,0,0
2025-02-13,ST08,SKU00687,25,399.18,15.97,0,2025-02-13,25,399.18,15.97,0,Home & Garden,27.42,34.6,2025-02-13,7,2,Winter,0,,0,Winter,208,59,5,78,13,7,2,2025,3,0,0.0,0.0,25.0,25.0,0,0
2025-02-13,ST08,SKU00688,8,567.86,70.98,0,2025-02-13,8,567.86,70.98,0,Toys,36.29,65.21,2025-02-13,7,2,Winter,0,,0,Winter,368,82,8,53,13,7,2,2025,3,0,0.0,0.0,8.0,8.0,0,0
2025-02-13,ST09,SKU00689,30,238.23,7.94,0,2025-02-13,30,238.23,7.94,0,Health,36.85,67.46,2025-02-13,7,2,Winter,0,,0,Winter,158,75,12,60,13,7,2,2025,3,0,0.0,0.0,30.0,30.0,0,0
2025-02-13,ST09,SKU00690,12,208.61,17.38,0,2025-02-13,12,208.61,17.38,0,Home & Garden,24.81,32.7,2025-02-13,7,2,Winter,0,,0,Winter,405,63,5,77,13,7,2,2025,3,0,0.0,0.0,12.0,12.0,0,0
2025-02-13,ST10,SKU00691,15,172.85,11.52,0,2025-02-13,15,172.85,11.52,0,Food,38.1,52.91,2025-02-13,7,2,Winter,0,,0,Winter,222,99,9,84,13,7,2,2025,3,0,0.0,0.0,15.0,15.0,0,0
2025-02-13,ST10,SKU00692,20,2201.13,110.06,0,2025-02-13,20,2201.13,110.06,0,Sports,7.81,14.39,2025-02-13,7,2,Winter,0,,0,Winter,195,62,6,76,13,7,2,2025,3,0,0.0,0.0,20.0,20.0,0,0
2025-02-14,ST01,SKU00693,25,878.1,35.12,0,2025-02-14,25,878.1,35.12,0,Automotive,46.99,80.54,2025-02-14,7,2,Winter,0,Valentine's Day Sale,0,Winter,362,44,3,46,14,7,2,2025,4,0,0.0,0.0,25.0,25.0,0,0
2025-02-14,ST01,SKU00694,8,140.49,17.56,1,2025-02-14,8,140.49,17.56,1,Electronics,33.69,53.8,2025-02-14,7,2,Winter,0,Valentine's Day Sale,0,Winter,247,3,6,76,14,7,2,2025,4,0,0.0,0.0,8.0,8.0,0,1
2025-02-14,ST02,SKU00695,30,445.26,14.84,0,2025-02-14,30,445.26,14.84,0,Toys,49.6,89.17,2025-02-14,7,2,Winter,0,Valentine's Day Sale,0,Winter,448,69,13,38,14,7,2,2025,4,0,0.0,0.0,30.0,30.0,0,0
2025-02-14,ST02,SKU00696,12,823.25,68.6,0,2025-02-14,12,823.25,68.6,0,Food,30.73,51.33,2025-02-14,7,2,Winter,0,Valentine's Day Sale,0,Winter,139,15,7,90,14,7,2,2025,4,0,0.0,0.0,12.0,12.0,0,0
2025-02-14,ST03,SKU00697,15,267.35,17.82,0,2025-02-14,15,267.35,17.82,0,Automotive,30.45,60.4,2025-02-14,7,2,Winter,0,Valentine's Day Sale,0,Winter,187,49,5,99,14,7,2,2025,4,0,0.0,0.0,15.0,15.0,0,0
2025-02-14,ST03,SKU00698,20,898.08,44.9,0,2025-02-14,20,898.08,44.9,0,Home & Garden,6.18,7.53,2025-02-14,7,2,Winter,0,Valentine's Day Sale,0,Winter,386,50,7,48,14,7,2,2025,4,0,0.0,0.0,20.0,20.0,0,0
2025-02-14,ST04,SKU00699,25,399.18,15.97,0,2025-02-14,25,399.18,15.97,0,Toys,17.29,27.91,2025-02-14,7,2,Winter,0,Valentine's Day Sale,0,Winter,475,34,12,98,14,7,2,2025,4,0,0.0,0.0,25.0,25.0,0,0
2025-02-14,ST04,SKU00700,8,567.86,70.98,0,2025-02-14,8,567.86,70.98,0,Home & Garden,47.33,66.61,2025-02-14,7,2,Winter,0,Valentine's Day Sale,0,Winter,398,63,7,78,14,7,2,2025,4,0,0.0,0.0,8.0,8.0,0,0
2025-02-14,ST05,SKU00701,30,238.23,7.94,0,2025-02-14,30,238.23,7.94,0,Health,44.27,82.95,2025-02-14,7,2,Winter,0,Valentine's Day Sale,0,Winter,454,73,7,99,14,7,2,2025,4,0,0.0,0.0,30.0,30.0,0,0
2025-02-14,ST05,SKU00702,12,208.61,17.38,0,2025-02-14,12,208.61,17.38,0,Books,26.64,41.24,2025-02-14,7,2,Winter,0,Valentine's Day Sale,0,Winter,139,3,9,68,14,7,2,2025,4,0,0.0,0.0,12.0,12.0,0,0
2025-02-14,ST06,SKU00703,15,172.85,11.52,1,2025-02-14,15,172.85,11.52,1,Books,36.77,62.69,2025-02-14,7,2,Winter,0,Valentine's Day Sale,0,Winter,468,0,10,86,14,7,2,2025,4,0,0.0,0.0,15.0,15.0,0,1
2025-02-14,ST06,SKU00704,20,2201.13,110.06,0,2025-02-14,20,2201.13,110.06,0,Food,45.68,88.04,2025-02-14,7,2,Winter,0,Valentine's Day Sale,0,Winter,149,69,11,83,14,7,2,2025,4,0,0.0,0.0,20.0,20.0,0,0
2025-02-14,ST07,SKU00705,25,878.1,35.12,0,2025-02-14,25,878.1,35.12,0,Beauty,37.83,68.56,2025-02-14,7,2,Winter,0,Valentine's Day Sale,0,Winter,223,59,11,60,14,7,2,2025,4,0,0.0,0.0,25.0,25.0,0,0
2025-02-14,ST07,SKU00706,8,140.49,17.56,0,2025-02-14,8,140.49,17.56,0,Toys,15.14,19.75,2025-02-14,7,2,Winter,0,Valentine's Day Sale,0,Winter,133,23,11,65,14,7,2,2025,4,0,0.0,0.0,8.0,8.0,0,0
2025-02-14,ST08,SKU00707,30,445.26,14.84,0,2025-02-14,30,445.26,14.84,0,Automotive,38.81,66.97,2025-02-14,7,2,Winter,0,Valentine's Day Sale,0,Winter,262,29,10,59,14,7,2,2025,4,0,0.0,0.0,30.0,30.0,0,0
2025-02-14,ST08,SKU00708,12,823.25,68.6,0,2025-02-14,12,823.25,68.6,0,Sports,5.6,7.99,2025-02-14,7,2,Winter,0,Valentine's Day Sale,0,Winter,391,91,9,64,14,7,2,2025,4,0,0.0,0.0,12.0,12.0,0,0
2025-02-14,ST09,SKU00709,15,267.35,17.82,0,2025-02-14,15,267.35,17.82,0,Health,17.7,24.94,2025-02-14,7,2,Winter,0,Valentine's Day Sale,0,Winter,488,91,10,39,14,7,2,2025,4,0,0.0,0.0,15.0,15.0,0,0
2025-02-14,ST09,SKU00710,20,898.08,44.9,0,2025-02-14,20,898.08,44.9,0,Home & Garden,17.4,31.84,2025-02-14,7,2,Winter,0,Valentine's Day Sale,0,Winter,385,15,8,99,14,7,2,2025,4,0,0.0,0.0,20.0,20.0,0,0
2025-02-14,ST10,SKU00711,25,399.18,15.97,0,2025-02-14,25,399.18,15.97,0,Health,17.24,31.16,2025-02-14,7,2,Winter,0,Valentine's Day Sale,0,Winter,93,72,6,85,14,7,2,2025,4,0,0.0,0.0,25.0,25.0,0,0
2025-02-14,ST10,SKU00712,8,567.86,70.98,0,2025-02-14,8,567.86,70.98,0,Health,43.02,60.85,2025-02-14,7,2,Winter,0,Valentine's Day Sale,0,Winter,156,83,4,86,14,7,2,2025,4,0,0.0,0.0,8.0,8.0,0,0
2025-02-15,ST01,SKU00713,30,238.23,7.94,0,2025-02-15,30,238.23,7.94,0,Automotive,26.94,33.05,2025-02-15,7,2,Winter,0,Valentine's Day Sale,0,Winter,70,67,4,62,15,7,2,2025,5,1,0.0,0.0,30.0,30.0,0,0
2025-02-15,ST01,SKU00714,12,208.61,17.38,1,2025-02-15,12,208.61,17.38,1,Sports,32.89,54.25,2025-02-15,7,2,Winter,0,Valentine's Day Sale,0,Winter,56,69,4,61,15,7,2,2025,5,1,0.0,0.0,12.0,12.0,0,1
2025-02-15,ST02,SKU00715,15,172.85,11.52,0,2025-02-15,15,172.85,11.52,0,Books,28.96,44.27,2025-02-15,7,2,Winter,0,Valentine's Day Sale,0,Winter,297,74,6,44,15,7,2,2025,5,1,0.0,0.0,15.0,15.0,0,0
2025-02-15,ST02,SKU00716,20,2201.13,110.06,0,2025-02-15,20,2201.13,110.06,0,Food,8.89,12.35,2025-02-15,7,2,Winter,0,Valentine's Day Sale,0,Winter,481,70,7,71,15,7,2,2025,5,1,0.0,0.0,20.0,20.0,0,0
2025-02-15,ST03,SKU00717,25,878.1,35.12,0,2025-02-15,25,878.1,35.12,0,Beauty,29.67,38.65,2025-02-15,7,2,Winter,0,Valentine's Day Sale,0,Winter,203,13,11,66,15,7,2,2025,5,1,0.0,0.0,25.0,25.0,0,0
2025-02-15,ST03,SKU00718,8,140.49,17.56,0,2025-02-15,8,140.49,17.56,0,Food,22.71,42.28,2025-02-15,7,2,Winter,0,Valentine's Day Sale,0,Winter,363,20,4,98,15,7,2,2025,5,1,0.0,0.0,8.0,8.0,0,0
2025-02-15,ST04,SKU00719,30,445.26,14.84,0,2025-02-15,30,445.26,14.84,0,Beauty,16.71,29.82,2025-02-15,7,2,Winter,0,Valentine's Day Sale,0,Winter,180,86,12,66,15,7,2,2025,5,1,0.0,0.0,30.0,30.0,0,0
2025-02-15,ST04,SKU00720,12,823.25,68.6,0,2025-02-15,12,823.25,68.6,0,Health,49.08,64.59,2025-02-15,7,2,Winter,0,Valentine's Day Sale,0,Winter,354,18,5,41,15,7,2,2025,5,1,0.0,0.0,12.0,12.0,0,0
2025-02-15,ST05,SKU00721,15,267.35,17.82,0,2025-02-15,15,267.35,17.82,0,Food,13.91,22.99,2025-02-15,7,2,Winter,0,Valentine's Day Sale,0,Winter,494,40,3,79,15,7,2,2025,5,1,0.0,0.0,15.0,15.0,0,0
2025-02-15,ST05,SKU00722,20,898.08,44.9,0,2025-02-15,20,898.08,44.9,0,Home & Garden,18.89,36.98,2025-02-15,7,2,Winter,0,Valentine's Day Sale,0,Winter,166,67,12,62,15,7,2,2025,5,1,0.0,0.0,20.0,20.0,0,0
2025-02-15,ST06,SKU00723,25,399.18,15.97,1,2025-02-15,25,399.18,15.97,1,Automotive,13.24,16.12,2025-02-15,7,2,Winter,0,Valentine's Day Sale,0,Winter,130,23,4,57,15,7,2,2025,5,1,0.0,0.0,25.0,25.0,0,1
2025-02-15,ST06,SKU00724,8,567.86,70.98,0,2025-02-15,8,567.86,70.98,0,Books,15.14,21.21,2025-02-15,7,2,Winter,0,Valentine's Day Sale,0,Winter,491,42,11,68,15,7,2,2025,5,1,0.0,0.0,8.0,8.0,0,0
2025-02-15,ST07,SKU00725,30,238.23,7.94,0,2025-02-15,30,238.23,7.94,0,Food,35.77,58.52,2025-02-15,7,2,Winter,0,Valentine's Day Sale,0,Winter,135,48,3,99,15,7,2,2025,5,1,0.0,0.0,30.0,30.0,0,0
2025-02-15,ST07,SKU00726,12,208.61,17.38,0,2025-02-15,12,208.61,17.38,0,Beauty,10.16,19.19,2025-02-15,7,2,Winter,0,Valentine's Day Sale,0,Winter,247,97,3,34,15,7,2,2025,5,1,0.0,0.0,12.0,12.0,0,0
2025-02-15,ST08,SKU00727,15,172.85,11.52,0,2025-02-15,15,172.85,11.52,0,Health,29.41,53.93,2025-02-15,7,2,Winter,0,Valentine's Day Sale,0,Winter,51,21,11,95,15,7,2,2025,5,1,0.0,0.0,15.0,15.0,0,0
2025-02-15,ST08,SKU00728,20,2201.13,110.06,0,2025-02-15,20,2201.13,110.06,0,Electronics,29.46,37.28,2025-02-15,7,2,Winter,0,Valentine's Day Sale,0,Winter,379,97,5,68,15,7,2,2025,5,1,0.0,0.0,20.0,20.0,0,0
2025-02-15,ST09,SKU00729,25,878.1,35.12,0,2025-02-15,25,878.1,35.12,0,Toys,43.11,66.52,2025-02-15,7,2,Winter,0,Valentine's Day Sale,0,Winter,135,75,10,69,15,7,2,2025,5,1,0.0,0.0,25.0,25.0,0,0
2025-02-15,ST09,SKU00730,8,140.49,17.56,0,2025-02-15,8,140.49,17.56,0,Books,47.56,89.41,2025-02-15,7,2,Winter,0,Valentine's Day Sale,0,Winter,343,59,13,39,15,7,2,2025,5,1,0.0,0.0,8.0,8.0,0,0
2025-02-15,ST10,SKU00731,30,445.26,14.84,0,2025-02-15,30,445.26,14.84,0,Clothing,9.39,17.74,2025-02-15,7,2,Winter,0,Valentine's Day Sale,0,Winter,148,63,5,92,15,7,2,2025,5,1,0.0,0.0,30.0,30.0,0,0
2025-02-15,ST10,SKU00732,12,823.25,68.6,0,2025-02-15,12,823.25,68.6,0,Home & Garden,34.29,56.12,2025-02-15,7,2,Winter,0,Valentine's Day Sale,0,Winter,98,63,9,50,15,7,2,2025,5,1,0.0,0.0,12.0,12.0,0,0
2025-02-16,ST01,SKU00733,15,267.35,17.82,0,2025-02-16,15,267.35,17.82,0,Beauty,40.41,52.12,2025-02-16,7,2,Winter,0,Valentine's Day Sale,0,Winter,69,25,6,44,16,7,2,2025,6,1,0.0,0.0,15.0,15.0,0,0
2025-02-16,ST01,SKU00734,20,898.08,44.9,1,2025-02-16,20,898.08,44.9,1,Health,49.01,89.95,2025-02-16,7,2,Winter,0,Valentine's Day Sale,0,Winter,425,84,8,43,16,7,2,2025,6,1,0.0,0.0,20.0,20.0,0,1
2025-02-16,ST02,SKU00735,25,399.18,15.97,0,2025-02-16,25,399.18,15.97,0,Electronics,14.06,19.78,2025-02-16,7,2,Winter,0,Valentine's Day Sale,0,Winter,460,39,12,57,16,7,2,2025,6,1,0.0,0.0,25.0,25.0,0,0
2025-02-16,ST02,SKU00736,8,567.86,70.98,0,2025-02-16,8,567.86,70.98,0,Sports,29.52,53.33,2025-02-16,7,2,Winter,0,Valentine's Day Sale,0,Winter,75,62,4,54,16,7,2,2025,6,1,0.0,0.0,8.0,8.0,0,0
2025-02-16,ST03,SKU00737,30,238.23,7.94,0,2025-02-16,30,238.23,7.94,0,Sports,28.37,38.7,2025-02-16,7,2,Winter,0,Valentine's Day Sale,0,Winter,297,2,10,73,16,7,2,2025,6,1,0.0,0.0,30.0,30.0,0,0
2025-02-16,ST03,SKU00738,12,208.61,17.38,0,2025-02-16,12,208.61,17.38,0,Books,34.68,46.1,2025-02-16,7,2,Winter,0,Valentine's Day Sale,0,Winter,146,41,6,35,16,7,2,2025,6,1,0.0,0.0,12.0,12.0,0,0
2025-02-16,ST04,SKU00739,15,172.85,11.52,0,2025-02-16,15,172.85,11.52,0,Automotive,30.21,54.39,2025-02-16,7,2,Winter,0,Valentine's Day Sale,0,Winter,216,51,9,79,16,7,2,2025,6,1,0.0,0.0,15.0,15.0,0,0
2025-02-16,ST04,SKU00740,20,2201.13,110.06,0,2025-02-16,20,2201.13,110.06,0,Electronics,6.22,7.79,2025-02-16,7,2,Winter,0,Valentine's Day Sale,0,Winter,476,18,7,80,16,7,2,2025,6,1,0.0,0.0,20.0,20.0,0,0
2025-02-16,ST05,SKU00741,25,878.1,35.12,0,2025-02-16,25,878.1,35.12,0,Home & Garden,45.91,74.89,2025-02-16,7,2,Winter,0,Valentine's Day Sale,0,Winter,316,11,12,37,16,7,2,2025,6,1,0.0,0.0,25.0,25.0,0,0
2025-02-16,ST05,SKU00742,8,140.49,17.56,0,2025-02-16,8,140.49,17.56,0,Sports,40.93,61.29,2025-02-16,7,2,Winter,0,Valentine's Day Sale,0,Winter,457,91,11,65,16,7,2,2025,6,1,0.0,0.0,8.0,8.0,0,0
2025-02-16,ST06,SKU00743,30,445.26,14.84,1,2025-02-16,30,445.26,14.84,1,Food,41.99,63.17,2025-02-16,7,2,Winter,0,Valentine's Day Sale,0,Winter,134,71,9,38,16,7,2,2025,6,1,0.0,0.0,30.0,30.0,0,1
2025-02-16,ST06,SKU00744,12,823.25,68.6,0,2025-02-16,12,823.25,68.6,0,Home & Garden,24.85,33.71,2025-02-16,7,2,Winter,0,Valentine's Day Sale,0,Winter,96,14,10,71,16,7,2,2025,6,1,0.0,0.0,12.0,12.0,0,0
2025-02-16,ST07,SKU00745,15,267.35,17.82,0,2025-02-16,15,267.35,17.82,0,Health,9.23,13.71,2025-02-16,7,2,Winter,0,Valentine's Day Sale,0,Winter,365,83,8,41,16,7,2,2025,6,1,0.0,0.0,15.0,15.0,0,0
2025-02-16,ST07,SKU00746,20,898.08,44.9,0,2025-02-16,20,898.08,44.9,0,Automotive,30.99,52.92,2025-02-16,7,2,Winter,0,Valentine's Day Sale,0,Winter,435,6,5,32,16,7,2,2025,6,1,0.0,0.0,20.0,20.0,0,0
2025-02-16,ST08,SKU00747,25,399.18,15.97,0,2025-02-16,25,399.18,15.97,0,Food,33.92,46.02,2025-02-16,7,2,Winter,0,Valentine's Day Sale,0,Winter,332,39,8,62,16,7,2,2025,6,1,0.0,0.0,25.0,25.0,0,0
2025-02-16,ST08,SKU00748,8,567.86,70.98,0,2025-02-16,8,567.86,70.98,0,Beauty,28.41,44.26,2025-02-16,7,2,Winter,0,Valentine's Day Sale,0,Winter,269,0,9,37,16,7,2,2025,6,1,0.0,0.0,8.0,8.0,0,0
2025-02-16,ST09,SKU00749,30,238.23,7.94,0,2025-02-16,30,238.23,7.94,0,Toys,40.7,59.15,2025-02-16,7,2,Winter,0,Valentine's Day Sale,0,Winter,150,31,13,33,16,7,2,2025,6,1,0.0,0.0,30.0,30.0,0,0
2025-02-16,ST09,SKU00750,12,208.61,17.38,0,2025-02-16,12,208.61,17.38,0,Home & Garden,21.34,40.92,2025-02-16,7,2,Winter,0,Valentine's Day Sale,0,Winter,415,18,11,41,16,7,2,2025,6,1,0.0,0.0,12.0,12.0,0,0
2025-02-16,ST10,SKU00751,15,172.85,11.52,0,2025-02-16,15,172.85,11.52,0,Beauty,27.82,46.69,2025-02-16,7,2,Winter,0,Valentine's Day Sale,0,Winter,444,45,9,45,16,7,2,2025,6,1,0.0,0.0,15.0,15.0,0,0
2025-02-16,ST10,SKU00752,20,2201.13,110.06,0,2025-02-16,20,2201.13,110.06,0,Food,13.29,25.45,2025-02-16,7,2,Winter,0,Valentine's Day Sale,0,Winter,178,62,9,50,16,7,2,2025,6,1,0.0,0.0,20.0,20.0,0,0
2025-02-17,ST01,SKU00753,25,878.1,35.12,0,2025-02-17,25,878.1,35.12,0,Books,24.81,41.99,2025-02-17,8,2,Winter,0,,0,Winter,207,12,4,33,17,8,2,2025,0,0,0.0,0.0,25.0,25.0,0,0
2025-02-17,ST01,SKU00754,8,140.49,17.56,1,2025-02-17,8,140.49,17.56,1,Toys,43.56,56.37,2025-02-17,8,2,Winter,0,,0,Winter,461,94,13,56,17,8,2,2025,0,0,0.0,0.0,8.0,8.0,0,1
2025-02-17,ST02,SKU00755,30,445.26,14.84,0,2025-02-17,30,445.26,14.84,0,Food,48.52,74.44,2025-02-17,8,2,Winter,0,,0,Winter,374,24,5,97,17,8,2,2025,0,0,0.0,0.0,30.0,30.0,0,0
2025-02-17,ST02,SKU00756,12,823.25,68.6,0,2025-02-17,12,823.25,68.6,0,Food,10.51,18.71,2025-02-17,8,2,Winter,0,,0,Winter,330,19,4,55,17,8,2,2025,0,0,0.0,0.0,12.0,12.0,0,0
2025-02-17,ST03,SKU00757,15,267.35,17.82,0,2025-02-17,15,267.35,17.82,0,Clothing,12.47,23.76,2025-02-17,8,2,Winter,0,,0,Winter,431,4,5,90,17,8,2,2025,0,0,0.0,0.0,15.0,15.0,0,0
2025-02-17,ST03,SKU00758,20,898.08,44.9,0,2025-02-17,20,898.08,44.9,0,Food,10.84,18.97,2025-02-17,8,2,Winter,0,,0,Winter,314,49,8,89,17,8,2,2025,0,0,0.0,0.0,20.0,20.0,0,0
2025-02-17,ST04,SKU00759,25,399.18,15.97,0,2025-02-17,25,399.18,15.97,0,Home & Garden,28.73,51.01,2025-02-17,8,2,Winter,0,,0,Winter,477,10,4,76,17,8,2,2025,0,0,0.0,0.0,25.0,25.0,0,0
2025-02-17,ST04,SKU00760,8,567.86,70.98,0,2025-02-17,8,567.86,70.98,0,Clothing,14.44,21.7,2025-02-17,8,2,Winter,0,,0,Winter,413,72,7,32,17,8,2,2025,0,0,0.0,0.0,8.0,8.0,0,0
2025-02-17,ST05,SKU00761,30,238.23,7.94,0,2025-02-17,30,238.23,7.94,0,Home & Garden,13.43,25.34,2025-02-17,8,2,Winter,0,,0,Winter,125,91,12,50,17,8,2,2025,0,0,0.0,0.0,30.0,30.0,0,0
2025-02-17,ST05,SKU00762,12,208.61,17.38,0,2025-02-17,12,208.61,17.38,0,Sports,46.32,59.69,2025-02-17,8,2,Winter,0,,0,Winter,205,89,3,64,17,8,2,2025,0,0,0.0,0.0,12.0,12.0,0,0
2025-02-17,ST06,SKU00763,15,172.85,11.52,1,2025-02-17,15,172.85,11.52,1,Automotive,26.2,48.67,2025-02-17,8,2,Winter,0,,0,Winter,229,33,11,80,17,8,2,2025,0,0,0.0,0.0,15.0,15.0,0,1
2025-02-17,ST06,SKU00764,20,2201.13,110.06,0,2025-02-17,20,2201.13,110.06,0,Automotive,21.1,33.66,2025-02-17,8,2,Winter,0,,0,Winter,480,81,12,86,17,8,2,2025,0,0,0.0,0.0,20.0,20.0,0,0
2025-02-17,ST07,SKU00765,25,878.1,35.12,0,2025-02-17,25,878.1,35.12,0,Home & Garden,44.59,72.25,2025-02-17,8,2,Winter,0,,0,Winter,328,47,8,46,17,8,2,2025,0,0,0.0,0.0,25.0,25.0,0,0
2025-02-17,ST07,SKU00766,8,140.49,17.56,0,2025-02-17,8,140.49,17.56,0,Books,10.08,12.8,2025-02-17,8,2,Winter,0,,0,Winter,374,10,13,64,17,8,2,2025,0,0,0.0,0.0,8.0,8.0,0,0
2025-02-17,ST08,SKU00767,30,445.26,14.84,0,2025-02-17,30,445.26,14.84,0,Electronics,15.79,20.75,2025-02-17,8,2,Winter,0,,0,Winter,338,83,4,95,17,8,2,2025,0,0,0.0,0.0,30.0,30.0,0,0
2025-02-17,ST08,SKU00768,12,823.25,68.6,0,2025-02-17,12,823.25,68.6,0,Automotive,38.29,51.8,2025-02-17,8,2,Winter,0,,0,Winter,473,27,9,99,17,8,2,2025,0,0,0.0,0.0,12.0,12.0,0,0
2025-02-17,ST09,SKU00769,15,267.35,17.82,0,2025-02-17,15,267.35,17.82,0,Automotive,24.6,40.88,2025-02-17,8,2,Winter,0,,0,Winter,250,19,3,92,17,8,2,2025,0,0,0.0,0.0,15.0,15.0,0,0
2025-02-17,ST09,SKU00770,20,898.08,44.9,0,2025-02-17,20,898.08,44.9,0,Electronics,42.87,67.6,2025-02-17,8,2,Winter,0,,0,Winter,116,3,12,54,17,8,2,2025,0,0,0.0,0.0,20.0,20.0,0,0
2025-02-17,ST10,SKU00771,25,399.18,15.97,0,2025-02-17,25,399.18,15.97,0,Home & Garden,6.4,11.47,2025-02-17,8,2,Winter,0,,0,Winter,352,37,7,86,17,8,2,2025,0,0,0.0,0.0,25.0,25.0,0,0
2025-02-17,ST10,SKU00772,8,567.86,70.98,0,2025-02-17,8,567.86,70.98,0,Clothing,19.63,34.33,2025-02-17,8,2,Winter,0,,0,Winter,166,52,6,43,17,8,2,2025,0,0,0.0,0.0,8.0,8.0,0,0
2025-02-18,ST01,SKU00773,30,238.23,7.94,0,2025-02-18,30,238.23,7.94,0,Food,12.52,21.59,2025-02-18,8,2,Winter,0,,0,Winter,450,38,11,35,18,8,2,2025,1,0,0.0,0.0,30.0,30.0,0,0
2025-02-18,ST01,SKU00774,12,208.61,17.38,1,2025-02-18,12,208.61,17.38,1,Electronics,42.67,60.73,2025-02-18,8,2,Winter,0,,0,Winter,300,90,9,88,18,8,2,2025,1,0,0.0,0.0,12.0,12.0,0,1
2025-02-18,ST02,SKU00775,15,172.85,11.52,0,2025-02-18,15,172.85,11.52,0,Home & Garden,36.24,58.35,2025-02-18,8,2,Winter,0,,0,Winter,140,97,10,75,18,8,2,2025,1,0,0.0,0.0,15.0,15.0,0,0
2025-02-18,ST02,SKU00776,20,2201.13,110.06,0,2025-02-18,20,2201.13,110.06,0,Toys,21.22,26.62,2025-02-18,8,2,Winter,0,,0,Winter,87,13,6,91,18,8,2,2025,1,0,0.0,0.0,20.0,20.0,0,0
2025-02-18,ST03,SKU00777,25,878.1,35.12,0,2025-02-18,25,878.1,35.12,0,Automotive,18.68,32.17,2025-02-18,8,2,Winter,0,,0,Winter,84,18,13,54,18,8,2,2025,1,0,0.0,0.0,25.0,25.0,0,0
2025-02-18,ST03,SKU00778,8,140.49,17.56,0,2025-02-18,8,140.49,17.56,0,Sports,44.2,80.14,2025-02-18,8,2,Winter,0,,0,Winter,473,87,12,51,18,8,2,2025,1,0,0.0,0.0,8.0,8.0,0,0
2025-02-18,ST04,SKU00779,30,445.26,14.84,0,2025-02-18,30,445.26,14.84,0,Home & Garden,7.66,14.7,2025-02-18,8,2,Winter,0,,0,Winter,481,82,5,32,18,8,2,2025,1,0,0.0,0.0,30.0,30.0,0,0
2025-02-18,ST04,SKU00780,12,823.25,68.6,0,2025-02-18,12,823.25,68.6,0,Home & Garden,45.82,79.58,2025-02-18,8,2,Winter,0,,0,Winter,475,18,11,57,18,8,2,2025,1,0,0.0,0.0,12.0,12.0,0,0
2025-02-18,ST05,SKU00781,15,267.35,17.82,0,2025-02-18,15,267.35,17.82,0,Food,12.61,19.06,2025-02-18,8,2,Winter,0,,0,Winter,222,70,11,48,18,8,2,2025,1,0,0.0,0.0,15.0,15.0,0,0
2025-02-18,ST05,SKU00782,20,898.08,44.9,0,2025-02-18,20,898.08,44.9,0,Toys,15.2,22.88,2025-02-18,8,2,Winter,0,,0,Winter,480,13,10,67,18,8,2,2025,1,0,0.0,0.0,20.0,20.0,0,0
2025-02-18,ST06,SKU00783,25,399.18,15.97,1,2025-02-18,25,399.18,15.97,1,Home & Garden,23.57,43.42,2025-02-18,8,2,Winter,0,,0,Winter,486,60,6,69,18,8,2,2025,1,0,0.0,0.0,25.0,25.0,0,1
2025-02-18,ST06,SKU00784,8,567.86,70.98,0,2025-02-18,8,567.86,70.98,0,Sports,5.81,8.93,2025-02-18,8,2,Winter,0,,0,Winter,335,8,3,81,18,8,2,2025,1,0,0.0,0.0,8.0,8.0,0,0
2025-02-18,ST07,SKU00785,30,238.23,7.94,0,2025-02-18,30,238.23,7.94,0,Health,48.48,63.12,2025-02-18,8,2,Winter,0,,0,Winter,138,13,13,82,18,8,2,2025,1,0,0.0,0.0,30.0,30.0,0,0
2025-02-18,ST07,SKU00786,12,208.61,17.38,0,2025-02-18,12,208.61,17.38,0,Automotive,18.15,35.0,2025-02-18,8,2,Winter,0,,0,Winter,276,58,11,97,18,8,2,2025,1,0,0.0,0.0,12.0,12.0,0,0
2025-02-18,ST08,SKU00787,15,172.85,11.52,0,2025-02-18,15,172.85,11.52,0,Health,36.47,68.25,2025-02-18,8,2,Winter,0,,0,Winter,117,91,10,31,18,8,2,2025,1,0,0.0,0.0,15.0,15.0,0,0
2025-02-18,ST08,SKU00788,20,2201.13,110.06,0,2025-02-18,20,2201.13,110.06,0,Food,32.96,54.3,2025-02-18,8,2,Winter,0,,0,Winter,410,85,11,84,18,8,2,2025,1,0,0.0,0.0,20.0,20.0,0,0
2025-02-18,ST09,SKU00789,25,878.1,35.12,0,2025-02-18,25,878.1,35.12,0,Food,28.97,49.48,2025-02-18,8,2,Winter,0,,0,Winter,65,92,3,77,18,8,2,2025,1,0,0.0,0.0,25.0,25.0,0,0
2025-02-18,ST09,SKU00790,8,140.49,17.56,0,2025-02-18,8,140.49,17.56,0,Sports,10.07,17.75,2025-02-18,8,2,Winter,0,,0,Winter,207,11,5,40,18,8,2,2025,1,0,0.0,0.0,8.0,8.0,0,0
2025-02-18,ST10,SKU00791,30,445.26,14.84,0,2025-02-18,30,445.26,14.84,0,Sports,9.34,13.02,2025-02-18,8,2,Winter,0,,0,Winter,113,49,7,50,18,8,2,2025,1,0,0.0,0.0,30.0,30.0,0,0
2025-02-18,ST10,SKU00792,12,823.25,68.6,0,2025-02-18,12,823.25,68.6,0,Electronics,26.09,37.6,2025-02-18,8,2,Winter,0,,0,Winter,374,47,6,96,18,8,2,2025,1,0,0.0,0.0,12.0,12.0,0,0
2025-02-19,ST01,SKU00793,15,267.35,17.82,0,2025-02-19,15,267.35,17.82,0,Books,18.38,26.46,2025-02-19,8,2,Winter,0,,0,Winter,221,32,7,90,19,8,2,2025,2,0,0.0,0.0,15.0,15.0,0,0
2025-02-19,ST01,SKU00794,20,898.08,44.9,1,2025-02-19,20,898.08,44.9,1,Automotive,7.17,13.78,2025-02-19,8,2,Winter,0,,0,Winter,442,67,5,94,19,8,2,2025,2,0,0.0,0.0,20.0,20.0,0,1
2025-02-19,ST02,SKU00795,25,399.18,15.97,0,2025-02-19,25,399.18,15.97,0,Beauty,44.48,65.13,2025-02-19,8,2,Winter,0,,0,Winter,57,44,9,76,19,8,2,2025,2,0,0.0,0.0,25.0,25.0,0,0
2025-02-19,ST02,SKU00796,8,567.86,70.98,0,2025-02-19,8,567.86,70.98,0,Toys,45.15,60.88,2025-02-19,8,2,Winter,0,,0,Winter,473,75,8,75,19,8,2,2025,2,0,0.0,0.0,8.0,8.0,0,0
2025-02-19,ST03,SKU00797,30,238.23,7.94,0,2025-02-19,30,238.23,7.94,0,Food,28.91,54.08,2025-02-19,8,2,Winter,0,,0,Winter,96,14,11,48,19,8,2,2025,2,0,0.0,0.0,30.0,30.0,0,0
2025-02-19,ST03,SKU00798,12,208.61,17.38,0,2025-02-19,12,208.61,17.38,0,Home & Garden,17.05,31.22,2025-02-19,8,2,Winter,0,,0,Winter,75,51,8,50,19,8,2,2025,2,0,0.0,0.0,12.0,12.0,0,0
2025-02-19,ST04,SKU00799,15,172.85,11.52,0,2025-02-19,15,172.85,11.52,0,Books,28.47,35.61,2025-02-19,8,2,Winter,0,,0,Winter,356,37,6,58,19,8,2,2025,2,0,0.0,0.0,15.0,15.0,0,0
2025-02-19,ST04,SKU00800,20,2201.13,110.06,0,2025-02-19,20,2201.13,110.06,0,Sports,14.91,23.72,2025-02-19,8,2,Winter,0,,0,Winter,228,3,9,57,19,8,2,2025,2,0,0.0,0.0,20.0,20.0,0,0
2025-02-19,ST05,SKU00801,25,878.1,35.12,0,2025-02-19,25,878.1,35.12,0,Books,9.22,17.78,2025-02-19,8,2,Winter,0,,0,Winter,309,21,5,95,19,8,2,2025,2,0,0.0,0.0,25.0,25.0,0,0
2025-02-19,ST05,SKU00802,8,140.49,17.56,0,2025-02-19,8,140.49,17.56,0,Sports,44.08,55.18,2025-02-19,8,2,Winter,0,,0,Winter,211,90,9,30,19,8,2,2025,2,0,0.0,0.0,8.0,8.0,0,0
2025-02-19,ST06,SKU00803,30,445.26,14.84,1,2025-02-19,30,445.26,14.84,1,Electronics,6.13,10.76,2025-02-19,8,2,Winter,0,,0,Winter,121,86,8,35,19,8,2,2025,2,0,0.0,0.0,30.0,30.0,0,1
2025-02-19,ST06,SKU00804,12,823.25,68.6,0,2025-02-19,12,823.25,68.6,0,Beauty,19.26,29.81,2025-02-19,8,2,Winter,0,,0,Winter,263,24,4,46,19,8,2,2025,2,0,0.0,0.0,12.0,12.0,0,0
2025-02-19,ST07,SKU00805,15,267.35,17.82,0,2025-02-19,15,267.35,17.82,0,Automotive,20.34,27.09,2025-02-19,8,2,Winter,0,,0,Winter,110,11,8,56,19,8,2,2025,2,0,0.0,0.0,15.0,15.0,0,0
2025-02-19,ST07,SKU00806,20,898.08,44.9,0,2025-02-19,20,898.08,44.9,0,Toys,32.32,55.11,2025-02-19,8,2,Winter,0,,0,Winter,185,82,12,94,19,8,2,2025,2,0,0.0,0.0,20.0,20.0,0,0
2025-02-19,ST08,SKU00807,25,399.18,15.97,0,2025-02-19,25,399.18,15.97,0,Sports,40.5,69.32,2025-02-19,8,2,Winter,0,,0,Winter,490,92,3,69,19,8,2,2025,2,0,0.0,0.0,25.0,25.0,0,0
2025-02-19,ST08,SKU00808,8,567.86,70.98,0,2025-02-19,8,567.86,70.98,0,Food,28.06,36.01,2025-02-19,8,2,Winter,0,,0,Winter,191,34,6,85,19,8,2,2025,2,0,0.0,0.0,8.0,8.0,0,0
2025-02-19,ST09,SKU00809,30,238.23,7.94,0,2025-02-19,30,238.23,7.94,0,Toys,40.4,79.86,2025-02-19,8,2,Winter,0,,0,Winter,226,12,8,78,19,8,2,2025,2,0,0.0,0.0,30.0,30.0,0,0
2025-02-19,ST09,SKU00810,12,208.61,17.38,0,2025-02-19,12,208.61,17.38,0,Clothing,17.22,27.18,2025-02-19,8,2,Winter,0,,0,Winter,351,61,10,72,19,8,2,2025,2,0,0.0,0.0,12.0,12.0,0,0
2025-02-19,ST10,SKU00811,15,172.85,11.52,0,2025-02-19,15,172.85,11.52,0,Automotive,27.78,47.43,2025-02-19,8,2,Winter,0,,0,Winter,453,96,12,68,19,8,2,2025,2,0,0.0,0.0,15.0,15.0,0,0
2025-02-19,ST10,SKU00812,20,2201.13,110.06,0,2025-02-19,20,2201.13,110.06,0,Toys,45.12,54.25,2025-02-19,8,2,Winter,0,,0,Winter,390,48,12,83,19,8,2,2025,2,0,0.0,0.0,20.0,20.0,0,0
2025-02-20,ST01,SKU00813,25,878.1,35.12,0,2025-02-20,25,878.1,35.12,0,Toys,7.05,9.26,2025-02-20,8,2,Winter,0,,0,Winter,431,8,10,66,20,8,2,2025,3,0,0.0,0.0,25.0,25.0,0,0
2025-02-20,ST01,SKU00814,8,140.49,17.56,1,2025-02-20,8,140.49,17.56,1,Health,48.72,71.38,2025-02-20,8,2,Winter,0,,0,Winter,354,40,3,50,20,8,2,2025,3,0,0.0,0.0,8.0,8.0,0,1
2025-02-20,ST02,SKU00815,30,445.26,14.84,0,2025-02-20,30,445.26,14.84,0,Electronics,33.01,52.02,2025-02-20,8,2,Winter,0,,0,Winter,356,58,9,84,20,8,2,2025,3,0,0.0,0.0,30.0,30.0,0,0
2025-02-20,ST02,SKU00816,12,823.25,68.6,0,2025-02-20,12,823.25,68.6,0,Sports,14.31,23.09,2025-02-20,8,2,Winter,0,,0,Winter,90,38,13,48,20,8,2,2025,3,0,0.0,0.0,12.0,12.0,0,0
2025-02-20,ST03,SKU00817,15,267.35,17.82,0,2025-02-20,15,267.35,17.82,0,Toys,43.44,53.84,2025-02-20,8,2,Winter,0,,0,Winter,444,76,3,69,20,8,2,2025,3,0,0.0,0.0,15.0,15.0,0,0
2025-02-20,ST03,SKU00818,20,898.08,44.9,0,2025-02-20,20,898.08,44.9,0,Beauty,6.65,8.56,2025-02-20,8,2,Winter,0,,0,Winter,157,18,10,90,20,8,2,2025,3,0,0.0,0.0,20.0,20.0,0,0
2025-02-20,ST04,SKU00819,25,399.18,15.97,0,2025-02-20,25,399.18,15.97,0,Health,25.83,40.06,2025-02-20,8,2,Winter,0,,0,Winter,158,11,3,74,20,8,2,2025,3,0,0.0,0.0,25.0,25.0,0,0
2025-02-20,ST04,SKU00820,8,567.86,70.98,0,2025-02-20,8,567.86,70.98,0,Health,18.21,35.42,2025-02-20,8,2,Winter,0,,0,Winter,139,91,12,98,20,8,2,2025,3,0,0.0,0.0,8.0,8.0,0,0
2025-02-20,ST05,SKU00821,30,238.23,7.94,0,2025-02-20,30,238.23,7.94,0,Automotive,41.75,59.61,2025-02-20,8,2,Winter,0,,0,Winter,57,24,13,75,20,8,2,2025,3,0,0.0,0.0,30.0,30.0,0,0
2025-02-20,ST05,SKU00822,12,208.61,17.38,0,2025-02-20,12,208.61,17.38,0,Electronics,10.12,14.94,2025-02-20,8,2,Winter,0,,0,Winter,392,29,9,78,20,8,2,2025,3,0,0.0,0.0,12.0,12.0,0,0
2025-02-20,ST06,SKU00823,15,172.85,11.52,1,2025-02-20,15,172.85,11.52,1,Food,30.87,37.77,2025-02-20,8,2,Winter,0,,0,Winter,224,83,4,47,20,8,2,2025,3,0,0.0,0.0,15.0,15.0,0,1
2025-02-20,ST06,SKU00824,20,2201.13,110.06,0,2025-02-20,20,2201.13,110.06,0,Home & Garden,25.28,49.13,2025-02-20,8,2,Winter,0,,0,Winter,499,67,3,65,20,8,2,2025,3,0,0.0,0.0,20.0,20.0,0,0
2025-02-20,ST07,SKU00825,25,878.1,35.12,0,2025-02-20,25,878.1,35.12,0,Electronics,22.54,40.22,2025-02-20,8,2,Winter,0,,0,Winter,131,18,10,44,20,8,2,2025,3,0,0.0,0.0,25.0,25.0,0,0
2025-02-20,ST07,SKU00826,8,140.49,17.56,0,2025-02-20,8,140.49,17.56,0,Beauty,45.84,81.2,2025-02-20,8,2,Winter,0,,0,Winter,90,38,4,92,20,8,2,2025,3,0,0.0,0.0,8.0,8.0,0,0
2025-02-20,ST08,SKU00827,30,445.26,14.84,0,2025-02-20,30,445.26,14.84,0,Electronics,42.07,82.63,2025-02-20,8,2,Winter,0,,0,Winter,334,73,4,80,20,8,2,2025,3,0,0.0,0.0,30.0,30.0,0,0
2025-02-20,ST08,SKU00828,12,823.25,68.6,0,2025-02-20,12,823.25,68.6,0,Health,37.46,70.82,2025-02-20,8,2,Winter,0,,0,Winter,380,76,12,43,20,8,2,2025,3,0,0.0,0.0,12.0,12.0,0,0
2025-02-20,ST09,SKU00829,15,267.35,17.82,0,2025-02-20,15,267.35,17.82,0,Food,37.29,69.5,2025-02-20,8,2,Winter,0,,0,Winter,259,50,8,68,20,8,2,2025,3,0,0.0,0.0,15.0,15.0,0,0
2025-02-20,ST09,SKU00830,20,898.08,44.9,0,2025-02-20,20,898.08,44.9,0,Electronics,32.17,56.28,2025-02-20,8,2,Winter,0,,0,Winter,77,2,6,99,20,8,2,2025,3,0,0.0,0.0,20.0,20.0,0,0
2025-02-20,ST10,SKU00831,25,399.18,15.97,0,2025-02-20,25,399.18,15.97,0,Clothing,34.94,64.3,2025-02-20,8,2,Winter,0,,0,Winter,204,1,8,32,20,8,2,2025,3,0,0.0,0.0,25.0,25.0,0,0
2025-02-20,ST10,SKU00832,8,567.86,70.98,0,2025-02-20,8,567.86,70.98,0,Sports,21.61,28.02,2025-02-20,8,2,Winter,0,,0,Winter,449,93,10,31,20,8,2,2025,3,0,0.0,0.0,8.0,8.0,0,0
2025-02-21,ST01,SKU00833,30,238.23,7.94,0,2025-02-21,30,238.23,7.94,0,Beauty,38.8,48.77,2025-02-21,8,2,Winter,0,,0,Winter,130,40,5,94,21,8,2,2025,4,0,0.0,0.0,30.0,30.0,0,0
2025-02-21,ST01,SKU00834,12,208.61,17.38,1,2025-02-21,12,208.61,17.38,1,Health,19.45,35.01,2025-02-21,8,2,Winter,0,,0,Winter,360,44,12,91,21,8,2,2025,4,0,0.0,0.0,12.0,12.0,0,1
2025-02-21,ST02,SKU00835,15,172.85,11.52,0,2025-02-21,15,172.85,11.52,0,Clothing,35.09,61.15,2025-02-21,8,2,Winter,0,,0,Winter,98,94,11,52,21,8,2,2025,4,0,0.0,0.0,15.0,15.0,0,0
2025-02-21,ST02,SKU00836,20,2201.13,110.06,0,2025-02-21,20,2201.13,110.06,0,Clothing,44.96,75.49,2025-02-21,8,2,Winter,0,,0,Winter,457,37,7,83,21,8,2,2025,4,0,0.0,0.0,20.0,20.0,0,0
2025-02-21,ST03,SKU00837,25,878.1,35.12,0,2025-02-21,25,878.1,35.12,0,Clothing,11.25,14.54,2025-02-21,8,2,Winter,0,,0,Winter,156,17,6,74,21,8,2,2025,4,0,0.0,0.0,25.0,25.0,0,0
2025-02-21,ST03,SKU00838,8,140.49,17.56,0,2025-02-21,8,140.49,17.56,0,Food,44.32,78.85,2025-02-21,8,2,Winter,0,,0,Winter,424,72,7,59,21,8,2,2025,4,0,0.0,0.0,8.0,8.0,0,0
2025-02-21,ST04,SKU00839,30,445.26,14.84,0,2025-02-21,30,445.26,14.84,0,Books,45.61,57.16,2025-02-21,8,2,Winter,0,,0,Winter,237,97,5,96,21,8,2,2025,4,0,0.0,0.0,30.0,30.0,0,0
2025-02-21,ST04,SKU00840,12,823.25,68.6,0,2025-02-21,12,823.25,68.6,0,Beauty,41.9,73.57,2025-02-21,8,2,Winter,0,,0,Winter,205,43,11,92,21,8,2,2025,4,0,0.0,0.0,12.0,12.0,0,0
2025-02-21,ST05,SKU00841,15,267.35,17.82,0,2025-02-21,15,267.35,17.82,0,Home & Garden,25.2,31.94,2025-02-21,8,2,Winter,0,,0,Winter,72,74,12,86,21,8,2,2025,4,0,0.0,0.0,15.0,15.0,0,0
2025-02-21,ST05,SKU00842,20,898.08,44.9,0,2025-02-21,20,898.08,44.9,0,Health,45.96,84.85,2025-02-21,8,2,Winter,0,,0,Winter,167,99,3,53,21,8,2,2025,4,0,0.0,0.0,20.0,20.0,0,0
2025-02-21,ST06,SKU00843,25,399.18,15.97,1,2025-02-21,25,399.18,15.97,1,Automotive,37.81,65.11,2025-02-21,8,2,Winter,0,,0,Winter,216,33,10,57,21,8,2,2025,4,0,0.0,0.0,25.0,25.0,0,1
2025-02-21,ST06,SKU00844,8,567.86,70.98,0,2025-02-21,8,567.86,70.98,0,Books,36.16,55.83,2025-02-21,8,2,Winter,0,,0,Winter,470,6,6,66,21,8,2,2025,4,0,0.0,0.0,8.0,8.0,0,0
2025-02-21,ST07,SKU00845,30,238.23,7.94,0,2025-02-21,30,238.23,7.94,0,Home & Garden,8.49,13.88,2025-02-21,8,2,Winter,0,,0,Winter,105,64,3,76,21,8,2,2025,4,0,0.0,0.0,30.0,30.0,0,0
2025-02-21,ST07,SKU00846,12,208.61,17.38,0,2025-02-21,12,208.61,17.38,0,Toys,40.5,63.07,2025-02-21,8,2,Winter,0,,0,Winter,197,18,12,89,21,8,2,2025,4,0,0.0,0.0,12.0,12.0,0,0
2025-02-21,ST08,SKU00847,15,172.85,11.52,0,2025-02-21,15,172.85,11.52,0,Clothing,22.29,34.78,2025-02-21,8,2,Winter,0,,0,Winter,451,91,5,72,21,8,2,2025,4,0,0.0,0.0,15.0,15.0,0,0
2025-02-21,ST08,SKU00848,20,2201.13,110.06,0,2025-02-21,20,2201.13,110.06,0,Automotive,24.39,35.5,2025-02-21,8,2,Winter,0,,0,Winter,175,10,3,67,21,8,2,2025,4,0,0.0,0.0,20.0,20.0,0,0
2025-02-21,ST09,SKU00849,25,878.1,35.12,0,2025-02-21,25,878.1,35.12,0,Health,21.65,26.46,2025-02-21,8,2,Winter,0,,0,Winter,113,68,10,63,21,8,2,2025,4,0,0.0,0.0,25.0,25.0,0,0
2025-02-21,ST09,SKU00850,8,140.49,17.56,0,2025-02-21,8,140.49,17.56,0,Electronics,28.66,46.13,2025-02-21,8,2,Winter,0,,0,Winter,225,55,8,94,21,8,2,2025,4,0,0.0,0.0,8.0,8.0,0,0
2025-02-21,ST10,SKU00851,30,445.26,14.84,0,2025-02-21,30,445.26,14.84,0,Books,34.06,42.09,2025-02-21,8,2,Winter,0,,0,Winter,80,3,3,79,21,8,2,2025,4,0,0.0,0.0,30.0,30.0,0,0
2025-02-21,ST10,SKU00852,12,823.25,68.6,0,2025-02-21,12,823.25,68.6,0,Electronics,20.56,27.22,2025-02-21,8,2,Winter,0,,0,Winter,374,29,10,88,21,8,2,2025,4,0,0.0,0.0,12.0,12.0,0,0
2025-02-22,ST01,SKU00853,15,267.35,17.82,0,2025-02-22,15,267.35,17.82,0,Health,34.06,58.23,2025-02-22,8,2,Winter,0,,0,Winter,116,74,6,55,22,8,2,2025,5,1,0.0,0.0,15.0,15.0,0,0
2025-02-22,ST01,SKU00854,20,898.08,44.9,1,2025-02-22,20,898.08,44.9,1,Electronics,9.56,17.94,2025-02-22,8,2,Winter,0,,0,Winter,204,45,8,93,22,8,2,2025,5,1,0.0,0.0,20.0,20.0,0,1
2025-02-22,ST02,SKU00855,25,399.18,15.97,0,2025-02-22,25,399.18,15.97,0,Beauty,21.41,29.42,2025-02-22,8,2,Winter,0,,0,Winter,283,50,4,35,22,8,2,2025,5,1,0.0,0.0,25.0,25.0,0,0
2025-02-22,ST02,SKU00856,8,567.86,70.98,0,2025-02-22,8,567.86,70.98,0,Toys,25.43,44.52,2025-02-22,8,2,Winter,0,,0,Winter,364,14,7,59,22,8,2,2025,5,1,0.0,0.0,8.0,8.0,0,0
2025-02-22,ST03,SKU00857,30,238.23,7.94,0,2025-02-22,30,238.23,7.94,0,Clothing,26.85,32.81,2025-02-22,8,2,Winter,0,,0,Winter,475,36,12,64,22,8,2,2025,5,1,0.0,0.0,30.0,30.0,0,0
2025-02-22,ST03,SKU00858,12,208.61,17.38,0,2025-02-22,12,208.61,17.38,0,Home & Garden,48.38,72.93,2025-02-22,8,2,Winter,0,,0,Winter,136,5,6,47,22,8,2,2025,5,1,0.0,0.0,12.0,12.0,0,0
2025-02-22,ST04,SKU00859,15,172.85,11.52,0,2025-02-22,15,172.85,11.52,0,Toys,46.65,71.44,2025-02-22,8,2,Winter,0,,0,Winter,250,28,13,76,22,8,2,2025,5,1,0.0,0.0,15.0,15.0,0,0
2025-02-22,ST04,SKU00860,20,2201.13,110.06,0,2025-02-22,20,2201.13,110.06,0,Home & Garden,6.05,10.92,2025-02-22,8,2,Winter,0,,0,Winter,175,16,8,97,22,8,2,2025,5,1,0.0,0.0,20.0,20.0,0,0
2025-02-22,ST05,SKU00861,25,878.1,35.12,0,2025-02-22,25,878.1,35.12,0,Books,18.02,34.59,2025-02-22,8,2,Winter,0,,0,Winter,118,36,11,78,22,8,2,2025,5,1,0.0,0.0,25.0,25.0,0,0
2025-02-22,ST05,SKU00862,8,140.49,17.56,0,2025-02-22,8,140.49,17.56,0,Books,48.02,69.68,2025-02-22,8,2,Winter,0,,0,Winter,446,33,8,82,22,8,2,2025,5,1,0.0,0.0,8.0,8.0,0,0
2025-02-22,ST06,SKU00863,30,445.26,14.84,1,2025-02-22,30,445.26,14.84,1,Food,24.99,49.87,2025-02-22,8,2,Winter,0,,0,Winter,428,86,5,32,22,8,2,2025,5,1,0.0,0.0,30.0,30.0,0,1
2025-02-22,ST06,SKU00864,12,823.25,68.6,0,2025-02-22,12,823.25,68.6,0,Automotive,49.28,70.51,2025-02-22,8,2,Winter,0,,0,Winter,91,97,5,75,22,8,2,2025,5,1,0.0,0.0,12.0,12.0,0,0
2025-02-22,ST07,SKU00865,15,267.35,17.82,0,2025-02-22,15,267.35,17.82,0,Sports,6.39,12.63,2025-02-22,8,2,Winter,0,,0,Winter,432,20,13,97,22,8,2,2025,5,1,0.0,0.0,15.0,15.0,0,0
2025-02-22,ST07,SKU00866,20,898.08,44.9,0,2025-02-22,20,898.08,44.9,0,Toys,29.36,38.86,2025-02-22,8,2,Winter,0,,0,Winter,434,91,10,42,22,8,2,2025,5,1,0.0,0.0,20.0,20.0,0,0
2025-02-22,ST08,SKU00867,25,399.18,15.97,0,2025-02-22,25,399.18,15.97,0,Electronics,28.95,38.64,2025-02-22,8,2,Winter,0,,0,Winter,160,97,13,80,22,8,2,2025,5,1,0.0,0.0,25.0,25.0,0,0
2025-02-22,ST08,SKU00868,8,567.86,70.98,0,2025-02-22,8,567.86,70.98,0,Books,42.51,66.0,2025-02-22,8,2,Winter,0,,0,Winter,322,98,4,53,22,8,2,2025,5,1,0.0,0.0,8.0,8.0,0,0
2025-02-22,ST09,SKU00869,30,238.23,7.94,0,2025-02-22,30,238.23,7.94,0,Health,42.21,74.59,2025-02-22,8,2,Winter,0,,0,Winter,299,18,7,37,22,8,2,2025,5,1,0.0,0.0,30.0,30.0,0,0
2025-02-22,ST09,SKU00870,12,208.61,17.38,0,2025-02-22,12,208.61,17.38,0,Health,7.59,11.19,2025-02-22,8,2,Winter,0,,0,Winter,333,4,3,65,22,8,2,2025,5,1,0.0,0.0,12.0,12.0,0,0
2025-02-22,ST10,SKU00871,15,172.85,11.52,0,2025-02-22,15,172.85,11.52,0,Books,48.49,79.82,2025-02-22,8,2,Winter,0,,0,Winter,423,18,13,40,22,8,2,2025,5,1,0.0,0.0,15.0,15.0,0,0
2025-02-22,ST10,SKU00872,20,2201.13,110.06,0,2025-02-22,20,2201.13,110.06,0,Home & Garden,12.44,20.72,2025-02-22,8,2,Winter,0,,0,Winter,359,44,8,50,22,8,2,2025,5,1,0.0,0.0,20.0,20.0,0,0
2025-02-23,ST01,SKU00873,25,878.1,35.12,0,2025-02-23,25,878.1,35.12,0,Home & Garden,11.77,21.82,2025-02-23,8,2,Winter,0,,0,Winter,295,10,9,34,23,8,2,2025,6,1,0.0,0.0,25.0,25.0,0,0
2025-02-23,ST01,SKU00874,8,140.49,17.56,1,2025-02-23,8,140.49,17.56,1,Sports,23.08,46.05,2025-02-23,8,2,Winter,0,,0,Winter,233,19,11,75,23,8,2,2025,6,1,0.0,0.0,8.0,8.0,0,1
2025-02-23,ST02,SKU00875,30,445.26,14.84,0,2025-02-23,30,445.26,14.84,0,Clothing,33.05,54.72,2025-02-23,8,2,Winter,0,,0,Winter,61,69,3,48,23,8,2,2025,6,1,0.0,0.0,30.0,30.0,0,0
2025-02-23,ST02,SKU00876,12,823.25,68.6,0,2025-02-23,12,823.25,68.6,0,Health,25.77,45.98,2025-02-23,8,2,Winter,0,,0,Winter,203,47,6,99,23,8,2,2025,6,1,0.0,0.0,12.0,12.0,0,0
2025-02-23,ST03,SKU00877,15,267.35,17.82,0,2025-02-23,15,267.35,17.82,0,Beauty,6.78,10.71,2025-02-23,8,2,Winter,0,,0,Winter,232,99,8,62,23,8,2,2025,6,1,0.0,0.0,15.0,15.0,0,0
2025-02-23,ST03,SKU00878,20,898.08,44.9,0,2025-02-23,20,898.08,44.9,0,Sports,45.81,59.83,2025-02-23,8,2,Winter,0,,0,Winter,495,87,9,44,23,8,2,2025,6,1,0.0,0.0,20.0,20.0,0,0
2025-02-23,ST04,SKU00879,25,399.18,15.97,0,2025-02-23,25,399.18,15.97,0,Books,31.96,47.39,2025-02-23,8,2,Winter,0,,0,Winter,460,74,11,80,23,8,2,2025,6,1,0.0,0.0,25.0,25.0,0,0
2025-02-23,ST04,SKU00880,8,567.86,70.98,0,2025-02-23,8,567.86,70.98,0,Toys,10.88,19.94,2025-02-23,8,2,Winter,0,,0,Winter,486,77,13,80,23,8,2,2025,6,1,0.0,0.0,8.0,8.0,0,0
2025-02-23,ST05,SKU00881,30,238.23,7.94,0,2025-02-23,30,238.23,7.94,0,Books,40.74,57.88,2025-02-23,8,2,Winter,0,,0,Winter,224,3,9,64,23,8,2,2025,6,1,0.0,0.0,30.0,30.0,0,0
2025-02-23,ST05,SKU00882,12,208.61,17.38,0,2025-02-23,12,208.61,17.38,0,Health,47.48,62.63,2025-02-23,8,2,Winter,0,,0,Winter,97,72,10,74,23,8,2,2025,6,1,0.0,0.0,12.0,12.0,0,0
2025-02-23,ST06,SKU00883,15,172.85,11.52,1,2025-02-23,15,172.85,11.52,1,Home & Garden,28.08,35.8,2025-02-23,8,2,Winter,0,,0,Winter,386,80,3,48,23,8,2,2025,6,1,0.0,0.0,15.0,15.0,0,1
2025-02-23,ST06,SKU00884,20,2201.13,110.06,0,2025-02-23,20,2201.13,110.06,0,Sports,43.86,73.29,2025-02-23,8,2,Winter,0,,0,Winter,112,37,5,88,23,8,2,2025,6,1,0.0,0.0,20.0,20.0,0,0
2025-02-23,ST07,SKU00885,25,878.1,35.12,0,2025-02-23,25,878.1,35.12,0,Health,27.11,43.87,2025-02-23,8,2,Winter,0,,0,Winter,374,12,9,51,23,8,2,2025,6,1,0.0,0.0,25.0,25.0,0,0
2025-02-23,ST07,SKU00886,8,140.49,17.56,0,2025-02-23,8,140.49,17.56,0,Beauty,24.86,41.87,2025-02-23,8,2,Winter,0,,0,Winter,398,85,13,96,23,8,2,2025,6,1,0.0,0.0,8.0,8.0,0,0
2025-02-23,ST08,SKU00887,30,445.26,14.84,0,2025-02-23,30,445.26,14.84,0,Automotive,21.3,37.93,2025-02-23,8,2,Winter,0,,0,Winter,103,9,12,93,23,8,2,2025,6,1,0.0,0.0,30.0,30.0,0,0
2025-02-23,ST08,SKU00888,12,823.25,68.6,0,2025-02-23,12,823.25,68.6,0,Books,49.13,74.98,2025-02-23,8,2,Winter,0,,0,Winter,175,20,4,70,23,8,2,2025,6,1,0.0,0.0,12.0,12.0,0,0
2025-02-23,ST09,SKU00889,15,267.35,17.82,0,2025-02-23,15,267.35,17.82,0,Home & Garden,32.1,53.7,2025-02-23,8,2,Winter,0,,0,Winter,201,34,10,59,23,8,2,2025,6,1,0.0,0.0,15.0,15.0,0,0
2025-02-23,ST09,SKU00890,20,898.08,44.9,0,2025-02-23,20,898.08,44.9,0,Food,48.02,65.33,2025-02-23,8,2,Winter,0,,0,Winter,106,93,5,48,23,8,2,2025,6,1,0.0,0.0,20.0,20.0,0,0
2025-02-23,ST10,SKU00891,25,399.18,15.97,0,2025-02-23,25,399.18,15.97,0,Automotive,7.68,9.23,2025-02-23,8,2,Winter,0,,0,Winter,419,7,12,59,23,8,2,2025,6,1,0.0,0.0,25.0,25.0,0,0
2025-02-23,ST10,SKU00892,8,567.86,70.98,0,2025-02-23,8,567.86,70.98,0,Electronics,43.11,82.54,2025-02-23,8,2,Winter,0,,0,Winter,184,66,3,65,23,8,2,2025,6,1,0.0,0.0,8.0,8.0,0,0
2025-02-24,ST01,SKU00893,30,238.23,7.94,0,2025-02-24,30,238.23,7.94,0,Home & Garden,19.04,26.74,2025-02-24,9,2,Winter,0,,0,Winter,74,36,3,44,24,9,2,2025,0,0,0.0,0.0,30.0,30.0,0,0
2025-02-24,ST01,SKU00894,12,208.61,17.38,1,2025-02-24,12,208.61,17.38,1,Books,27.97,47.58,2025-02-24,9,2,Winter,0,,0,Winter,86,12,10,37,24,9,2,2025,0,0,0.0,0.0,12.0,12.0,0,1
2025-02-24,ST02,SKU00895,15,172.85,11.52,0,2025-02-24,15,172.85,11.52,0,Food,5.86,9.27,2025-02-24,9,2,Winter,0,,0,Winter,438,59,11,30,24,9,2,2025,0,0,0.0,0.0,15.0,15.0,0,0
2025-02-24,ST02,SKU00896,20,2201.13,110.06,0,2025-02-24,20,2201.13,110.06,0,Toys,37.52,65.81,2025-02-24,9,2,Winter,0,,0,Winter,213,34,4,92,24,9,2,2025,0,0,0.0,0.0,20.0,20.0,0,0
2025-02-24,ST03,SKU00897,25,878.1,35.12,0,2025-02-24,25,878.1,35.12,0,Health,33.46,57.41,2025-02-24,9,2,Winter,0,,0,Winter,153,22,11,63,24,9,2,2025,0,0,0.0,0.0,25.0,25.0,0,0
2025-02-24,ST03,SKU00898,8,140.49,17.56,0,2025-02-24,8,140.49,17.56,0,Clothing,20.0,35.73,2025-02-24,9,2,Winter,0,,0,Winter,479,77,6,59,24,9,2,2025,0,0,0.0,0.0,8.0,8.0,0,0
2025-02-24,ST04,SKU00899,30,445.26,14.84,0,2025-02-24,30,445.26,14.84,0,Automotive,40.7,81.1,2025-02-24,9,2,Winter,0,,0,Winter,407,74,5,32,24,9,2,2025,0,0,0.0,0.0,30.0,30.0,0,0
2025-02-24,ST04,SKU00900,12,823.25,68.6,0,2025-02-24,12,823.25,68.6,0,Clothing,35.46,66.05,2025-02-24,9,2,Winter,0,,0,Winter,447,59,4,74,24,9,2,2025,0,0,0.0,0.0,12.0,12.0,0,0
2025-02-24,ST05,SKU00901,15,267.35,17.82,0,2025-02-24,15,267.35,17.82,0,Food,5.1,6.31,2025-02-24,9,2,Winter,0,,0,Winter,110,82,13,45,24,9,2,2025,0,0,0.0,0.0,15.0,15.0,0,0
2025-02-24,ST05,SKU00902,20,898.08,44.9,0,2025-02-24,20,898.08,44.9,0,Sports,42.54,76.24,2025-02-24,9,2,Winter,0,,0,Winter,115,39,3,63,24,9,2,2025,0,0,0.0,0.0,20.0,20.0,0,0
2025-02-24,ST06,SKU00903,25,399.18,15.97,1,2025-02-24,25,399.18,15.97,1,Books,5.25,10.25,2025-02-24,9,2,Winter,0,,0,Winter,283,15,8,89,24,9,2,2025,0,0,0.0,0.0,25.0,25.0,0,1
2025-02-24,ST06,SKU00904,8,567.86,70.98,0,2025-02-24,8,567.86,70.98,0,Automotive,39.48,74.08,2025-02-24,9,2,Winter,0,,0,Winter,371,65,12,42,24,9,2,2025,0,0,0.0,0.0,8.0,8.0,0,0
2025-02-24,ST07,SKU00905,30,238.23,7.94,0,2025-02-24,30,238.23,7.94,0,Clothing,9.7,14.73,2025-02-24,9,2,Winter,0,,0,Winter,233,30,4,68,24,9,2,2025,0,0,0.0,0.0,30.0,30.0,0,0
2025-02-24,ST07,SKU00906,12,208.61,17.38,0,2025-02-24,12,208.61,17.38,0,Clothing,8.49,12.96,2025-02-24,9,2,Winter,0,,0,Winter,441,86,10,84,24,9,2,2025,0,0,0.0,0.0,12.0,12.0,0,0
2025-02-24,ST08,SKU00907,15,172.85,11.52,0,2025-02-24,15,172.85,11.52,0,Toys,18.78,30.78,2025-02-24,9,2,Winter,0,,0,Winter,76,92,9,82,24,9,2,2025,0,0,0.0,0.0,15.0,15.0,0,0
2025-02-24,ST08,SKU00908,20,2201.13,110.06,0,2025-02-24,20,2201.13,110.06,0,Clothing,5.27,6.75,2025-02-24,9,2,Winter,0,,0,Winter,344,64,3,59,24,9,2,2025,0,0,0.0,0.0,20.0,20.0,0,0
2025-02-24,ST09,SKU00909,25,878.1,35.12,0,2025-02-24,25,878.1,35.12,0,Toys,18.48,23.31,2025-02-24,9,2,Winter,0,,0,Winter,486,12,7,48,24,9,2,2025,0,0,0.0,0.0,25.0,25.0,0,0
2025-02-24,ST09,SKU00910,8,140.49,17.56,0,2025-02-24,8,140.49,17.56,0,Food,42.89,59.78,2025-02-24,9,2,Winter,0,,0,Winter,102,18,11,54,24,9,2,2025,0,0,0.0,0.0,8.0,8.0,0,0
2025-02-24,ST10,SKU00911,30,445.26,14.84,0,2025-02-24,30,445.26,14.84,0,Toys,7.26,9.14,2025-02-24,9,2,Winter,0,,0,Winter,263,30,3,84,24,9,2,2025,0,0,0.0,0.0,30.0,30.0,0,0
2025-02-24,ST10,SKU00912,12,823.25,68.6,0,2025-02-24,12,823.25,68.6,0,Beauty,18.29,25.35,2025-02-24,9,2,Winter,0,,0,Winter,72,31,12,39,24,9,2,2025,0,0,0.0,0.0,12.0,12.0,0,0
2025-02-25,ST01,SKU00913,15,267.35,17.82,0,2025-02-25,15,267.35,17.82,0,Food,23.06,33.07,2025-02-25,9,2,Winter,0,,0,Winter,103,51,6,61,25,9,2,2025,1,0,0.0,0.0,15.0,15.0,0,0
2025-02-25,ST01,SKU00914,20,898.08,44.9,1,2025-02-25,20,898.08,44.9,1,Beauty,23.23,44.71,2025-02-25,9,2,Winter,0,,0,Winter,419,13,4,57,25,9,2,2025,1,0,0.0,0.0,20.0,20.0,0,1
2025-02-25,ST02,SKU00915,25,399.18,15.97,0,2025-02-25,25,399.18,15.97,0,Food,26.44,36.51,2025-02-25,9,2,Winter,0,,0,Winter,415,52,10,51,25,9,2,2025,1,0,0.0,0.0,25.0,25.0,0,0
2025-02-25,ST02,SKU00916,8,567.86,70.98,0,2025-02-25,8,567.86,70.98,0,Automotive,14.87,18.24,2025-02-25,9,2,Winter,0,,0,Winter,79,62,6,88,25,9,2,2025,1,0,0.0,0.0,8.0,8.0,0,0
2025-02-25,ST03,SKU00917,30,238.23,7.94,0,2025-02-25,30,238.23,7.94,0,Home & Garden,21.1,36.26,2025-02-25,9,2,Winter,0,,0,Winter,313,81,9,60,25,9,2,2025,1,0,0.0,0.0,30.0,30.0,0,0
2025-02-25,ST03,SKU00918,12,208.61,17.38,0,2025-02-25,12,208.61,17.38,0,Toys,13.45,23.89,2025-02-25,9,2,Winter,0,,0,Winter,339,81,10,78,25,9,2,2025,1,0,0.0,0.0,12.0,12.0,0,0
2025-02-25,ST04,SKU00919,15,172.85,11.52,0,2025-02-25,15,172.85,11.52,0,Health,31.36,53.31,2025-02-25,9,2,Winter,0,,0,Winter,128,56,3,55,25,9,2,2025,1,0,0.0,0.0,15.0,15.0,0,0
2025-02-25,ST04,SKU00920,20,2201.13,110.06,0,2025-02-25,20,2201.13,110.06,0,Sports,33.67,54.58,2025-02-25,9,2,Winter,0,,0,Winter,323,95,8,67,25,9,2,2025,1,0,0.0,0.0,20.0,20.0,0,0
2025-02-25,ST05,SKU00921,25,878.1,35.12,0,2025-02-25,25,878.1,35.12,0,Clothing,37.13,68.98,2025-02-25,9,2,Winter,0,,0,Winter,258,86,10,79,25,9,2,2025,1,0,0.0,0.0,25.0,25.0,0,0
2025-02-25,ST05,SKU00922,8,140.49,17.56,0,2025-02-25,8,140.49,17.56,0,Beauty,18.05,29.79,2025-02-25,9,2,Winter,0,,0,Winter,313,40,8,98,25,9,2,2025,1,0,0.0,0.0,8.0,8.0,0,0
2025-02-25,ST06,SKU00923,30,445.26,14.84,1,2025-02-25,30,445.26,14.84,1,Sports,11.43,20.8,2025-02-25,9,2,Winter,0,,0,Winter,477,63,13,94,25,9,2,2025,1,0,0.0,0.0,30.0,30.0,0,1
2025-02-25,ST06,SKU00924,12,823.25,68.6,0,2025-02-25,12,823.25,68.6,0,Clothing,23.07,30.61,2025-02-25,9,2,Winter,0,,0,Winter,156,18,11,56,25,9,2,2025,1,0,0.0,0.0,12.0,12.0,0,0
2025-02-25,ST07,SKU00925,15,267.35,17.82,0,2025-02-25,15,267.35,17.82,0,Clothing,11.02,18.78,2025-02-25,9,2,Winter,0,,0,Winter,211,43,6,44,25,9,2,2025,1,0,0.0,0.0,15.0,15.0,0,0
2025-02-25,ST07,SKU00926,20,898.08,44.9,0,2025-02-25,20,898.08,44.9,0,Automotive,38.69,56.26,2025-02-25,9,2,Winter,0,,0,Winter,356,12,5,78,25,9,2,2025,1,0,0.0,0.0,20.0,20.0,0,0
2025-02-25,ST08,SKU00927,25,399.18,15.97,0,2025-02-25,25,399.18,15.97,0,Electronics,28.0,34.65,2025-02-25,9,2,Winter,0,,0,Winter,247,55,5,66,25,9,2,2025,1,0,0.0,0.0,25.0,25.0,0,0
2025-02-25,ST08,SKU00928,8,567.86,70.98,0,2025-02-25,8,567.86,70.98,0,Toys,36.81,46.02,2025-02-25,9,2,Winter,0,,0,Winter,450,57,9,58,25,9,2,2025,1,0,0.0,0.0,8.0,8.0,0,0
2025-02-25,ST09,SKU00929,30,238.23,7.94,0,2025-02-25,30,238.23,7.94,0,Clothing,26.01,38.3,2025-02-25,9,2,Winter,0,,0,Winter,466,59,13,84,25,9,2,2025,1,0,0.0,0.0,30.0,30.0,0,0
2025-02-25,ST09,SKU00930,12,208.61,17.38,0,2025-02-25,12,208.61,17.38,0,Automotive,8.72,16.96,2025-02-25,9,2,Winter,0,,0,Winter,443,46,9,50,25,9,2,2025,1,0,0.0,0.0,12.0,12.0,0,0
2025-02-25,ST10,SKU00931,15,172.85,11.52,0,2025-02-25,15,172.85,11.52,0,Automotive,21.21,30.04,2025-02-25,9,2,Winter,0,,0,Winter,284,12,7,62,25,9,2,2025,1,0,0.0,0.0,15.0,15.0,0,0
2025-02-25,ST10,SKU00932,20,2201.13,110.06,0,2025-02-25,20,2201.13,110.06,0,Clothing,19.1,34.98,2025-02-25,9,2,Winter,0,,0,Winter,73,10,3,97,25,9,2,2025,1,0,0.0,0.0,20.0,20.0,0,0
2025-02-26,ST01,SKU00933,25,878.1,35.12,0,2025-02-26,25,878.1,35.12,0,Home & Garden,24.52,47.28,2025-02-26,9,2,Winter,0,,0,Winter,480,24,11,50,26,9,2,2025,2,0,0.0,0.0,25.0,25.0,0,0
2025-02-26,ST01,SKU00934,8,140.49,17.56,1,2025-02-26,8,140.49,17.56,1,Beauty,48.38,61.52,2025-02-26,9,2,Winter,0,,0,Winter,389,82,5,41,26,9,2,2025,2,0,0.0,0.0,8.0,8.0,0,1
2025-02-26,ST02,SKU00935,30,445.26,14.84,0,2025-02-26,30,445.26,14.84,0,Health,6.9,11.4,2025-02-26,9,2,Winter,0,,0,Winter,342,41,3,77,26,9,2,2025,2,0,0.0,0.0,30.0,30.0,0,0
2025-02-26,ST02,SKU00936,12,823.25,68.6,0,2025-02-26,12,823.25,68.6,0,Automotive,36.67,44.14,2025-02-26,9,2,Winter,0,,0,Winter,408,27,11,76,26,9,2,2025,2,0,0.0,0.0,12.0,12.0,0,0
2025-02-26,ST03,SKU00937,15,267.35,17.82,0,2025-02-26,15,267.35,17.82,0,Food,16.44,31.24,2025-02-26,9,2,Winter,0,,0,Winter,195,77,5,42,26,9,2,2025,2,0,0.0,0.0,15.0,15.0,0,0
2025-02-26,ST03,SKU00938,20,898.08,44.9,0,2025-02-26,20,898.08,44.9,0,Books,48.47,87.68,2025-02-26,9,2,Winter,0,,0,Winter,259,12,6,60,26,9,2,2025,2,0,0.0,0.0,20.0,20.0,0,0
2025-02-26,ST04,SKU00939,25,399.18,15.97,0,2025-02-26,25,399.18,15.97,0,Electronics,35.42,69.26,2025-02-26,9,2,Winter,0,,0,Winter,435,15,11,67,26,9,2,2025,2,0,0.0,0.0,25.0,25.0,0,0
2025-02-26,ST04,SKU00940,8,567.86,70.98,0,2025-02-26,8,567.86,70.98,0,Automotive,9.74,17.78,2025-02-26,9,2,Winter,0,,0,Winter,359,55,8,74,26,9,2,2025,2,0,0.0,0.0,8.0,8.0,0,0
2025-02-26,ST05,SKU00941,30,238.23,7.94,0,2025-02-26,30,238.23,7.94,0,Books,7.17,10.67,2025-02-26,9,2,Winter,0,,0,Winter,286,33,11,37,26,9,2,2025,2,0,0.0,0.0,30.0,30.0,0,0
2025-02-26,ST05,SKU00942,12,208.61,17.38,0,2025-02-26,12,208.61,17.38,0,Food,27.52,42.55,2025-02-26,9,2,Winter,0,,0,Winter,312,35,4,32,26,9,2,2025,2,0,0.0,0.0,12.0,12.0,0,0
2025-02-26,ST06,SKU00943,15,172.85,11.52,1,2025-02-26,15,172.85,11.52,1,Clothing,33.55,60.95,2025-02-26,9,2,Winter,0,,0,Winter,77,69,7,57,26,9,2,2025,2,0,0.0,0.0,15.0,15.0,0,1
2025-02-26,ST06,SKU00944,20,2201.13,110.06,0,2025-02-26,20,2201.13,110.06,0,Automotive,7.36,13.34,2025-02-26,9,2,Winter,0,,0,Winter,359,53,3,50,26,9,2,2025,2,0,0.0,0.0,20.0,20.0,0,0
2025-02-26,ST07,SKU00945,25,878.1,35.12,0,2025-02-26,25,878.1,35.12,0,Clothing,29.84,45.74,2025-02-26,9,2,Winter,0,,0,Winter,301,98,11,78,26,9,2,2025,2,0,0.0,0.0,25.0,25.0,0,0
2025-02-26,ST07,SKU00946,8,140.49,17.56,0,2025-02-26,8,140.49,17.56,0,Clothing,14.54,25.09,2025-02-26,9,2,Winter,0,,0,Winter,167,53,12,82,26,9,2,2025,2,0,0.0,0.0,8.0,8.0,0,0
2025-02-26,ST08,SKU00947,30,445.26,14.84,0,2025-02-26,30,445.26,14.84,0,Toys,44.61,61.23,2025-02-26,9,2,Winter,0,,0,Winter,93,46,7,75,26,9,2,2025,2,0,0.0,0.0,30.0,30.0,0,0
2025-02-26,ST08,SKU00948,12,823.25,68.6,0,2025-02-26,12,823.25,68.6,0,Food,32.35,46.46,2025-02-26,9,2,Winter,0,,0,Winter,62,36,8,53,26,9,2,2025,2,0,0.0,0.0,12.0,12.0,0,0
2025-02-26,ST09,SKU00949,15,267.35,17.82,0,2025-02-26,15,267.35,17.82,0,Beauty,46.89,60.98,2025-02-26,9,2,Winter,0,,0,Winter,307,85,3,43,26,9,2,2025,2,0,0.0,0.0,15.0,15.0,0,0
2025-02-26,ST09,SKU00950,20,898.08,44.9,0,2025-02-26,20,898.08,44.9,0,Home & Garden,19.2,32.95,2025-02-26,9,2,Winter,0,,0,Winter,187,34,11,32,26,9,2,2025,2,0,0.0,0.0,20.0,20.0,0,0
2025-02-26,ST10,SKU00951,25,399.18,15.97,0,2025-02-26,25,399.18,15.97,0,Books,35.7,56.21,2025-02-26,9,2,Winter,0,,0,Winter,160,16,8,53,26,9,2,2025,2,0,0.0,0.0,25.0,25.0,0,0
2025-02-26,ST10,SKU00952,8,567.86,70.98,0,2025-02-26,8,567.86,70.98,0,Electronics,45.06,64.43,2025-02-26,9,2,Winter,0,,0,Winter,78,42,11,89,26,9,2,2025,2,0,0.0,0.0,8.0,8.0,0,0
2025-02-27,ST01,SKU00953,30,238.23,7.94,0,2025-02-27,30,238.23,7.94,0,Home & Garden,35.01,65.07,2025-02-27,9,2,Winter,0,,0,Winter,395,64,6,57,27,9,2,2025,3,0,0.0,0.0,30.0,30.0,0,0
2025-02-27,ST01,SKU00954,12,208.61,17.38,1,2025-02-27,12,208.61,17.38,1,Toys,28.21,39.9,2025-02-27,9,2,Winter,0,,0,Winter,321,46,3,87,27,9,2,2025,3,0,0.0,0.0,12.0,12.0,0,1
2025-02-27,ST02,SKU00955,15,172.85,11.52,0,2025-02-27,15,172.85,11.52,0,Books,35.96,50.11,2025-02-27,9,2,Winter,0,,0,Winter,332,52,12,88,27,9,2,2025,3,0,0.0,0.0,15.0,15.0,0,0
2025-02-27,ST02,SKU00956,20,2201.13,110.06,0,2025-02-27,20,2201.13,110.06,0,Toys,20.18,24.53,2025-02-27,9,2,Winter,0,,0,Winter,224,93,11,63,27,9,2,2025,3,0,0.0,0.0,20.0,20.0,0,0
2025-02-27,ST03,SKU00957,25,878.1,35.12,0,2025-02-27,25,878.1,35.12,0,Sports,47.7,58.44,2025-02-27,9,2,Winter,0,,0,Winter,470,5,9,54,27,9,2,2025,3,0,0.0,0.0,25.0,25.0,0,0
2025-02-27,ST03,SKU00958,8,140.49,17.56,0,2025-02-27,8,140.49,17.56,0,Home & Garden,23.19,37.68,2025-02-27,9,2,Winter,0,,0,Winter,82,54,12,36,27,9,2,2025,3,0,0.0,0.0,8.0,8.0,0,0
2025-02-27,ST04,SKU00959,30,445.26,14.84,0,2025-02-27,30,445.26,14.84,0,Toys,17.0,30.26,2025-02-27,9,2,Winter,0,,0,Winter,293,56,13,36,27,9,2,2025,3,0,0.0,0.0,30.0,30.0,0,0
2025-02-27,ST04,SKU00960,12,823.25,68.6,0,2025-02-27,12,823.25,68.6,0,Automotive,48.36,78.11,2025-02-27,9,2,Winter,0,,0,Winter,277,50,11,61,27,9,2,2025,3,0,0.0,0.0,12.0,12.0,0,0
2025-02-27,ST05,SKU00961,15,267.35,17.82,0,2025-02-27,15,267.35,17.82,0,Toys,39.3,61.47,2025-02-27,9,2,Winter,0,,0,Winter,380,7,3,74,27,9,2,2025,3,0,0.0,0.0,15.0,15.0,0,0
2025-02-27,ST05,SKU00962,20,898.08,44.9,0,2025-02-27,20,898.08,44.9,0,Electronics,28.46,56.37,2025-02-27,9,2,Winter,0,,0,Winter,263,58,6,96,27,9,2,2025,3,0,0.0,0.0,20.0,20.0,0,0
2025-02-27,ST06,SKU00963,25,399.18,15.97,1,2025-02-27,25,399.18,15.97,1,Toys,5.76,10.47,2025-02-27,9,2,Winter,0,,0,Winter,462,28,4,57,27,9,2,2025,3,0,0.0,0.0,25.0,25.0,0,1
2025-02-27,ST06,SKU00964,8,567.86,70.98,0,2025-02-27,8,567.86,70.98,0,Automotive,10.41,14.7,2025-02-27,9,2,Winter,0,,0,Winter,254,78,9,73,27,9,2,2025,3,0,0.0,0.0,8.0,8.0,0,0
2025-02-27,ST07,SKU00965,30,238.23,7.94,0,2025-02-27,30,238.23,7.94,0,Books,20.38,36.51,2025-02-27,9,2,Winter,0,,0,Winter,267,3,12,38,27,9,2,2025,3,0,0.0,0.0,30.0,30.0,0,0
2025-02-27,ST07,SKU00966,12,208.61,17.38,0,2025-02-27,12,208.61,17.38,0,Food,20.66,30.94,2025-02-27,9,2,Winter,0,,0,Winter,168,4,10,79,27,9,2,2025,3,0,0.0,0.0,12.0,12.0,0,0
2025-02-27,ST08,SKU00967,15,172.85,11.52,0,2025-02-27,15,172.85,11.52,0,Books,34.09,67.48,2025-02-27,9,2,Winter,0,,0,Winter,380,14,8,46,27,9,2,2025,3,0,0.0,0.0,15.0,15.0,0,0
2025-02-27,ST08,SKU00968,20,2201.13,110.06,0,2025-02-27,20,2201.13,110.06,0,Home & Garden,6.06,11.63,2025-02-27,9,2,Winter,0,,0,Winter,108,89,9,86,27,9,2,2025,3,0,0.0,0.0,20.0,20.0,0,0
2025-02-27,ST09,SKU00969,25,878.1,35.12,0,2025-02-27,25,878.1,35.12,0,Electronics,32.28,46.25,2025-02-27,9,2,Winter,0,,0,Winter,75,24,12,74,27,9,2,2025,3,0,0.0,0.0,25.0,25.0,0,0
2025-02-27,ST09,SKU00970,8,140.49,17.56,0,2025-02-27,8,140.49,17.56,0,Toys,11.85,22.76,2025-02-27,9,2,Winter,0,,0,Winter,388,10,7,97,27,9,2,2025,3,0,0.0,0.0,8.0,8.0,0,0
2025-02-27,ST10,SKU00971,30,445.26,14.84,0,2025-02-27,30,445.26,14.84,0,Automotive,47.18,79.39,2025-02-27,9,2,Winter,0,,0,Winter,400,27,13,94,27,9,2,2025,3,0,0.0,0.0,30.0,30.0,0,0
2025-02-27,ST10,SKU00972,12,823.25,68.6,0,2025-02-27,12,823.25,68.6,0,Food,35.22,58.67,2025-02-27,9,2,Winter,0,,0,Winter,98,46,6,83,27,9,2,2025,3,0,0.0,0.0,12.0,12.0,0,0
2025-02-28,ST01,SKU00973,15,267.35,17.82,0,2025-02-28,15,267.35,17.82,0,Beauty,47.42,86.7,2025-02-28,9,2,Winter,0,,0,Winter,237,56,11,75,28,9,2,2025,4,0,0.0,0.0,15.0,15.0,0,0
2025-02-28,ST01,SKU00974,20,898.08,44.9,1,2025-02-28,20,898.08,44.9,1,Sports,29.5,58.12,2025-02-28,9,2,Winter,0,,0,Winter,291,25,3,34,28,9,2,2025,4,0,0.0,0.0,20.0,20.0,0,1
2025-02-28,ST02,SKU00975,25,399.18,15.97,0,2025-02-28,25,399.18,15.97,0,Toys,21.46,29.62,2025-02-28,9,2,Winter,0,,0,Winter,133,51,11,83,28,9,2,2025,4,0,0.0,0.0,25.0,25.0,0,0
2025-02-28,ST02,SKU00976,8,567.86,70.98,0,2025-02-28,8,567.86,70.98,0,Food,11.34,19.25,2025-02-28,9,2,Winter,0,,0,Winter,210,49,8,56,28,9,2,2025,4,0,0.0,0.0,8.0,8.0,0,0
2025-02-28,ST03,SKU00977,30,238.23,7.94,0,2025-02-28,30,238.23,7.94,0,Health,19.18,27.26,2025-02-28,9,2,Winter,0,,0,Winter,275,14,12,50,28,9,2,2025,4,0,0.0,0.0,30.0,30.0,0,0
2025-02-28,ST03,SKU00978,12,208.61,17.38,0,2025-02-28,12,208.61,17.38,0,Books,28.73,55.3,2025-02-28,9,2,Winter,0,,0,Winter,95,68,8,67,28,9,2,2025,4,0,0.0,0.0,12.0,12.0,0,0
2025-02-28,ST04,SKU00979,15,172.85,11.52,0,2025-02-28,15,172.85,11.52,0,Electronics,20.53,39.71,2025-02-28,9,2,Winter,0,,0,Winter,111,85,4,75,28,9,2,2025,4,0,0.0,0.0,15.0,15.0,0,0
2025-02-28,ST04,SKU00980,20,2201.13,110.06,0,2025-02-28,20,2201.13,110.06,0,Beauty,37.62,61.37,2025-02-28,9,2,Winter,0,,0,Winter,446,94,5,35,28,9,2,2025,4,0,0.0,0.0,20.0,20.0,0,0
2025-02-28,ST05,SKU00981,25,878.1,35.12,0,2025-02-28,25,878.1,35.12,0,Automotive,36.05,63.16,2025-02-28,9,2,Winter,0,,0,Winter,142,7,13,62,28,9,2,2025,4,0,0.0,0.0,25.0,25.0,0,0
2025-02-28,ST05,SKU00982,8,140.49,17.56,0,2025-02-28,8,140.49,17.56,0,Clothing,5.35,9.13,2025-02-28,9,2,Winter,0,,0,Winter,258,74,4,40,28,9,2,2025,4,0,0.0,0.0,8.0,8.0,0,0
2025-02-28,ST06,SKU00983,30,445.26,14.84,1,2025-02-28,30,445.26,14.84,1,Beauty,11.04,21.71,2025-02-28,9,2,Winter,0,,0,Winter,400,27,8,70,28,9,2,2025,4,0,0.0,0.0,30.0,30.0,0,1
2025-02-28,ST06,SKU00984,12,823.25,68.6,0,2025-02-28,12,823.25,68.6,0,Clothing,15.89,25.42,2025-02-28,9,2,Winter,0,,0,Winter,321,67,5,77,28,9,2,2025,4,0,0.0,0.0,12.0,12.0,0,0
2025-02-28,ST07,SKU00985,15,267.35,17.82,0,2025-02-28,15,267.35,17.82,0,Books,48.3,81.96,2025-02-28,9,2,Winter,0,,0,Winter,233,63,13,91,28,9,2,2025,4,0,0.0,0.0,15.0,15.0,0,0
2025-02-28,ST07,SKU00986,20,898.08,44.9,0,2025-02-28,20,898.08,44.9,0,Toys,39.24,64.25,2025-02-28,9,2,Winter,0,,0,Winter,381,10,7,47,28,9,2,2025,4,0,0.0,0.0,20.0,20.0,0,0
2025-02-28,ST08,SKU00987,25,399.18,15.97,0,2025-02-28,25,399.18,15.97,0,Home & Garden,12.46,19.39,2025-02-28,9,2,Winter,0,,0,Winter,68,86,9,55,28,9,2,2025,4,0,0.0,0.0,25.0,25.0,0,0
2025-02-28,ST08,SKU00988,8,567.86,70.98,0,2025-02-28,8,567.86,70.98,0,Electronics,11.16,22.29,2025-02-28,9,2,Winter,0,,0,Winter,439,3,5,58,28,9,2,2025,4,0,0.0,0.0,8.0,8.0,0,0
2025-02-28,ST09,SKU00989,30,238.23,7.94,0,2025-02-28,30,238.23,7.94,0,Clothing,43.42,60.51,2025-02-28,9,2,Winter,0,,0,Winter,108,97,3,72,28,9,2,2025,4,0,0.0,0.0,30.0,30.0,0,0
2025-02-28,ST09,SKU00990,12,208.61,17.38,0,2025-02-28,12,208.61,17.38,0,Toys,9.9,16.92,2025-02-28,9,2,Winter,0,,0,Winter,294,79,4,63,28,9,2,2025,4,0,0.0,0.0,12.0,12.0,0,0
2025-02-28,ST10,SKU00991,15,172.85,11.52,0,2025-02-28,15,172.85,11.52,0,Beauty,37.03,73.5,2025-02-28,9,2,Winter,0,,0,Winter,296,7,12,37,28,9,2,2025,4,0,0.0,0.0,15.0,15.0,0,0
2025-02-28,ST10,SKU00992,20,2201.13,110.06,0,2025-02-28,20,2201.13,110.06,0,Automotive,14.86,23.29,2025-02-28,9,2,Winter,0,,0,Winter,401,99,3,72,28,9,2,2025,4,0,0.0,0.0,20.0,20.0,0,0
2025-03-01,ST01,SKU00993,25,878.1,35.12,0,2025-03-01,25,878.1,35.12,0,Clothing,31.71,39.91,2025-03-01,9,3,Spring,0,Spring Launch,0,Spring,88,80,13,73,1,9,3,2025,5,1,0.0,0.0,25.0,25.0,0,0
2025-03-01,ST01,SKU00994,8,140.49,17.56,1,2025-03-01,8,140.49,17.56,1,Toys,5.59,6.77,2025-03-01,9,3,Spring,0,Spring Launch,0,Spring,186,36,12,65,1,9,3,2025,5,1,0.0,0.0,8.0,8.0,0,1
2025-03-01,ST02,SKU00995,30,445.26,14.84,0,2025-03-01,30,445.26,14.84,0,Home & Garden,37.95,56.31,2025-03-01,9,3,Spring,0,Spring Launch,0,Spring,150,91,12,72,1,9,3,2025,5,1,0.0,0.0,30.0,30.0,0,0
2025-03-01,ST02,SKU00996,12,823.25,68.6,0,2025-03-01,12,823.25,68.6,0,Electronics,48.21,77.96,2025-03-01,9,3,Spring,0,Spring Launch,0,Spring,265,41,10,95,1,9,3,2025,5,1,0.0,0.0,12.0,12.0,0,0
2025-03-01,ST03,SKU00997,15,267.35,17.82,0,2025-03-01,15,267.35,17.82,0,Clothing,48.52,73.47,2025-03-01,9,3,Spring,0,Spring Launch,0,Spring,104,71,13,51,1,9,3,2025,5,1,0.0,0.0,15.0,15.0,0,0
2025-03-01,ST03,SKU00998,20,898.08,44.9,0,2025-03-01,20,898.08,44.9,0,Health,26.46,46.96,2025-03-01,9,3,Spring,0,Spring Launch,0,Spring,150,26,11,96,1,9,3,2025,5,1,0.0,0.0,20.0,20.0,0,0
2025-03-01,ST04,SKU00999,25,399.18,15.97,0,2025-03-01,25,399.18,15.97,0,Electronics,25.62,46.76,2025-03-01,9,3,Spring,0,Spring Launch,0,Spring,413,12,12,38,1,9,3,2025,5,1,0.0,0.0,25.0,25.0,0,0
2025-03-01,ST04,SKU01000,8,567.86,70.98,0,2025-03-01,8,567.86,70.98,0,Sports,30.43,55.3,2025-03-01,9,3,Spring,0,Spring Launch,0,Spring,487,26,4,30,1,9,3,2025,5,1,0.0,0.0,8.0,8.0,0,0
2025-03-01,ST05,SKU01001,30,238.23,7.94,0,2025-03-01,30,238.23,7.94,0,Toys,32.14,60.04,2025-03-01,9,3,Spring,0,Spring Launch,0,Spring,209,88,9,96,1,9,3,2025,5,1,0.0,0.0,30.0,30.0,0,0
2025-03-01,ST05,SKU01002,12,208.61,17.38,0,2025-03-01,12,208.61,17.38,0,Sports,21.07,40.89,2025-03-01,9,3,Spring,0,Spring Launch,0,Spring,453,93,5,46,1,9,3,2025,5,1,0.0,0.0,12.0,12.0,0,0
2025-03-01,ST06,SKU01003,15,172.85,11.52,1,2025-03-01,15,172.85,11.52,1,Health,41.21,50.98,2025-03-01,9,3,Spring,0,Spring Launch,0,Spring,323,44,6,82,1,9,3,2025,5,1,0.0,0.0,15.0,15.0,0,1
2025-03-01,ST06,SKU01004,20,2201.13,110.06,0,2025-03-01,20,2201.13,110.06,0,Health,19.48,36.58,2025-03-01,9,3,Spring,0,Spring Launch,0,Spring,140,81,6,94,1,9,3,2025,5,1,0.0,0.0,20.0,20.0,0,0
2025-03-01,ST07,SKU01005,25,878.1,35.12,0,2025-03-01,25,878.1,35.12,0,Beauty,41.37,58.05,2025-03-01,9,3,Spring,0,Spring Launch,0,Spring,163,0,12,55,1,9,3,2025,5,1,0.0,0.0,25.0,25.0,0,0
2025-03-01,ST07,SKU01006,8,140.49,17.56,0,2025-03-01,8,140.49,17.56,0,Automotive,23.12,44.3,2025-03-01,9,3,Spring,0,Spring Launch,0,Spring,414,19,6,39,1,9,3,2025,5,1,0.0,0.0,8.0,8.0,0,0
2025-03-01,ST08,SKU01007,30,445.26,14.84,0,2025-03-01,30,445.26,14.84,0,Health,45.56,60.28,2025-03-01,9,3,Spring,0,Spring Launch,0,Spring,364,74,11,34,1,9,3,2025,5,1,0.0,0.0,30.0,30.0,0,0
2025-03-01,ST08,SKU01008,12,823.25,68.6,0,2025-03-01,12,823.25,68.6,0,Food,46.38,92.51,2025-03-01,9,3,Spring,0,Spring Launch,0,Spring,427,64,3,51,1,9,3,2025,5,1,0.0,0.0,12.0,12.0,0,0
2025-03-01,ST09,SKU01009,15,267.35,17.82,0,2025-03-01,15,267.35,17.82,0,Automotive,39.25,58.77,2025-03-01,9,3,Spring,0,Spring Launch,0,Spring,403,40,6,98,1,9,3,2025,5,1,0.0,0.0,15.0,15.0,0,0
2025-03-01,ST09,SKU01010,20,898.08,44.9,0,2025-03-01,20,898.08,44.9,0,Sports,9.08,11.14,2025-03-01,9,3,Spring,0,Spring Launch,0,Spring,305,10,10,80,1,9,3,2025,5,1,0.0,0.0,20.0,20.0,0,0
2025-03-01,ST10,SKU01011,25,399.18,15.97,0,2025-03-01,25,399.18,15.97,0,Home & Garden,47.79,79.42,2025-03-01,9,3,Spring,0,Spring Launch,0,Spring,198,98,12,48,1,9,3,2025,5,1,0.0,0.0,25.0,25.0,0,0
2025-03-01,ST10,SKU01012,8,567.86,70.98,0,2025-03-01,8,567.86,70.98,0,Electronics,40.44,56.65,2025-03-01,9,3,Spring,0,Spring Launch,0,Spring,158,59,9,76,1,9,3,2025,5,1,0.0,0.0,8.0,8.0,0,0
2025-03-02,ST01,SKU01013,30,238.23,7.94,0,2025-03-02,30,238.23,7.94,0,Sports,30.82,47.24,2025-03-02,9,3,Spring,0,Spring Launch,0,Spring,376,25,10,34,2,9,3,2025,6,1,0.0,0.0,30.0,30.0,0,0
2025-03-02,ST01,SKU01014,12,208.61,17.38,1,2025-03-02,12,208.61,17.38,1,Electronics,15.82,21.41,2025-03-02,9,3,Spring,0,Spring Launch,0,Spring,454,77,6,52,2,9,3,2025,6,1,0.0,0.0,12.0,12.0,0,1
2025-03-02,ST02,SKU01015,15,172.85,11.52,0,2025-03-02,15,172.85,11.52,0,Sports,9.58,15.38,2025-03-02,9,3,Spring,0,Spring Launch,0,Spring,411,83,4,37,2,9,3,2025,6,1,0.0,0.0,15.0,15.0,0,0
2025-03-02,ST02,SKU01016,20,2201.13,110.06,0,2025-03-02,20,2201.13,110.06,0,Automotive,6.75,8.3,2025-03-02,9,3,Spring,0,Spring Launch,0,Spring,90,18,9,75,2,9,3,2025,6,1,0.0,0.0,20.0,20.0,0,0
2025-03-02,ST03,SKU01017,25,878.1,35.12,0,2025-03-02,25,878.1,35.12,0,Electronics,11.67,20.34,2025-03-02,9,3,Spring,0,Spring Launch,0,Spring,461,90,6,44,2,9,3,2025,6,1,0.0,0.0,25.0,25.0,0,0
2025-03-02,ST03,SKU01018,8,140.49,17.56,0,2025-03-02,8,140.49,17.56,0,Automotive,47.77,79.55,2025-03-02,9,3,Spring,0,Spring Launch,0,Spring,470,0,5,53,2,9,3,2025,6,1,0.0,0.0,8.0,8.0,0,0
2025-03-02,ST04,SKU01019,30,445.26,14.84,0,2025-03-02,30,445.26,14.84,0,Beauty,31.1,50.18,2025-03-02,9,3,Spring,0,Spring Launch,0,Spring,332,39,6,53,2,9,3,2025,6,1,0.0,0.0,30.0,30.0,0,0
2025-03-02,ST04,SKU01020,12,823.25,68.6,0,2025-03-02,12,823.25,68.6,0,Health,42.78,56.26,2025-03-02,9,3,Spring,0,Spring Launch,0,Spring,73,3,5,63,2,9,3,2025,6,1,0.0,0.0,12.0,12.0,0,0
2025-03-02,ST05,SKU01021,15,267.35,17.82,0,2025-03-02,15,267.35,17.82,0,Food,45.23,88.53,2025-03-02,9,3,Spring,0,Spring Launch,0,Spring,490,48,9,82,2,9,3,2025,6,1,0.0,0.0,15.0,15.0,0,0
2025-03-02,ST05,SKU01022,20,898.08,44.9,0,2025-03-02,20,898.08,44.9,0,Beauty,23.04,41.72,2025-03-02,9,3,Spring,0,Spring Launch,0,Spring,297,22,7,82,2,9,3,2025,6,1,0.0,0.0,20.0,20.0,0,0
2025-03-02,ST06,SKU01023,25,399.18,15.97,1,2025-03-02,25,399.18,15.97,1,Food,26.44,42.24,2025-03-02,9,3,Spring,0,Spring Launch,0,Spring,367,40,11,89,2,9,3,2025,6,1,0.0,0.0,25.0,25.0,0,1
2025-03-02,ST06,SKU01024,8,567.86,70.98,0,2025-03-02,8,567.86,70.98,0,Sports,14.2,19.94,2025-03-02,9,3,Spring,0,Spring Launch,0,Spring,103,69,7,86,2,9,3,2025,6,1,0.0,0.0,8.0,8.0,0,0
2025-03-02,ST07,SKU01025,30,238.23,7.94,0,2025-03-02,30,238.23,7.94,0,Home & Garden,31.72,38.9,2025-03-02,9,3,Spring,0,Spring Launch,0,Spring,187,39,9,67,2,9,3,2025,6,1,0.0,0.0,30.0,30.0,0,0
2025-03-02,ST07,SKU01026,12,208.61,17.38,0,2025-03-02,12,208.61,17.38,0,Automotive,21.4,30.73,2025-03-02,9,3,Spring,0,Spring Launch,0,Spring,134,60,6,32,2,9,3,2025,6,1,0.0,0.0,12.0,12.0,0,0
2025-03-02,ST08,SKU01027,15,172.85,11.52,0,2025-03-02,15,172.85,11.52,0,Home & Garden,27.81,42.48,2025-03-02,9,3,Spring,0,Spring Launch,0,Spring,433,50,8,76,2,9,3,2025,6,1,0.0,0.0,15.0,15.0,0,0
2025-03-02,ST08,SKU01028,20,2201.13,110.06,0,2025-03-02,20,2201.13,110.06,0,Beauty,42.2,52.25,2025-03-02,9,3,Spring,0,Spring Launch,0,Spring,381,37,5,65,2,9,3,2025,6,1,0.0,0.0,20.0,20.0,0,0
2025-03-02,ST09,SKU01029,25,878.1,35.12,0,2025-03-02,25,878.1,35.12,0,Sports,36.21,65.79,2025-03-02,9,3,Spring,0,Spring Launch,0,Spring,288,40,7,42,2,9,3,2025,6,1,0.0,0.0,25.0,25.0,0,0
2025-03-02,ST09,SKU01030,8,140.49,17.56,0,2025-03-02,8,140.49,17.56,0,Health,42.12,67.91,2025-03-02,9,3,Spring,0,Spring Launch,0,Spring,392,57,4,59,2,9,3,2025,6,1,0.0,0.0,8.0,8.0,0,0
2025-03-02,ST10,SKU01031,30,445.26,14.84,0,2025-03-02,30,445.26,14.84,0,Electronics,29.26,41.72,2025-03-02,9,3,Spring,0,Spring Launch,0,Spring,239,24,13,80,2,9,3,2025,6,1,0.0,0.0,30.0,30.0,0,0
2025-03-02,ST10,SKU01032,12,823.25,68.6,0,2025-03-02,12,823.25,68.6,0,Food,46.9,70.97,2025-03-02,9,3,Spring,0,Spring Launch,0,Spring,255,56,13,76,2,9,3,2025,6,1,0.0,0.0,12.0,12.0,0,0
2025-03-03,ST01,SKU01033,15,267.35,17.82,0,2025-03-03,15,267.35,17.82,0,Books,39.45,47.34,2025-03-03,10,3,Spring,0,,0,Spring,423,99,9,45,3,10,3,2025,0,0,0.0,0.0,15.0,15.0,0,0
2025-03-03,ST01,SKU01034,20,898.08,44.9,1,2025-03-03,20,898.08,44.9,1,Automotive,7.76,11.56,2025-03-03,10,3,Spring,0,,0,Spring,71,84,8,50,3,10,3,2025,0,0,0.0,0.0,20.0,20.0,0,1
2025-03-03,ST02,SKU01035,25,399.18,15.97,0,2025-03-03,25,399.18,15.97,0,Automotive,48.79,67.37,2025-03-03,10,3,Spring,0,,0,Spring,290,15,13,60,3,10,3,2025,0,0,0.0,0.0,25.0,25.0,0,0
2025-03-03,ST02,SKU01036,8,567.86,70.98,0,2025-03-03,8,567.86,70.98,0,Toys,5.45,8.45,2025-03-03,10,3,Spring,0,,0,Spring,475,73,13,63,3,10,3,2025,0,0,0.0,0.0,8.0,8.0,0,0
2025-03-03,ST03,SKU01037,30,238.23,7.94,0,2025-03-03,30,238.23,7.94,0,Home & Garden,7.34,9.92,2025-03-03,10,3,Spring,0,,0,Spring,304,8,3,40,3,10,3,2025,0,0,0.0,0.0,30.0,30.0,0,0
2025-03-03,ST03,SKU01038,12,208.61,17.38,0,2025-03-03,12,208.61,17.38,0,Toys,37.93,64.95,2025-03-03,10,3,Spring,0,,0,Spring,59,85,11,46,3,10,3,2025,0,0,0.0,0.0,12.0,12.0,0,0
2025-03-03,ST04,SKU01039,15,172.85,11.52,0,2025-03-03,15,172.85,11.52,0,Automotive,43.18,66.41,2025-03-03,10,3,Spring,0,,0,Spring,373,47,6,54,3,10,3,2025,0,0,0.0,0.0,15.0,15.0,0,0
2025-03-03,ST04,SKU01040,20,2201.13,110.06,0,2025-03-03,20,2201.13,110.06,0,Clothing,45.32,84.05,2025-03-03,10,3,Spring,0,,0,Spring,172,20,7,94,3,10,3,2025,0,0,0.0,0.0,20.0,20.0,0,0
2025-03-03,ST05,SKU01041,25,878.1,35.12,0,2025-03-03,25,878.1,35.12,0,Home & Garden,13.17,19.72,2025-03-03,10,3,Spring,0,,0,Spring,240,88,5,65,3,10,3,2025,0,0,0.0,0.0,25.0,25.0,0,0
2025-03-03,ST05,SKU01042,8,140.49,17.56,0,2025-03-03,8,140.49,17.56,0,Toys,23.26,32.01,2025-03-03,10,3,Spring,0,,0,Spring,130,87,4,44,3,10,3,2025,0,0,0.0,0.0,8.0,8.0,0,0
2025-03-03,ST06,SKU01043,30,445.26,14.84,1,2025-03-03,30,445.26,14.84,1,Toys,22.69,37.96,2025-03-03,10,3,Spring,0,,0,Spring,145,38,13,99,3,10,3,2025,0,0,0.0,0.0,30.0,30.0,0,1
2025-03-03,ST06,SKU01044,12,823.25,68.6,0,2025-03-03,12,823.25,68.6,0,Electronics,22.13,33.9,2025-03-03,10,3,Spring,0,,0,Spring,50,22,12,68,3,10,3,2025,0,0,0.0,0.0,12.0,12.0,0,0
2025-03-03,ST07,SKU01045,15,267.35,17.82,0,2025-03-03,15,267.35,17.82,0,Health,36.92,49.25,2025-03-03,10,3,Spring,0,,0,Spring,175,56,3,63,3,10,3,2025,0,0,0.0,0.0,15.0,15.0,0,0
2025-03-03,ST07,SKU01046,20,898.08,44.9,0,2025-03-03,20,898.08,44.9,0,Automotive,17.1,29.11,2025-03-03,10,3,Spring,0,,0,Spring,300,40,11,42,3,10,3,2025,0,0,0.0,0.0,20.0,20.0,0,0
2025-03-03,ST08,SKU01047,25,399.18,15.97,0,2025-03-03,25,399.18,15.97,0,Toys,16.94,28.48,2025-03-03,10,3,Spring,0,,0,Spring,119,5,6,81,3,10,3,2025,0,0,0.0,0.0,25.0,25.0,0,0
2025-03-03,ST08,SKU01048,8,567.86,70.98,0,2025-03-03,8,567.86,70.98,0,Sports,33.45,43.61,2025-03-03,10,3,Spring,0,,0,Spring,294,2,3,92,3,10,3,2025,0,0,0.0,0.0,8.0,8.0,0,0
2025-03-03,ST09,SKU01049,30,238.23,7.94,0,2025-03-03,30,238.23,7.94,0,Books,9.61,15.49,2025-03-03,10,3,Spring,0,,0,Spring,98,75,9,93,3,10,3,2025,0,0,0.0,0.0,30.0,30.0,0,0
2025-03-03,ST09,SKU01050,12,208.61,17.38,0,2025-03-03,12,208.61,17.38,0,Automotive,12.74,25.21,2025-03-03,10,3,Spring,0,,0,Spring,114,80,5,44,3,10,3,2025,0,0,0.0,0.0,12.0,12.0,0,0
2025-03-03,ST10,SKU01051,15,172.85,11.52,0,2025-03-03,15,172.85,11.52,0,Beauty,12.16,16.34,2025-03-03,10,3,Spring,0,,0,Spring,149,31,6,47,3,10,3,2025,0,0,0.0,0.0,15.0,15.0,0,0
2025-03-03,ST10,SKU01052,20,2201.13,110.06,0,2025-03-03,20,2201.13,110.06,0,Food,25.78,49.93,2025-03-03,10,3,Spring,0,,0,Spring,418,82,13,64,3,10,3,2025,0,0,0.0,0.0,20.0,20.0,0,0
2025-03-04,ST01,SKU01053,25,878.1,35.12,0,2025-03-04,25,878.1,35.12,0,Food,10.63,19.99,2025-03-04,10,3,Spring,0,,0,Spring,127,57,3,43,4,10,3,2025,1,0,0.0,0.0,25.0,25.0,0,0
2025-03-04,ST01,SKU01054,8,140.49,17.56,1,2025-03-04,8,140.49,17.56,1,Automotive,17.33,31.99,2025-03-04,10,3,Spring,0,,0,Spring,211,60,9,33,4,10,3,2025,1,0,0.0,0.0,8.0,8.0,0,1
2025-03-04,ST02,SKU01055,30,445.26,14.84,0,2025-03-04,30,445.26,14.84,0,Automotive,20.54,30.16,2025-03-04,10,3,Spring,0,,0,Spring,265,58,5,35,4,10,3,2025,1,0,0.0,0.0,30.0,30.0,0,0
2025-03-04,ST02,SKU01056,12,823.25,68.6,0,2025-03-04,12,823.25,68.6,0,Sports,12.08,15.64,2025-03-04,10,3,Spring,0,,0,Spring,426,96,3,69,4,10,3,2025,1,0,0.0,0.0,12.0,12.0,0,0
2025-03-04,ST03,SKU01057,15,267.35,17.82,0,2025-03-04,15,267.35,17.82,0,Electronics,37.72,62.22,2025-03-04,10,3,Spring,0,,0,Spring,388,64,7,56,4,10,3,2025,1,0,0.0,0.0,15.0,15.0,0,0
2025-03-04,ST03,SKU01058,20,898.08,44.9,0,2025-03-04,20,898.08,44.9,0,Food,29.72,43.08,2025-03-04,10,3,Spring,0,,0,Spring,385,5,10,42,4,10,3,2025,1,0,0.0,0.0,20.0,20.0,0,0
2025-03-04,ST04,SKU01059,25,399.18,15.97,0,2025-03-04,25,399.18,15.97,0,Health,12.34,22.56,2025-03-04,10,3,Spring,0,,0,Spring,289,63,5,48,4,10,3,2025,1,0,0.0,0.0,25.0,25.0,0,0
2025-03-04,ST04,SKU01060,8,567.86,70.98,0,2025-03-04,8,567.86,70.98,0,Sports,22.3,27.2,2025-03-04,10,3,Spring,0,,0,Spring,253,79,13,72,4,10,3,2025,1,0,0.0,0.0,8.0,8.0,0,0
2025-03-04,ST05,SKU01061,30,238.23,7.94,0,2025-03-04,30,238.23,7.94,0,Sports,10.6,19.48,2025-03-04,10,3,Spring,0,,0,Spring,138,19,6,73,4,10,3,2025,1,0,0.0,0.0,30.0,30.0,0,0
2025-03-04,ST05,SKU01062,12,208.61,17.38,0,2025-03-04,12,208.61,17.38,0,Electronics,48.66,75.43,2025-03-04,10,3,Spring,0,,0,Spring,200,1,10,51,4,10,3,2025,1,0,0.0,0.0,12.0,12.0,0,0
2025-03-04,ST06,SKU01063,15,172.85,11.52,1,2025-03-04,15,172.85,11.52,1,Sports,30.15,48.27,2025-03-04,10,3,Spring,0,,0,Spring,420,56,7,36,4,10,3,2025,1,0,0.0,0.0,15.0,15.0,0,1
2025-03-04,ST06,SKU01064,20,2201.13,110.06,0,2025-03-04,20,2201.13,110.06,0,Toys,29.59,58.4,2025-03-04,10,3,Spring,0,,0,Spring,255,55,9,96,4,10,3,2025,1,0,0.0,0.0,20.0,20.0,0,0
2025-03-04,ST07,SKU01065,25,878.1,35.12,0,2025-03-04,25,878.1,35.12,0,Home & Garden,24.33,35.21,2025-03-04,10,3,Spring,0,,0,Spring,163,15,9,80,4,10,3,2025,1,0,0.0,0.0,25.0,25.0,0,0
2025-03-04,ST07,SKU01066,8,140.49,17.56,0,2025-03-04,8,140.49,17.56,0,Toys,10.33,20.35,2025-03-04,10,3,Spring,0,,0,Spring,259,79,10,41,4,10,3,2025,1,0,0.0,0.0,8.0,8.0,0,0
2025-03-04,ST08,SKU01067,30,445.26,14.84,0,2025-03-04,30,445.26,14.84,0,Home & Garden,47.86,66.11,2025-03-04,10,3,Spring,0,,0,Spring,175,52,13,34,4,10,3,2025,1,0,0.0,0.0,30.0,30.0,0,0
2025-03-04,ST08,SKU01068,12,823.25,68.6,0,2025-03-04,12,823.25,68.6,0,Health,41.4,72.1,2025-03-04,10,3,Spring,0,,0,Spring,332,11,3,35,4,10,3,2025,1,0,0.0,0.0,12.0,12.0,0,0
2025-03-04,ST09,SKU01069,15,267.35,17.82,0,2025-03-04,15,267.35,17.82,0,Food,19.24,35.66,2025-03-04,10,3,Spring,0,,0,Spring,146,4,11,57,4,10,3,2025,1,0,0.0,0.0,15.0,15.0,0,0
2025-03-04,ST09,SKU01070,20,898.08,44.9,0,2025-03-04,20,898.08,44.9,0,Automotive,40.85,57.21,2025-03-04,10,3,Spring,0,,0,Spring,383,68,8,88,4,10,3,2025,1,0,0.0,0.0,20.0,20.0,0,0
2025-03-04,ST10,SKU01071,25,399.18,15.97,0,2025-03-04,25,399.18,15.97,0,Beauty,47.09,88.55,2025-03-04,10,3,Spring,0,,0,Spring,82,61,4,48,4,10,3,2025,1,0,0.0,0.0,25.0,25.0,0,0
2025-03-04,ST10,SKU01072,8,567.86,70.98,0,2025-03-04,8,567.86,70.98,0,Food,45.77,55.37,2025-03-04,10,3,Spring,0,,0,Spring,263,68,13,95,4,10,3,2025,1,0,0.0,0.0,8.0,8.0,0,0
2025-03-05,ST01,SKU01073,30,238.23,7.94,0,2025-03-05,30,238.23,7.94,0,Beauty,7.33,12.02,2025-03-05,10,3,Spring,0,,0,Spring,96,38,6,62,5,10,3,2025,2,0,0.0,0.0,30.0,30.0,0,0
2025-03-05,ST01,SKU01074,12,208.61,17.38,1,2025-03-05,12,208.61,17.38,1,Books,18.8,27.88,2025-03-05,10,3,Spring,0,,0,Spring,190,83,8,36,5,10,3,2025,2,0,0.0,0.0,12.0,12.0,0,1
2025-03-05,ST02,SKU01075,15,172.85,11.52,0,2025-03-05,15,172.85,11.52,0,Electronics,47.07,72.7,2025-03-05,10,3,Spring,0,,0,Spring,128,86,9,48,5,10,3,2025,2,0,0.0,0.0,15.0,15.0,0,0
2025-03-05,ST02,SKU01076,20,2201.13,110.06,0,2025-03-05,20,2201.13,110.06,0,Books,8.08,14.75,2025-03-05,10,3,Spring,0,,0,Spring,177,53,10,49,5,10,3,2025,2,0,0.0,0.0,20.0,20.0,0,0
2025-03-05,ST03,SKU01077,25,878.1,35.12,0,2025-03-05,25,878.1,35.12,0,Clothing,24.47,42.79,2025-03-05,10,3,Spring,0,,0,Spring,78,23,4,92,5,10,3,2025,2,0,0.0,0.0,25.0,25.0,0,0
2025-03-05,ST03,SKU01078,8,140.49,17.56,0,2025-03-05,8,140.49,17.56,0,Books,8.24,11.25,2025-03-05,10,3,Spring,0,,0,Spring,251,56,10,91,5,10,3,2025,2,0,0.0,0.0,8.0,8.0,0,0
2025-03-05,ST04,SKU01079,30,445.26,14.84,0,2025-03-05,30,445.26,14.84,0,Food,47.5,81.39,2025-03-05,10,3,Spring,0,,0,Spring,206,73,3,95,5,10,3,2025,2,0,0.0,0.0,30.0,30.0,0,0
2025-03-05,ST04,SKU01080,12,823.25,68.6,0,2025-03-05,12,823.25,68.6,0,Toys,38.01,49.14,2025-03-05,10,3,Spring,0,,0,Spring,55,57,7,57,5,10,3,2025,2,0,0.0,0.0,12.0,12.0,0,0
2025-03-05,ST05,SKU01081,15,267.35,17.82,0,2025-03-05,15,267.35,17.82,0,Food,23.83,42.9,2025-03-05,10,3,Spring,0,,0,Spring,367,40,7,70,5,10,3,2025,2,0,0.0,0.0,15.0,15.0,0,0
2025-03-05,ST05,SKU01082,20,898.08,44.9,0,2025-03-05,20,898.08,44.9,0,Beauty,49.57,72.38,2025-03-05,10,3,Spring,0,,0,Spring,482,90,3,32,5,10,3,2025,2,0,0.0,0.0,20.0,20.0,0,0
2025-03-05,ST06,SKU01083,25,399.18,15.97,1,2025-03-05,25,399.18,15.97,1,Health,46.16,55.82,2025-03-05,10,3,Spring,0,,0,Spring,315,97,11,64,5,10,3,2025,2,0,0.0,0.0,25.0,25.0,0,1
2025-03-05,ST06,SKU01084,8,567.86,70.98,0,2025-03-05,8,567.86,70.98,0,Health,13.07,25.84,2025-03-05,10,3,Spring,0,,0,Spring,257,1,10,67,5,10,3,2025,2,0,0.0,0.0,8.0,8.0,0,0
2025-03-05,ST07,SKU01085,30,238.23,7.94,0,2025-03-05,30,238.23,7.94,0,Books,49.05,80.66,2025-03-05,10,3,Spring,0,,0,Spring,71,25,13,84,5,10,3,2025,2,0,0.0,0.0,30.0,30.0,0,0
2025-03-05,ST07,SKU01086,12,208.61,17.38,0,2025-03-05,12,208.61,17.38,0,Clothing,36.7,56.46,2025-03-05,10,3,Spring,0,,0,Spring,344,90,8,49,5,10,3,2025,2,0,0.0,0.0,12.0,12.0,0,0
2025-03-05,ST08,SKU01087,15,172.85,11.52,0,2025-03-05,15,172.85,11.52,0,Electronics,22.89,32.31,2025-03-05,10,3,Spring,0,,0,Spring,90,53,6,48,5,10,3,2025,2,0,0.0,0.0,15.0,15.0,0,0
2025-03-05,ST08,SKU01088,20,2201.13,110.06,0,2025-03-05,20,2201.13,110.06,0,Health,28.26,50.64,2025-03-05,10,3,Spring,0,,0,Spring,133,98,4,59,5,10,3,2025,2,0,0.0,0.0,20.0,20.0,0,0
2025-03-05,ST09,SKU01089,25,878.1,35.12,0,2025-03-05,25,878.1,35.12,0,Clothing,17.94,30.95,2025-03-05,10,3,Spring,0,,0,Spring,358,33,8,96,5,10,3,2025,2,0,0.0,0.0,25.0,25.0,0,0
2025-03-05,ST09,SKU01090,8,140.49,17.56,0,2025-03-05,8,140.49,17.56,0,Toys,11.48,19.24,2025-03-05,10,3,Spring,0,,0,Spring,183,78,13,39,5,10,3,2025,2,0,0.0,0.0,8.0,8.0,0,0
2025-03-05,ST10,SKU01091,30,445.26,14.84,0,2025-03-05,30,445.26,14.84,0,Toys,8.08,12.47,2025-03-05,10,3,Spring,0,,0,Spring,122,96,8,88,5,10,3,2025,2,0,0.0,0.0,30.0,30.0,0,0
2025-03-05,ST10,SKU01092,12,823.25,68.6,0,2025-03-05,12,823.25,68.6,0,Sports,31.96,54.29,2025-03-05,10,3,Spring,0,,0,Spring,149,58,4,58,5,10,3,2025,2,0,0.0,0.0,12.0,12.0,0,0
2025-03-06,ST01,SKU01093,15,267.35,17.82,0,2025-03-06,15,267.35,17.82,0,Clothing,17.03,20.65,2025-03-06,10,3,Spring,0,,0,Spring,114,82,12,39,6,10,3,2025,3,0,0.0,0.0,15.0,15.0,0,0
2025-03-06,ST01,SKU01094,20,898.08,44.9,1,2025-03-06,20,898.08,44.9,1,Home & Garden,21.8,35.98,2025-03-06,10,3,Spring,0,,0,Spring,358,78,13,51,6,10,3,2025,3,0,0.0,0.0,20.0,20.0,0,1
2025-03-06,ST02,SKU01095,25,399.18,15.97,0,2025-03-06,25,399.18,15.97,0,Automotive,36.8,62.12,2025-03-06,10,3,Spring,0,,0,Spring,484,47,7,51,6,10,3,2025,3,0,0.0,0.0,25.0,25.0,0,0
2025-03-06,ST02,SKU01096,8,567.86,70.98,0,2025-03-06,8,567.86,70.98,0,Automotive,28.66,40.11,2025-03-06,10,3,Spring,0,,0,Spring,405,97,11,57,6,10,3,2025,3,0,0.0,0.0,8.0,8.0,0,0
2025-03-06,ST03,SKU01097,30,238.23,7.94,0,2025-03-06,30,238.23,7.94,0,Clothing,43.97,86.07,2025-03-06,10,3,Spring,0,,0,Spring,498,44,6,36,6,10,3,2025,3,0,0.0,0.0,30.0,30.0,0,0
2025-03-06,ST03,SKU01098,12,208.61,17.38,0,2025-03-06,12,208.61,17.38,0,Health,25.21,42.6,2025-03-06,10,3,Spring,0,,0,Spring,354,8,6,30,6,10,3,2025,3,0,0.0,0.0,12.0,12.0,0,0
2025-03-06,ST04,SKU01099,15,172.85,11.52,0,2025-03-06,15,172.85,11.52,0,Toys,47.26,56.96,2025-03-06,10,3,Spring,0,,0,Spring,187,35,11,75,6,10,3,2025,3,0,0.0,0.0,15.0,15.0,0,0
2025-03-06,ST04,SKU01100,20,2201.13,110.06,0,2025-03-06,20,2201.13,110.06,0,Beauty,31.44,55.37,2025-03-06,10,3,Spring,0,,0,Spring,155,31,8,77,6,10,3,2025,3,0,0.0,0.0,20.0,20.0,0,0
2025-03-06,ST05,SKU01101,25,878.1,35.12,0,2025-03-06,25,878.1,35.12,0,Automotive,7.27,12.38,2025-03-06,10,3,Spring,0,,0,Spring,215,16,12,56,6,10,3,2025,3,0,0.0,0.0,25.0,25.0,0,0
2025-03-06,ST05,SKU01102,8,140.49,17.56,0,2025-03-06,8,140.49,17.56,0,Sports,47.13,76.99,2025-03-06,10,3,Spring,0,,0,Spring,103,49,5,54,6,10,3,2025,3,0,0.0,0.0,8.0,8.0,0,0
2025-03-06,ST06,SKU01103,30,445.26,14.84,1,2025-03-06,30,445.26,14.84,1,Home & Garden,48.09,73.06,2025-03-06,10,3,Spring,0,,0,Spring,461,14,6,56,6,10,3,2025,3,0,0.0,0.0,30.0,30.0,0,1
2025-03-06,ST06,SKU01104,12,823.25,68.6,0,2025-03-06,12,823.25,68.6,0,Health,38.27,52.5,2025-03-06,10,3,Spring,0,,0,Spring,459,18,10,46,6,10,3,2025,3,0,0.0,0.0,12.0,12.0,0,0
2025-03-06,ST07,SKU01105,15,267.35,17.82,0,2025-03-06,15,267.35,17.82,0,Toys,9.59,11.57,2025-03-06,10,3,Spring,0,,0,Spring,92,40,12,79,6,10,3,2025,3,0,0.0,0.0,15.0,15.0,0,0
2025-03-06,ST07,SKU01106,20,898.08,44.9,0,2025-03-06,20,898.08,44.9,0,Toys,19.72,37.7,2025-03-06,10,3,Spring,0,,0,Spring,261,39,9,52,6,10,3,2025,3,0,0.0,0.0,20.0,20.0,0,0
2025-03-06,ST08,SKU01107,25,399.18,15.97,0,2025-03-06,25,399.18,15.97,0,Books,46.15,71.41,2025-03-06,10,3,Spring,0,,0,Spring,160,95,6,76,6,10,3,2025,3,0,0.0,0.0,25.0,25.0,0,0
2025-03-06,ST08,SKU01108,8,567.86,70.98,0,2025-03-06,8,567.86,70.98,0,Sports,24.55,43.67,2025-03-06,10,3,Spring,0,,0,Spring,112,96,11,98,6,10,3,2025,3,0,0.0,0.0,8.0,8.0,0,0
2025-03-06,ST09,SKU01109,30,238.23,7.94,0,2025-03-06,30,238.23,7.94,0,Health,49.83,68.93,2025-03-06,10,3,Spring,0,,0,Spring,348,47,4,69,6,10,3,2025,3,0,0.0,0.0,30.0,30.0,0,0
2025-03-06,ST09,SKU01110,12,208.61,17.38,0,2025-03-06,12,208.61,17.38,0,Automotive,35.18,61.94,2025-03-06,10,3,Spring,0,,0,Spring,252,60,4,96,6,10,3,2025,3,0,0.0,0.0,12.0,12.0,0,0
2025-03-06,ST10,SKU01111,15,172.85,11.52,0,2025-03-06,15,172.85,11.52,0,Beauty,34.43,63.86,2025-03-06,10,3,Spring,0,,0,Spring,367,57,3,45,6,10,3,2025,3,0,0.0,0.0,15.0,15.0,0,0
2025-03-06,ST10,SKU01112,20,2201.13,110.06,0,2025-03-06,20,2201.13,110.06,0,Sports,5.62,7.86,2025-03-06,10,3,Spring,0,,0,Spring,387,93,9,39,6,10,3,2025,3,0,0.0,0.0,20.0,20.0,0,0
2025-03-07,ST01,SKU01113,25,878.1,35.12,0,2025-03-07,25,878.1,35.12,0,Automotive,5.71,7.21,2025-03-07,10,3,Spring,0,,0,Spring,387,37,5,65,7,10,3,2025,4,0,0.0,0.0,25.0,25.0,0,0
2025-03-07,ST01,SKU01114,8,140.49,17.56,1,2025-03-07,8,140.49,17.56,1,Clothing,7.81,12.25,2025-03-07,10,3,Spring,0,,0,Spring,492,62,10,75,7,10,3,2025,4,0,0.0,0.0,8.0,8.0,0,1
2025-03-07,ST02,SKU01115,30,445.26,14.84,0,2025-03-07,30,445.26,14.84,0,Home & Garden,14.69,24.65,2025-03-07,10,3,Spring,0,,0,Spring,436,73,8,94,7,10,3,2025,4,0,0.0,0.0,30.0,30.0,0,0
2025-03-07,ST02,SKU01116,12,823.25,68.6,0,2025-03-07,12,823.25,68.6,0,Clothing,21.75,31.89,2025-03-07,10,3,Spring,0,,0,Spring,425,90,10,80,7,10,3,2025,4,0,0.0,0.0,12.0,12.0,0,0
2025-03-07,ST03,SKU01117,15,267.35,17.82,0,2025-03-07,15,267.35,17.82,0,Clothing,41.23,76.62,2025-03-07,10,3,Spring,0,,0,Spring,258,72,8,68,7,10,3,2025,4,0,0.0,0.0,15.0,15.0,0,0
2025-03-07,ST03,SKU01118,20,898.08,44.9,0,2025-03-07,20,898.08,44.9,0,Beauty,14.01,23.73,2025-03-07,10,3,Spring,0,,0,Spring,418,59,3,83,7,10,3,2025,4,0,0.0,0.0,20.0,20.0,0,0
2025-03-07,ST04,SKU01119,25,399.18,15.97,0,2025-03-07,25,399.18,15.97,0,Electronics,16.4,32.64,2025-03-07,10,3,Spring,0,,0,Spring,86,8,4,85,7,10,3,2025,4,0,0.0,0.0,25.0,25.0,0,0
2025-03-07,ST04,SKU01120,8,567.86,70.98,0,2025-03-07,8,567.86,70.98,0,Beauty,8.08,12.1,2025-03-07,10,3,Spring,0,,0,Spring,236,84,4,90,7,10,3,2025,4,0,0.0,0.0,8.0,8.0,0,0
2025-03-07,ST05,SKU01121,30,238.23,7.94,0,2025-03-07,30,238.23,7.94,0,Automotive,14.28,26.27,2025-03-07,10,3,Spring,0,,0,Spring,107,59,8,69,7,10,3,2025,4,0,0.0,0.0,30.0,30.0,0,0
2025-03-07,ST05,SKU01122,12,208.61,17.38,0,2025-03-07,12,208.61,17.38,0,Food,17.1,25.56,2025-03-07,10,3,Spring,0,,0,Spring,469,36,4,92,7,10,3,2025,4,0,0.0,0.0,12.0,12.0,0,0
2025-03-07,ST06,SKU01123,15,172.85,11.52,1,2025-03-07,15,172.85,11.52,1,Toys,43.69,53.65,2025-03-07,10,3,Spring,0,,0,Spring,199,10,12,86,7,10,3,2025,4,0,0.0,0.0,15.0,15.0,0,1
2025-03-07,ST06,SKU01124,20,2201.13,110.06,0,2025-03-07,20,2201.13,110.06,0,Books,23.51,44.65,2025-03-07,10,3,Spring,0,,0,Spring,254,3,8,36,7,10,3,2025,4,0,0.0,0.0,20.0,20.0,0,0
2025-03-07,ST07,SKU01125,25,878.1,35.12,0,2025-03-07,25,878.1,35.12,0,Toys,24.24,37.67,2025-03-07,10,3,Spring,0,,0,Spring,110,53,10,97,7,10,3,2025,4,0,0.0,0.0,25.0,25.0,0,0
2025-03-07,ST07,SKU01126,8,140.49,17.56,0,2025-03-07,8,140.49,17.56,0,Books,40.28,61.85,2025-03-07,10,3,Spring,0,,0,Spring,256,0,9,32,7,10,3,2025,4,0,0.0,0.0,8.0,8.0,0,0
2025-03-07,ST08,SKU01127,30,445.26,14.84,0,2025-03-07,30,445.26,14.84,0,Toys,40.33,67.72,2025-03-07,10,3,Spring,0,,0,Spring,471,0,8,67,7,10,3,2025,4,0,0.0,0.0,30.0,30.0,0,0
2025-03-07,ST08,SKU01128,12,823.25,68.6,0,2025-03-07,12,823.25,68.6,0,Sports,31.56,48.16,2025-03-07,10,3,Spring,0,,0,Spring,390,28,7,50,7,10,3,2025,4,0,0.0,0.0,12.0,12.0,0,0
2025-03-07,ST09,SKU01129,15,267.35,17.82,0,2025-03-07,15,267.35,17.82,0,Toys,6.27,8.58,2025-03-07,10,3,Spring,0,,0,Spring,291,70,5,76,7,10,3,2025,4,0,0.0,0.0,15.0,15.0,0,0
2025-03-07,ST09,SKU01130,20,898.08,44.9,0,2025-03-07,20,898.08,44.9,0,Electronics,39.4,60.19,2025-03-07,10,3,Spring,0,,0,Spring,133,82,5,97,7,10,3,2025,4,0,0.0,0.0,20.0,20.0,0,0
2025-03-07,ST10,SKU01131,25,399.18,15.97,0,2025-03-07,25,399.18,15.97,0,Clothing,23.39,45.37,2025-03-07,10,3,Spring,0,,0,Spring,118,0,6,41,7,10,3,2025,4,0,0.0,0.0,25.0,25.0,0,0
2025-03-07,ST10,SKU01132,8,567.86,70.98,0,2025-03-07,8,567.86,70.98,0,Books,12.22,15.35,2025-03-07,10,3,Spring,0,,0,Spring,493,26,10,52,7,10,3,2025,4,0,0.0,0.0,8.0,8.0,0,0
2025-03-08,ST01,SKU01133,30,238.23,7.94,0,2025-03-08,30,238.23,7.94,0,Health,47.41,85.22,2025-03-08,10,3,Spring,0,,0,Spring,202,20,12,81,8,10,3,2025,5,1,0.0,0.0,30.0,30.0,0,0
2025-03-08,ST01,SKU01134,12,208.61,17.38,1,2025-03-08,12,208.61,17.38,1,Home & Garden,41.64,72.78,2025-03-08,10,3,Spring,0,,0,Spring,393,24,9,75,8,10,3,2025,5,1,0.0,0.0,12.0,12.0,0,1
2025-03-08,ST02,SKU01135,15,172.85,11.52,0,2025-03-08,15,172.85,11.52,0,Home & Garden,41.26,49.78,2025-03-08,10,3,Spring,0,,0,Spring,81,54,7,65,8,10,3,2025,5,1,0.0,0.0,15.0,15.0,0,0
2025-03-08,ST02,SKU01136,20,2201.13,110.06,0,2025-03-08,20,2201.13,110.06,0,Beauty,29.9,41.98,2025-03-08,10,3,Spring,0,,0,Spring,159,48,12,87,8,10,3,2025,5,1,0.0,0.0,20.0,20.0,0,0
2025-03-08,ST03,SKU01137,25,878.1,35.12,0,2025-03-08,25,878.1,35.12,0,Health,42.29,77.44,2025-03-08,10,3,Spring,0,,0,Spring,344,79,3,90,8,10,3,2025,5,1,0.0,0.0,25.0,25.0,0,0
2025-03-08,ST03,SKU01138,8,140.49,17.56,0,2025-03-08,8,140.49,17.56,0,Food,14.72,27.2,2025-03-08,10,3,Spring,0,,0,Spring,186,5,5,64,8,10,3,2025,5,1,0.0,0.0,8.0,8.0,0,0
2025-03-08,ST04,SKU01139,30,445.26,14.84,0,2025-03-08,30,445.26,14.84,0,Books,19.7,29.23,2025-03-08,10,3,Spring,0,,0,Spring,88,21,11,34,8,10,3,2025,5,1,0.0,0.0,30.0,30.0,0,0
2025-03-08,ST04,SKU01140,12,823.25,68.6,0,2025-03-08,12,823.25,68.6,0,Health,17.22,23.85,2025-03-08,10,3,Spring,0,,0,Spring,475,86,3,96,8,10,3,2025,5,1,0.0,0.0,12.0,12.0,0,0
2025-03-08,ST05,SKU01141,15,267.35,17.82,0,2025-03-08,15,267.35,17.82,0,Electronics,9.62,14.56,2025-03-08,10,3,Spring,0,,0,Spring,463,56,8,58,8,10,3,2025,5,1,0.0,0.0,15.0,15.0,0,0
2025-03-08,ST05,SKU01142,20,898.08,44.9,0,2025-03-08,20,898.08,44.9,0,Home & Garden,42.3,62.57,2025-03-08,10,3,Spring,0,,0,Spring,288,36,9,42,8,10,3,2025,5,1,0.0,0.0,20.0,20.0,0,0
2025-03-08,ST06,SKU01143,25,399.18,15.97,1,2025-03-08,25,399.18,15.97,1,Automotive,43.65,76.01,2025-03-08,10,3,Spring,0,,0,Spring,209,45,6,52,8,10,3,2025,5,1,0.0,0.0,25.0,25.0,0,1
2025-03-08,ST06,SKU01144,8,567.86,70.98,0,2025-03-08,8,567.86,70.98,0,Electronics,20.52,32.2,2025-03-08,10,3,Spring,0,,0,Spring,94,16,9,95,8,10,3,2025,5,1,0.0,0.0,8.0,8.0,0,0
2025-03-08,ST07,SKU01145,30,238.23,7.94,0,2025-03-08,30,238.23,7.94,0,Automotive,5.6,8.04,2025-03-08,10,3,Spring,0,,0,Spring,183,17,8,62,8,10,3,2025,5,1,0.0,0.0,30.0,30.0,0,0
2025-03-08,ST07,SKU01146,12,208.61,17.38,0,2025-03-08,12,208.61,17.38,0,Books,23.5,41.77,2025-03-08,10,3,Spring,0,,0,Spring,463,80,13,61,8,10,3,2025,5,1,0.0,0.0,12.0,12.0,0,0
2025-03-08,ST08,SKU01147,15,172.85,11.52,0,2025-03-08,15,172.85,11.52,0,Sports,15.33,19.84,2025-03-08,10,3,Spring,0,,0,Spring,475,77,12,39,8,10,3,2025,5,1,0.0,0.0,15.0,15.0,0,0
2025-03-08,ST08,SKU01148,20,2201.13,110.06,0,2025-03-08,20,2201.13,110.06,0,Electronics,38.33,72.45,2025-03-08,10,3,Spring,0,,0,Spring,164,35,4,57,8,10,3,2025,5,1,0.0,0.0,20.0,20.0,0,0
2025-03-08,ST09,SKU01149,25,878.1,35.12,0,2025-03-08,25,878.1,35.12,0,Books,37.96,61.19,2025-03-08,10,3,Spring,0,,0,Spring,60,77,9,76,8,10,3,2025,5,1,0.0,0.0,25.0,25.0,0,0
2025-03-08,ST09,SKU01150,8,140.49,17.56,0,2025-03-08,8,140.49,17.56,0,Toys,29.36,43.34,2025-03-08,10,3,Spring,0,,0,Spring,295,18,8,44,8,10,3,2025,5,1,0.0,0.0,8.0,8.0,0,0
2025-03-08,ST10,SKU01151,30,445.26,14.84,0,2025-03-08,30,445.26,14.84,0,Health,44.67,57.95,2025-03-08,10,3,Spring,0,,0,Spring,431,27,10,38,8,10,3,2025,5,1,0.0,0.0,30.0,30.0,0,0
2025-03-08,ST10,SKU01152,12,823.25,68.6,0,2025-03-08,12,823.25,68.6,0,Home & Garden,15.01,24.24,2025-03-08,10,3,Spring,0,,0,Spring,224,32,3,48,8,10,3,2025,5,1,0.0,0.0,12.0,12.0,0,0
2025-03-09,ST01,SKU01153,15,267.35,17.82,0,2025-03-09,15,267.35,17.82,0,Food,7.6,11.49,2025-03-09,10,3,Spring,0,,0,Spring,244,73,10,76,9,10,3,2025,6,1,0.0,0.0,15.0,15.0,0,0
2025-03-09,ST01,SKU01154,20,898.08,44.9,1,2025-03-09,20,898.08,44.9,1,Home & Garden,20.11,36.18,2025-03-09,10,3,Spring,0,,0,Spring,498,28,4,42,9,10,3,2025,6,1,0.0,0.0,20.0,20.0,0,1
2025-03-09,ST02,SKU01155,25,399.18,15.97,0,2025-03-09,25,399.18,15.97,0,Beauty,32.73,53.86,2025-03-09,10,3,Spring,0,,0,Spring,295,0,4,77,9,10,3,2025,6,1,0.0,0.0,25.0,25.0,0,0
2025-03-09,ST02,SKU01156,8,567.86,70.98,0,2025-03-09,8,567.86,70.98,0,Electronics,24.3,39.68,2025-03-09,10,3,Spring,0,,0,Spring,288,76,3,93,9,10,3,2025,6,1,0.0,0.0,8.0,8.0,0,0
2025-03-09,ST03,SKU01157,30,238.23,7.94,0,2025-03-09,30,238.23,7.94,0,Health,23.53,42.43,2025-03-09,10,3,Spring,0,,0,Spring,366,28,9,55,9,10,3,2025,6,1,0.0,0.0,30.0,30.0,0,0
2025-03-09,ST03,SKU01158,12,208.61,17.38,0,2025-03-09,12,208.61,17.38,0,Clothing,19.74,32.32,2025-03-09,10,3,Spring,0,,0,Spring,66,70,7,55,9,10,3,2025,6,1,0.0,0.0,12.0,12.0,0,0
2025-03-09,ST04,SKU01159,15,172.85,11.52,0,2025-03-09,15,172.85,11.52,0,Electronics,33.41,54.33,2025-03-09,10,3,Spring,0,,0,Spring,354,66,9,87,9,10,3,2025,6,1,0.0,0.0,15.0,15.0,0,0
2025-03-09,ST04,SKU01160,20,2201.13,110.06,0,2025-03-09,20,2201.13,110.06,0,Electronics,27.31,53.15,2025-03-09,10,3,Spring,0,,0,Spring,354,52,3,91,9,10,3,2025,6,1,0.0,0.0,20.0,20.0,0,0
2025-03-09,ST05,SKU01161,25,878.1,35.12,0,2025-03-09,25,878.1,35.12,0,Food,11.43,20.04,2025-03-09,10,3,Spring,0,,0,Spring,66,42,11,32,9,10,3,2025,6,1,0.0,0.0,25.0,25.0,0,0
2025-03-09,ST05,SKU01162,8,140.49,17.56,0,2025-03-09,8,140.49,17.56,0,Food,10.14,18.38,2025-03-09,10,3,Spring,0,,0,Spring,256,28,7,61,9,10,3,2025,6,1,0.0,0.0,8.0,8.0,0,0
2025-03-09,ST06,SKU01163,30,445.26,14.84,1,2025-03-09,30,445.26,14.84,1,Home & Garden,14.19,22.8,2025-03-09,10,3,Spring,0,,0,Spring,331,15,11,83,9,10,3,2025,6,1,0.0,0.0,30.0,30.0,0,1
2025-03-09,ST06,SKU01164,12,823.25,68.6,0,2025-03-09,12,823.25,68.6,0,Books,39.94,67.46,2025-03-09,10,3,Spring,0,,0,Spring,205,72,10,85,9,10,3,2025,6,1,0.0,0.0,12.0,12.0,0,0
2025-03-09,ST07,SKU01165,15,267.35,17.82,0,2025-03-09,15,267.35,17.82,0,Automotive,35.3,53.88,2025-03-09,10,3,Spring,0,,0,Spring,370,92,11,70,9,10,3,2025,6,1,0.0,0.0,15.0,15.0,0,0
2025-03-09,ST07,SKU01166,20,898.08,44.9,0,2025-03-09,20,898.08,44.9,0,Books,14.99,26.55,2025-03-09,10,3,Spring,0,,0,Spring,413,50,8,58,9,10,3,2025,6,1,0.0,0.0,20.0,20.0,0,0
2025-03-09,ST08,SKU01167,25,399.18,15.97,0,2025-03-09,25,399.18,15.97,0,Automotive,37.91,66.64,2025-03-09,10,3,Spring,0,,0,Spring,388,18,4,70,9,10,3,2025,6,1,0.0,0.0,25.0,25.0,0,0
2025-03-09,ST08,SKU01168,8,567.86,70.98,0,2025-03-09,8,567.86,70.98,0,Beauty,42.63,79.16,2025-03-09,10,3,Spring,0,,0,Spring,478,14,5,40,9,10,3,2025,6,1,0.0,0.0,8.0,8.0,0,0
2025-03-09,ST09,SKU01169,30,238.23,7.94,0,2025-03-09,30,238.23,7.94,0,Automotive,26.83,39.36,2025-03-09,10,3,Spring,0,,0,Spring,230,45,11,47,9,10,3,2025,6,1,0.0,0.0,30.0,30.0,0,0
2025-03-09,ST09,SKU01170,12,208.61,17.38,0,2025-03-09,12,208.61,17.38,0,Automotive,28.92,46.52,2025-03-09,10,3,Spring,0,,0,Spring,484,47,4,37,9,10,3,2025,6,1,0.0,0.0,12.0,12.0,0,0
2025-03-09,ST10,SKU01171,15,172.85,11.52,0,2025-03-09,15,172.85,11.52,0,Home & Garden,43.47,82.86,2025-03-09,10,3,Spring,0,,0,Spring,71,5,11,65,9,10,3,2025,6,1,0.0,0.0,15.0,15.0,0,0
2025-03-09,ST10,SKU01172,20,2201.13,110.06,0,2025-03-09,20,2201.13,110.06,0,Home & Garden,5.6,8.56,2025-03-09,10,3,Spring,0,,0,Spring,384,91,6,86,9,10,3,2025,6,1,0.0,0.0,20.0,20.0,0,0
2025-03-10,ST01,SKU01173,25,878.1,35.12,0,2025-03-10,25,878.1,35.12,0,Automotive,41.16,79.08,2025-03-10,11,3,Spring,0,,0,Spring,98,44,4,95,10,11,3,2025,0,0,0.0,0.0,25.0,25.0,0,0
2025-03-10,ST01,SKU01174,8,140.49,17.56,1,2025-03-10,8,140.49,17.56,1,Clothing,8.01,15.24,2025-03-10,11,3,Spring,0,,0,Spring,382,44,8,49,10,11,3,2025,0,0,0.0,0.0,8.0,8.0,0,1
2025-03-10,ST02,SKU01175,30,445.26,14.84,0,2025-03-10,30,445.26,14.84,0,Automotive,38.44,72.2,2025-03-10,11,3,Spring,0,,0,Spring,497,92,13,96,10,11,3,2025,0,0,0.0,0.0,30.0,30.0,0,0
2025-03-10,ST02,SKU01176,12,823.25,68.6,0,2025-03-10,12,823.25,68.6,0,Sports,34.17,43.04,2025-03-10,11,3,Spring,0,,0,Spring,388,2,8,93,10,11,3,2025,0,0,0.0,0.0,12.0,12.0,0,0
2025-03-10,ST03,SKU01177,15,267.35,17.82,0,2025-03-10,15,267.35,17.82,0,Clothing,28.1,55.96,2025-03-10,11,3,Spring,0,,0,Spring,89,58,9,91,10,11,3,2025,0,0,0.0,0.0,15.0,15.0,0,0
2025-03-10,ST03,SKU01178,20,898.08,44.9,0,2025-03-10,20,898.08,44.9,0,Sports,49.87,82.15,2025-03-10,11,3,Spring,0,,0,Spring,181,59,6,59,10,11,3,2025,0,0,0.0,0.0,20.0,20.0,0,0
2025-03-10,ST04,SKU01179,25,399.18,15.97,0,2025-03-10,25,399.18,15.97,0,Home & Garden,14.91,22.07,2025-03-10,11,3,Spring,0,,0,Spring,284,1,3,38,10,11,3,2025,0,0,0.0,0.0,25.0,25.0,0,0
2025-03-10,ST04,SKU01180,8,567.86,70.98,0,2025-03-10,8,567.86,70.98,0,Beauty,8.09,12.1,2025-03-10,11,3,Spring,0,,0,Spring,397,30,4,90,10,11,3,2025,0,0,0.0,0.0,8.0,8.0,0,0
2025-03-10,ST05,SKU01181,30,238.23,7.94,0,2025-03-10,30,238.23,7.94,0,Sports,7.04,10.42,2025-03-10,11,3,Spring,0,,0,Spring,256,47,11,65,10,11,3,2025,0,0,0.0,0.0,30.0,30.0,0,0
2025-03-10,ST05,SKU01182,12,208.61,17.38,0,2025-03-10,12,208.61,17.38,0,Clothing,34.78,55.2,2025-03-10,11,3,Spring,0,,0,Spring,185,72,12,87,10,11,3,2025,0,0,0.0,0.0,12.0,12.0,0,0
2025-03-10,ST06,SKU01183,15,172.85,11.52,1,2025-03-10,15,172.85,11.52,1,Clothing,39.78,65.18,2025-03-10,11,3,Spring,0,,0,Spring,406,44,9,87,10,11,3,2025,0,0,0.0,0.0,15.0,15.0,0,1
2025-03-10,ST06,SKU01184,20,2201.13,110.06,0,2025-03-10,20,2201.13,110.06,0,Automotive,31.15,47.99,2025-03-10,11,3,Spring,0,,0,Spring,258,98,7,93,10,11,3,2025,0,0,0.0,0.0,20.0,20.0,0,0
2025-03-10,ST07,SKU01185,25,878.1,35.12,0,2025-03-10,25,878.1,35.12,0,Health,40.19,72.39,2025-03-10,11,3,Spring,0,,0,Spring,93,28,13,38,10,11,3,2025,0,0,0.0,0.0,25.0,25.0,0,0
2025-03-10,ST07,SKU01186,8,140.49,17.56,0,2025-03-10,8,140.49,17.56,0,Food,35.49,64.12,2025-03-10,11,3,Spring,0,,0,Spring,432,91,8,58,10,11,3,2025,0,0,0.0,0.0,8.0,8.0,0,0
2025-03-10,ST08,SKU01187,30,445.26,14.84,0,2025-03-10,30,445.26,14.84,0,Home & Garden,35.2,59.72,2025-03-10,11,3,Spring,0,,0,Spring,491,16,9,32,10,11,3,2025,0,0,0.0,0.0,30.0,30.0,0,0
2025-03-10,ST08,SKU01188,12,823.25,68.6,0,2025-03-10,12,823.25,68.6,0,Food,34.81,51.44,2025-03-10,11,3,Spring,0,,0,Spring,326,63,12,65,10,11,3,2025,0,0,0.0,0.0,12.0,12.0,0,0
2025-03-10,ST09,SKU01189,15,267.35,17.82,0,2025-03-10,15,267.35,17.82,0,Toys,38.75,74.65,2025-03-10,11,3,Spring,0,,0,Spring,294,85,12,71,10,11,3,2025,0,0,0.0,0.0,15.0,15.0,0,0
2025-03-10,ST09,SKU01190,20,898.08,44.9,0,2025-03-10,20,898.08,44.9,0,Food,32.24,49.87,2025-03-10,11,3,Spring,0,,0,Spring,494,12,13,83,10,11,3,2025,0,0,0.0,0.0,20.0,20.0,0,0
2025-03-10,ST10,SKU01191,25,399.18,15.97,0,2025-03-10,25,399.18,15.97,0,Health,45.01,74.85,2025-03-10,11,3,Spring,0,,0,Spring,65,7,10,88,10,11,3,2025,0,0,0.0,0.0,25.0,25.0,0,0
2025-03-10,ST10,SKU01192,8,567.86,70.98,0,2025-03-10,8,567.86,70.98,0,Toys,39.12,56.55,2025-03-10,11,3,Spring,0,,0,Spring,362,39,13,31,10,11,3,2025,0,0,0.0,0.0,8.0,8.0,0,0
2025-03-11,ST01,SKU01193,30,238.23,7.94,0,2025-03-11,30,238.23,7.94,0,Toys,22.38,37.39,2025-03-11,11,3,Spring,0,,0,Spring,143,93,12,73,11,11,3,2025,1,0,0.0,0.0,30.0,30.0,0,0
2025-03-11,ST01,SKU01194,12,208.61,17.38,1,2025-03-11,12,208.61,17.38,1,Automotive,15.87,21.77,2025-03-11,11,3,Spring,0,,0,Spring,444,78,3,31,11,11,3,2025,1,0,0.0,0.0,12.0,12.0,0,1
2025-03-11,ST02,SKU01195,15,172.85,11.52,0,2025-03-11,15,172.85,11.52,0,Health,27.82,37.56,2025-03-11,11,3,Spring,0,,0,Spring,227,11,5,52,11,11,3,2025,1,0,0.0,0.0,15.0,15.0,0,0
2025-03-11,ST02,SKU01196,20,2201.13,110.06,0,2025-03-11,20,2201.13,110.06,0,Electronics,31.31,40.92,2025-03-11,11,3,Spring,0,,0,Spring,195,61,3,91,11,11,3,2025,1,0,0.0,0.0,20.0,20.0,0,0
2025-03-11,ST03,SKU01197,25,878.1,35.12,0,2025-03-11,25,878.1,35.12,0,Home & Garden,41.98,72.53,2025-03-11,11,3,Spring,0,,0,Spring,343,66,8,96,11,11,3,2025,1,0,0.0,0.0,25.0,25.0,0,0
2025-03-11,ST03,SKU01198,8,140.49,17.56,0,2025-03-11,8,140.49,17.56,0,Electronics,17.24,30.23,2025-03-11,11,3,Spring,0,,0,Spring,271,60,3,74,11,11,3,2025,1,0,0.0,0.0,8.0,8.0,0,0
2025-03-11,ST04,SKU01199,30,445.26,14.84,0,2025-03-11,30,445.26,14.84,0,Home & Garden,47.26,80.77,2025-03-11,11,3,Spring,0,,0,Spring,205,20,12,42,11,11,3,2025,1,0,0.0,0.0,30.0,30.0,0,0
2025-03-11,ST04,SKU01200,12,823.25,68.6,0,2025-03-11,12,823.25,68.6,0,Electronics,28.79,53.58,2025-03-11,11,3,Spring,0,,0,Spring,460,99,9,51,11,11,3,2025,1,0,0.0,0.0,12.0,12.0,0,0
2025-03-11,ST05,SKU01201,15,267.35,17.82,0,2025-03-11,15,267.35,17.82,0,Books,36.26,49.85,2025-03-11,11,3,Spring,0,,0,Spring,123,52,6,52,11,11,3,2025,1,0,0.0,0.0,15.0,15.0,0,0
2025-03-11,ST05,SKU01202,20,898.08,44.9,0,2025-03-11,20,898.08,44.9,0,Sports,42.07,52.61,2025-03-11,11,3,Spring,0,,0,Spring,424,69,10,62,11,11,3,2025,1,0,0.0,0.0,20.0,20.0,0,0
2025-03-11,ST06,SKU01203,25,399.18,15.97,1,2025-03-11,25,399.18,15.97,1,Books,41.67,75.94,2025-03-11,11,3,Spring,0,,0,Spring,77,7,3,66,11,11,3,2025,1,0,0.0,0.0,25.0,25.0,0,1
2025-03-11,ST06,SKU01204,8,567.86,70.98,0,2025-03-11,8,567.86,70.98,0,Food,49.25,90.09,2025-03-11,11,3,Spring,0,,0,Spring,112,21,8,50,11,11,3,2025,1,0,0.0,0.0,8.0,8.0,0,0
2025-03-11,ST07,SKU01205,30,238.23,7.94,0,2025-03-11,30,238.23,7.94,0,Health,36.45,54.49,2025-03-11,11,3,Spring,0,,0,Spring,145,34,7,89,11,11,3,2025,1,0,0.0,0.0,30.0,30.0,0,0
2025-03-11,ST07,SKU01206,12,208.61,17.38,0,2025-03-11,12,208.61,17.38,0,Beauty,6.4,9.01,2025-03-11,11,3,Spring,0,,0,Spring,169,45,4,77,11,11,3,2025,1,0,0.0,0.0,12.0,12.0,0,0
2025-03-11,ST08,SKU01207,15,172.85,11.52,0,2025-03-11,15,172.85,11.52,0,Toys,23.69,45.26,2025-03-11,11,3,Spring,0,,0,Spring,439,88,10,88,11,11,3,2025,1,0,0.0,0.0,15.0,15.0,0,0
2025-03-11,ST08,SKU01208,20,2201.13,110.06,0,2025-03-11,20,2201.13,110.06,0,Books,33.35,62.92,2025-03-11,11,3,Spring,0,,0,Spring,281,28,9,47,11,11,3,2025,1,0,0.0,0.0,20.0,20.0,0,0
2025-03-11,ST09,SKU01209,25,878.1,35.12,0,2025-03-11,25,878.1,35.12,0,Toys,24.3,33.07,2025-03-11,11,3,Spring,0,,0,Spring,307,7,13,83,11,11,3,2025,1,0,0.0,0.0,25.0,25.0,0,0
2025-03-11,ST09,SKU01210,8,140.49,17.56,0,2025-03-11,8,140.49,17.56,0,Beauty,19.64,37.72,2025-03-11,11,3,Spring,0,,0,Spring,430,37,13,49,11,11,3,2025,1,0,0.0,0.0,8.0,8.0,0,0
2025-03-11,ST10,SKU01211,30,445.26,14.84,0,2025-03-11,30,445.26,14.84,0,Beauty,35.0,44.65,2025-03-11,11,3,Spring,0,,0,Spring,189,42,13,90,11,11,3,2025,1,0,0.0,0.0,30.0,30.0,0,0
2025-03-11,ST10,SKU01212,12,823.25,68.6,0,2025-03-11,12,823.25,68.6,0,Beauty,16.21,26.92,2025-03-11,11,3,Spring,0,,0,Spring,414,90,5,44,11,11,3,2025,1,0,0.0,0.0,12.0,12.0,0,0
2025-03-12,ST01,SKU01213,15,267.35,17.82,0,2025-03-12,15,267.35,17.82,0,Toys,9.27,18.53,2025-03-12,11,3,Spring,0,,0,Spring,449,12,3,64,12,11,3,2025,2,0,0.0,0.0,15.0,15.0,0,0
2025-03-12,ST01,SKU01214,20,898.08,44.9,1,2025-03-12,20,898.08,44.9,1,Health,5.26,8.27,2025-03-12,11,3,Spring,0,,0,Spring,236,20,5,83,12,11,3,2025,2,0,0.0,0.0,20.0,20.0,0,1
2025-03-12,ST02,SKU01215,25,399.18,15.97,0,2025-03-12,25,399.18,15.97,0,Electronics,48.25,92.32,2025-03-12,11,3,Spring,0,,0,Spring,463,47,7,64,12,11,3,2025,2,0,0.0,0.0,25.0,25.0,0,0
2025-03-12,ST02,SKU01216,8,567.86,70.98,0,2025-03-12,8,567.86,70.98,0,Books,40.27,66.56,2025-03-12,11,3,Spring,0,,0,Spring,135,37,10,78,12,11,3,2025,2,0,0.0,0.0,8.0,8.0,0,0
2025-03-12,ST03,SKU01217,30,238.23,7.94,0,2025-03-12,30,238.23,7.94,0,Books,15.44,18.71,2025-03-12,11,3,Spring,0,,0,Spring,405,31,9,87,12,11,3,2025,2,0,0.0,0.0,30.0,30.0,0,0
2025-03-12,ST03,SKU01218,12,208.61,17.38,0,2025-03-12,12,208.61,17.38,0,Beauty,33.07,59.85,2025-03-12,11,3,Spring,0,,0,Spring,404,2,7,39,12,11,3,2025,2,0,0.0,0.0,12.0,12.0,0,0
2025-03-12,ST04,SKU01219,15,172.85,11.52,0,2025-03-12,15,172.85,11.52,0,Food,42.67,72.35,2025-03-12,11,3,Spring,0,,0,Spring,388,24,6,90,12,11,3,2025,2,0,0.0,0.0,15.0,15.0,0,0
2025-03-12,ST04,SKU01220,20,2201.13,110.06,0,2025-03-12,20,2201.13,110.06,0,Home & Garden,47.23,72.35,2025-03-12,11,3,Spring,0,,0,Spring,78,18,13,95,12,11,3,2025,2,0,0.0,0.0,20.0,20.0,0,0
2025-03-12,ST05,SKU01221,25,878.1,35.12,0,2025-03-12,25,878.1,35.12,0,Health,22.58,28.34,2025-03-12,11,3,Spring,0,,0,Spring,123,60,13,54,12,11,3,2025,2,0,0.0,0.0,25.0,25.0,0,0
2025-03-12,ST05,SKU01222,8,140.49,17.56,0,2025-03-12,8,140.49,17.56,0,Home & Garden,24.9,43.98,2025-03-12,11,3,Spring,0,,0,Spring,325,47,5,53,12,11,3,2025,2,0,0.0,0.0,8.0,8.0,0,0
2025-03-12,ST06,SKU01223,30,445.26,14.84,1,2025-03-12,30,445.26,14.84,1,Automotive,15.3,25.66,2025-03-12,11,3,Spring,0,,0,Spring,188,97,9,57,12,11,3,2025,2,0,0.0,0.0,30.0,30.0,0,1
2025-03-12,ST06,SKU01224,12,823.25,68.6,0,2025-03-12,12,823.25,68.6,0,Beauty,22.06,33.03,2025-03-12,11,3,Spring,0,,0,Spring,246,62,13,34,12,11,3,2025,2,0,0.0,0.0,12.0,12.0,0,0
2025-03-12,ST07,SKU01225,15,267.35,17.82,0,2025-03-12,15,267.35,17.82,0,Books,33.49,52.76,2025-03-12,11,3,Spring,0,,0,Spring,100,20,4,33,12,11,3,2025,2,0,0.0,0.0,15.0,15.0,0,0
2025-03-12,ST07,SKU01226,20,898.08,44.9,0,2025-03-12,20,898.08,44.9,0,Books,49.15,84.52,2025-03-12,11,3,Spring,0,,0,Spring,295,41,6,67,12,11,3,2025,2,0,0.0,0.0,20.0,20.0,0,0
2025-03-12,ST08,SKU01227,25,399.18,15.97,0,2025-03-12,25,399.18,15.97,0,Electronics,25.75,50.27,2025-03-12,11,3,Spring,0,,0,Spring,458,13,13,61,12,11,3,2025,2,0,0.0,0.0,25.0,25.0,0,0
2025-03-12,ST08,SKU01228,8,567.86,70.98,0,2025-03-12,8,567.86,70.98,0,Clothing,21.31,40.29,2025-03-12,11,3,Spring,0,,0,Spring,444,60,4,56,12,11,3,2025,2,0,0.0,0.0,8.0,8.0,0,0
2025-03-12,ST09,SKU01229,30,238.23,7.94,0,2025-03-12,30,238.23,7.94,0,Beauty,47.38,63.19,2025-03-12,11,3,Spring,0,,0,Spring,104,53,4,50,12,11,3,2025,2,0,0.0,0.0,30.0,30.0,0,0
2025-03-12,ST09,SKU01230,12,208.61,17.38,0,2025-03-12,12,208.61,17.38,0,Books,7.45,12.78,2025-03-12,11,3,Spring,0,,0,Spring,477,4,9,70,12,11,3,2025,2,0,0.0,0.0,12.0,12.0,0,0
2025-03-12,ST10,SKU01231,15,172.85,11.52,0,2025-03-12,15,172.85,11.52,0,Automotive,34.19,48.56,2025-03-12,11,3,Spring,0,,0,Spring,108,88,11,83,12,11,3,2025,2,0,0.0,0.0,15.0,15.0,0,0
2025-03-12,ST10,SKU01232,20,2201.13,110.06,0,2025-03-12,20,2201.13,110.06,0,Home & Garden,38.65,71.43,2025-03-12,11,3,Spring,0,,0,Spring,455,82,3,93,12,11,3,2025,2,0,0.0,0.0,20.0,20.0,0,0
2025-03-13,ST01,SKU01233,25,878.1,35.12,0,2025-03-13,25,878.1,35.12,0,Electronics,13.07,23.06,2025-03-13,11,3,Spring,0,,0,Spring,376,3,3,44,13,11,3,2025,3,0,0.0,0.0,25.0,25.0,0,0
2025-03-13,ST01,SKU01234,8,140.49,17.56,1,2025-03-13,8,140.49,17.56,1,Toys,31.09,48.57,2025-03-13,11,3,Spring,0,,0,Spring,153,75,8,76,13,11,3,2025,3,0,0.0,0.0,8.0,8.0,0,1
2025-03-13,ST02,SKU01235,30,445.26,14.84,0,2025-03-13,30,445.26,14.84,0,Clothing,5.86,10.69,2025-03-13,11,3,Spring,0,,0,Spring,258,92,4,49,13,11,3,2025,3,0,0.0,0.0,30.0,30.0,0,0
2025-03-13,ST02,SKU01236,12,823.25,68.6,0,2025-03-13,12,823.25,68.6,0,Food,12.71,19.87,2025-03-13,11,3,Spring,0,,0,Spring,483,32,9,88,13,11,3,2025,3,0,0.0,0.0,12.0,12.0,0,0
2025-03-13,ST03,SKU01237,15,267.35,17.82,0,2025-03-13,15,267.35,17.82,0,Beauty,41.13,80.97,2025-03-13,11,3,Spring,0,,0,Spring,92,78,10,49,13,11,3,2025,3,0,0.0,0.0,15.0,15.0,0,0
2025-03-13,ST03,SKU01238,20,898.08,44.9,0,2025-03-13,20,898.08,44.9,0,Home & Garden,33.76,66.26,2025-03-13,11,3,Spring,0,,0,Spring,271,37,5,57,13,11,3,2025,3,0,0.0,0.0,20.0,20.0,0,0
2025-03-13,ST04,SKU01239,25,399.18,15.97,0,2025-03-13,25,399.18,15.97,0,Clothing,30.77,43.74,2025-03-13,11,3,Spring,0,,0,Spring,233,89,4,66,13,11,3,2025,3,0,0.0,0.0,25.0,25.0,0,0
2025-03-13,ST04,SKU01240,8,567.86,70.98,0,2025-03-13,8,567.86,70.98,0,Sports,8.54,15.3,2025-03-13,11,3,Spring,0,,0,Spring,482,65,6,83,13,11,3,2025,3,0,0.0,0.0,8.0,8.0,0,0
2025-03-13,ST05,SKU01241,30,238.23,7.94,0,2025-03-13,30,238.23,7.94,0,Beauty,31.73,55.92,2025-03-13,11,3,Spring,0,,0,Spring,75,74,10,69,13,11,3,2025,3,0,0.0,0.0,30.0,30.0,0,0
2025-03-13,ST05,SKU01242,12,208.61,17.38,0,2025-03-13,12,208.61,17.38,0,Beauty,15.39,29.73,2025-03-13,11,3,Spring,0,,0,Spring,348,21,6,37,13,11,3,2025,3,0,0.0,0.0,12.0,12.0,0,0
2025-03-13,ST06,SKU01243,15,172.85,11.52,1,2025-03-13,15,172.85,11.52,1,Sports,44.64,85.11,2025-03-13,11,3,Spring,0,,0,Spring,78,39,12,59,13,11,3,2025,3,0,0.0,0.0,15.0,15.0,0,1
2025-03-13,ST06,SKU01244,20,2201.13,110.06,0,2025-03-13,20,2201.13,110.06,0,Food,27.57,54.62,2025-03-13,11,3,Spring,0,,0,Spring,258,83,6,84,13,11,3,2025,3,0,0.0,0.0,20.0,20.0,0,0
2025-03-13,ST07,SKU01245,25,878.1,35.12,0,2025-03-13,25,878.1,35.12,0,Beauty,13.85,24.79,2025-03-13,11,3,Spring,0,,0,Spring,193,45,13,36,13,11,3,2025,3,0,0.0,0.0,25.0,25.0,0,0
2025-03-13,ST07,SKU01246,8,140.49,17.56,0,2025-03-13,8,140.49,17.56,0,Beauty,44.81,58.26,2025-03-13,11,3,Spring,0,,0,Spring,94,58,10,77,13,11,3,2025,3,0,0.0,0.0,8.0,8.0,0,0
2025-03-13,ST08,SKU01247,30,445.26,14.84,0,2025-03-13,30,445.26,14.84,0,Home & Garden,6.35,12.18,2025-03-13,11,3,Spring,0,,0,Spring,204,52,9,64,13,11,3,2025,3,0,0.0,0.0,30.0,30.0,0,0
2025-03-13,ST08,SKU01248,12,823.25,68.6,0,2025-03-13,12,823.25,68.6,0,Food,32.85,64.15,2025-03-13,11,3,Spring,0,,0,Spring,228,83,7,86,13,11,3,2025,3,0,0.0,0.0,12.0,12.0,0,0
2025-03-13,ST09,SKU01249,15,267.35,17.82,0,2025-03-13,15,267.35,17.82,0,Books,7.81,11.46,2025-03-13,11,3,Spring,0,,0,Spring,313,78,7,49,13,11,3,2025,3,0,0.0,0.0,15.0,15.0,0,0
2025-03-13,ST09,SKU01250,20,898.08,44.9,0,2025-03-13,20,898.08,44.9,0,Food,24.59,37.3,2025-03-13,11,3,Spring,0,,0,Spring,429,52,9,41,13,11,3,2025,3,0,0.0,0.0,20.0,20.0,0,0
2025-03-13,ST10,SKU01251,25,399.18,15.97,0,2025-03-13,25,399.18,15.97,0,Electronics,43.36,84.58,2025-03-13,11,3,Spring,0,,0,Spring,482,16,12,58,13,11,3,2025,3,0,0.0,0.0,25.0,25.0,0,0
2025-03-13,ST10,SKU01252,8,567.86,70.98,0,2025-03-13,8,567.86,70.98,0,Home & Garden,29.83,54.64,2025-03-13,11,3,Spring,0,,0,Spring,452,10,4,79,13,11,3,2025,3,0,0.0,0.0,8.0,8.0,0,0
2025-03-14,ST01,SKU01253,30,238.23,7.94,0,2025-03-14,30,238.23,7.94,0,Food,14.49,20.04,2025-03-14,11,3,Spring,0,,0,Spring,120,57,4,49,14,11,3,2025,4,0,0.0,0.0,30.0,30.0,0,0
2025-03-14,ST01,SKU01254,12,208.61,17.38,1,2025-03-14,12,208.61,17.38,1,Sports,7.49,14.63,2025-03-14,11,3,Spring,0,,0,Spring,99,87,12,61,14,11,3,2025,4,0,0.0,0.0,12.0,12.0,0,1
2025-03-14,ST02,SKU01255,15,172.85,11.52,0,2025-03-14,15,172.85,11.52,0,Sports,24.73,40.16,2025-03-14,11,3,Spring,0,,0,Spring,101,14,7,32,14,11,3,2025,4,0,0.0,0.0,15.0,15.0,0,0
2025-03-14,ST02,SKU01256,20,2201.13,110.06,0,2025-03-14,20,2201.13,110.06,0,Books,39.17,77.33,2025-03-14,11,3,Spring,0,,0,Spring,342,39,10,69,14,11,3,2025,4,0,0.0,0.0,20.0,20.0,0,0
2025-03-14,ST03,SKU01257,25,878.1,35.12,0,2025-03-14,25,878.1,35.12,0,Beauty,5.39,7.14,2025-03-14,11,3,Spring,0,,0,Spring,285,55,9,40,14,11,3,2025,4,0,0.0,0.0,25.0,25.0,0,0
2025-03-14,ST03,SKU01258,8,140.49,17.56,0,2025-03-14,8,140.49,17.56,0,Beauty,14.89,18.11,2025-03-14,11,3,Spring,0,,0,Spring,159,63,10,85,14,11,3,2025,4,0,0.0,0.0,8.0,8.0,0,0
2025-03-14,ST04,SKU01259,30,445.26,14.84,0,2025-03-14,30,445.26,14.84,0,Health,16.54,24.55,2025-03-14,11,3,Spring,0,,0,Spring,109,9,9,57,14,11,3,2025,4,0,0.0,0.0,30.0,30.0,0,0
2025-03-14,ST04,SKU01260,12,823.25,68.6,0,2025-03-14,12,823.25,68.6,0,Sports,14.47,26.73,2025-03-14,11,3,Spring,0,,0,Spring,98,35,6,55,14,11,3,2025,4,0,0.0,0.0,12.0,12.0,0,0
2025-03-14,ST05,SKU01261,15,267.35,17.82,0,2025-03-14,15,267.35,17.82,0,Clothing,20.42,38.63,2025-03-14,11,3,Spring,0,,0,Spring,135,3,4,93,14,11,3,2025,4,0,0.0,0.0,15.0,15.0,0,0
2025-03-14,ST05,SKU01262,20,898.08,44.9,0,2025-03-14,20,898.08,44.9,0,Beauty,8.72,13.85,2025-03-14,11,3,Spring,0,,0,Spring,215,87,10,51,14,11,3,2025,4,0,0.0,0.0,20.0,20.0,0,0
2025-03-14,ST06,SKU01263,25,399.18,15.97,1,2025-03-14,25,399.18,15.97,1,Food,36.8,62.33,2025-03-14,11,3,Spring,0,,0,Spring,179,30,9,40,14,11,3,2025,4,0,0.0,0.0,25.0,25.0,0,1
2025-03-14,ST06,SKU01264,8,567.86,70.98,0,2025-03-14,8,567.86,70.98,0,Books,26.53,48.41,2025-03-14,11,3,Spring,0,,0,Spring,351,95,7,93,14,11,3,2025,4,0,0.0,0.0,8.0,8.0,0,0
2025-03-14,ST07,SKU01265,30,238.23,7.94,0,2025-03-14,30,238.23,7.94,0,Beauty,33.08,46.94,2025-03-14,11,3,Spring,0,,0,Spring,315,39,10,73,14,11,3,2025,4,0,0.0,0.0,30.0,30.0,0,0
2025-03-14,ST07,SKU01266,12,208.61,17.38,0,2025-03-14,12,208.61,17.38,0,Food,8.7,13.64,2025-03-14,11,3,Spring,0,,0,Spring,161,59,9,46,14,11,3,2025,4,0,0.0,0.0,12.0,12.0,0,0
2025-03-14,ST08,SKU01267,15,172.85,11.52,0,2025-03-14,15,172.85,11.52,0,Health,42.01,52.32,2025-03-14,11,3,Spring,0,,0,Spring,114,94,12,86,14,11,3,2025,4,0,0.0,0.0,15.0,15.0,0,0
2025-03-14,ST08,SKU01268,20,2201.13,110.06,0,2025-03-14,20,2201.13,110.06,0,Beauty,21.37,28.91,2025-03-14,11,3,Spring,0,,0,Spring,488,52,10,38,14,11,3,2025,4,0,0.0,0.0,20.0,20.0,0,0
2025-03-14,ST09,SKU01269,25,878.1,35.12,0,2025-03-14,25,878.1,35.12,0,Automotive,30.84,53.47,2025-03-14,11,3,Spring,0,,0,Spring,327,12,11,77,14,11,3,2025,4,0,0.0,0.0,25.0,25.0,0,0
2025-03-14,ST09,SKU01270,8,140.49,17.56,0,2025-03-14,8,140.49,17.56,0,Beauty,34.89,47.43,2025-03-14,11,3,Spring,0,,0,Spring,67,75,10,46,14,11,3,2025,4,0,0.0,0.0,8.0,8.0,0,0
2025-03-14,ST10,SKU01271,30,445.26,14.84,0,2025-03-14,30,445.26,14.84,0,Food,42.8,85.25,2025-03-14,11,3,Spring,0,,0,Spring,448,14,9,68,14,11,3,2025,4,0,0.0,0.0,30.0,30.0,0,0
2025-03-14,ST10,SKU01272,12,823.25,68.6,0,2025-03-14,12,823.25,68.6,0,Automotive,47.32,57.38,2025-03-14,11,3,Spring,0,,0,Spring,62,80,11,69,14,11,3,2025,4,0,0.0,0.0,12.0,12.0,0,0
2025-03-15,ST01,SKU01273,15,267.35,17.82,0,2025-03-15,15,267.35,17.82,0,Books,27.02,48.46,2025-03-15,11,3,Spring,0,,0,Spring,197,89,13,92,15,11,3,2025,5,1,0.0,0.0,15.0,15.0,0,0
2025-03-15,ST01,SKU01274,20,898.08,44.9,1,2025-03-15,20,898.08,44.9,1,Toys,42.72,63.62,2025-03-15,11,3,Spring,0,,0,Spring,381,43,8,89,15,11,3,2025,5,1,0.0,0.0,20.0,20.0,0,1
2025-03-15,ST02,SKU01275,25,399.18,15.97,0,2025-03-15,25,399.18,15.97,0,Home & Garden,40.99,53.23,2025-03-15,11,3,Spring,0,,0,Spring,376,98,4,45,15,11,3,2025,5,1,0.0,0.0,25.0,25.0,0,0
2025-03-15,ST02,SKU01276,8,567.86,70.98,0,2025-03-15,8,567.86,70.98,0,Food,25.43,46.03,2025-03-15,11,3,Spring,0,,0,Spring,488,38,6,88,15,11,3,2025,5,1,0.0,0.0,8.0,8.0,0,0
2025-03-15,ST03,SKU01277,30,238.23,7.94,0,2025-03-15,30,238.23,7.94,0,Beauty,13.84,27.14,2025-03-15,11,3,Spring,0,,0,Spring,394,95,10,42,15,11,3,2025,5,1,0.0,0.0,30.0,30.0,0,0
2025-03-15,ST03,SKU01278,12,208.61,17.38,0,2025-03-15,12,208.61,17.38,0,Books,27.96,50.01,2025-03-15,11,3,Spring,0,,0,Spring,414,80,3,35,15,11,3,2025,5,1,0.0,0.0,12.0,12.0,0,0
2025-03-15,ST04,SKU01279,15,172.85,11.52,0,2025-03-15,15,172.85,11.52,0,Health,44.13,67.18,2025-03-15,11,3,Spring,0,,0,Spring,126,59,12,43,15,11,3,2025,5,1,0.0,0.0,15.0,15.0,0,0
2025-03-15,ST04,SKU01280,20,2201.13,110.06,0,2025-03-15,20,2201.13,110.06,0,Food,46.95,84.2,2025-03-15,11,3,Spring,0,,0,Spring,144,53,6,68,15,11,3,2025,5,1,0.0,0.0,20.0,20.0,0,0
2025-03-15,ST05,SKU01281,25,878.1,35.12,0,2025-03-15,25,878.1,35.12,0,Toys,10.92,20.58,2025-03-15,11,3,Spring,0,,0,Spring,121,24,13,92,15,11,3,2025,5,1,0.0,0.0,25.0,25.0,0,0
2025-03-15,ST05,SKU01282,8,140.49,17.56,0,2025-03-15,8,140.49,17.56,0,Books,17.54,24.12,2025-03-15,11,3,Spring,0,,0,Spring,471,91,7,96,15,11,3,2025,5,1,0.0,0.0,8.0,8.0,0,0
2025-03-15,ST06,SKU01283,30,445.26,14.84,1,2025-03-15,30,445.26,14.84,1,Toys,42.16,60.22,2025-03-15,11,3,Spring,0,,0,Spring,461,2,8,51,15,11,3,2025,5,1,0.0,0.0,30.0,30.0,0,1
2025-03-15,ST06,SKU01284,12,823.25,68.6,0,2025-03-15,12,823.25,68.6,0,Toys,48.65,80.61,2025-03-15,11,3,Spring,0,,0,Spring,145,37,10,91,15,11,3,2025,5,1,0.0,0.0,12.0,12.0,0,0
2025-03-15,ST07,SKU01285,15,267.35,17.82,0,2025-03-15,15,267.35,17.82,0,Automotive,40.35,56.59,2025-03-15,11,3,Spring,0,,0,Spring,234,5,5,39,15,11,3,2025,5,1,0.0,0.0,15.0,15.0,0,0
2025-03-15,ST07,SKU01286,20,898.08,44.9,0,2025-03-15,20,898.08,44.9,0,Health,21.53,27.34,2025-03-15,11,3,Spring,0,,0,Spring,436,58,3,88,15,11,3,2025,5,1,0.0,0.0,20.0,20.0,0,0
2025-03-15,ST08,SKU01287,25,399.18,15.97,0,2025-03-15,25,399.18,15.97,0,Electronics,37.83,62.74,2025-03-15,11,3,Spring,0,,0,Spring,336,92,7,91,15,11,3,2025,5,1,0.0,0.0,25.0,25.0,0,0
2025-03-15,ST08,SKU01288,8,567.86,70.98,0,2025-03-15,8,567.86,70.98,0,Books,12.88,22.39,2025-03-15,11,3,Spring,0,,0,Spring,357,88,11,60,15,11,3,2025,5,1,0.0,0.0,8.0,8.0,0,0
2025-03-15,ST09,SKU01289,30,238.23,7.94,0,2025-03-15,30,238.23,7.94,0,Automotive,16.37,26.45,2025-03-15,11,3,Spring,0,,0,Spring,303,84,12,51,15,11,3,2025,5,1,0.0,0.0,30.0,30.0,0,0
2025-03-15,ST09,SKU01290,12,208.61,17.38,0,2025-03-15,12,208.61,17.38,0,Sports,16.24,22.9,2025-03-15,11,3,Spring,0,,0,Spring,437,12,12,78,15,11,3,2025,5,1,0.0,0.0,12.0,12.0,0,0
2025-03-15,ST10,SKU01291,15,172.85,11.52,0,2025-03-15,15,172.85,11.52,0,Health,40.67,69.21,2025-03-15,11,3,Spring,0,,0,Spring,325,76,3,83,15,11,3,2025,5,1,0.0,0.0,15.0,15.0,0,0
2025-03-15,ST10,SKU01292,20,2201.13,110.06,0,2025-03-15,20,2201.13,110.06,0,Electronics,11.84,18.55,2025-03-15,11,3,Spring,0,,0,Spring,469,96,3,44,15,11,3,2025,5,1,0.0,0.0,20.0,20.0,0,0
2025-03-16,ST01,SKU01293,25,878.1,35.12,0,2025-03-16,25,878.1,35.12,0,Electronics,18.23,25.33,2025-03-16,11,3,Spring,0,,0,Spring,322,23,12,52,16,11,3,2025,6,1,0.0,0.0,25.0,25.0,0,0
2025-03-16,ST01,SKU01294,8,140.49,17.56,1,2025-03-16,8,140.49,17.56,1,Food,18.12,24.75,2025-03-16,11,3,Spring,0,,0,Spring,223,71,10,88,16,11,3,2025,6,1,0.0,0.0,8.0,8.0,0,1
2025-03-16,ST02,SKU01295,30,445.26,14.84,0,2025-03-16,30,445.26,14.84,0,Health,40.36,67.48,2025-03-16,11,3,Spring,0,,0,Spring,160,58,9,57,16,11,3,2025,6,1,0.0,0.0,30.0,30.0,0,0
2025-03-16,ST02,SKU01296,12,823.25,68.6,0,2025-03-16,12,823.25,68.6,0,Books,25.98,46.99,2025-03-16,11,3,Spring,0,,0,Spring,238,15,9,31,16,11,3,2025,6,1,0.0,0.0,12.0,12.0,0,0
2025-03-16,ST03,SKU01297,15,267.35,17.82,0,2025-03-16,15,267.35,17.82,0,Food,26.93,41.57,2025-03-16,11,3,Spring,0,,0,Spring,295,81,3,59,16,11,3,2025,6,1,0.0,0.0,15.0,15.0,0,0
2025-03-16,ST03,SKU01298,20,898.08,44.9,0,2025-03-16,20,898.08,44.9,0,Electronics,36.68,71.46,2025-03-16,11,3,Spring,0,,0,Spring,408,12,4,42,16,11,3,2025,6,1,0.0,0.0,20.0,20.0,0,0
2025-03-16,ST04,SKU01299,25,399.18,15.97,0,2025-03-16,25,399.18,15.97,0,Clothing,22.9,42.65,2025-03-16,11,3,Spring,0,,0,Spring,220,84,7,84,16,11,3,2025,6,1,0.0,0.0,25.0,25.0,0,0
2025-03-16,ST04,SKU01300,8,567.86,70.98,0,2025-03-16,8,567.86,70.98,0,Books,39.33,48.63,2025-03-16,11,3,Spring,0,,0,Spring,386,39,5,44,16,11,3,2025,6,1,0.0,0.0,8.0,8.0,0,0
2025-03-16,ST05,SKU01301,30,238.23,7.94,0,2025-03-16,30,238.23,7.94,0,Electronics,27.98,47.34,2025-03-16,11,3,Spring,0,,0,Spring,250,51,12,82,16,11,3,2025,6,1,0.0,0.0,30.0,30.0,0,0
2025-03-16,ST05,SKU01302,12,208.61,17.38,0,2025-03-16,12,208.61,17.38,0,Automotive,26.07,47.43,2025-03-16,11,3,Spring,0,,0,Spring,433,51,3,86,16,11,3,2025,6,1,0.0,0.0,12.0,12.0,0,0
2025-03-16,ST06,SKU01303,15,172.85,11.52,1,2025-03-16,15,172.85,11.52,1,Books,7.26,8.92,2025-03-16,11,3,Spring,0,,0,Spring,357,8,8,30,16,11,3,2025,6,1,0.0,0.0,15.0,15.0,0,1
2025-03-16,ST06,SKU01304,20,2201.13,110.06,0,2025-03-16,20,2201.13,110.06,0,Electronics,43.38,84.28,2025-03-16,11,3,Spring,0,,0,Spring,93,98,13,38,16,11,3,2025,6,1,0.0,0.0,20.0,20.0,0,0
2025-03-16,ST07,SKU01305,25,878.1,35.12,0,2025-03-16,25,878.1,35.12,0,Electronics,40.82,73.6,2025-03-16,11,3,Spring,0,,0,Spring,337,14,3,86,16,11,3,2025,6,1,0.0,0.0,25.0,25.0,0,0
2025-03-16,ST07,SKU01306,8,140.49,17.56,0,2025-03-16,8,140.49,17.56,0,Automotive,20.12,31.64,2025-03-16,11,3,Spring,0,,0,Spring,441,71,13,91,16,11,3,2025,6,1,0.0,0.0,8.0,8.0,0,0
2025-03-16,ST08,SKU01307,30,445.26,14.84,0,2025-03-16,30,445.26,14.84,0,Automotive,32.37,46.13,2025-03-16,11,3,Spring,0,,0,Spring,317,64,13,71,16,11,3,2025,6,1,0.0,0.0,30.0,30.0,0,0
2025-03-16,ST08,SKU01308,12,823.25,68.6,0,2025-03-16,12,823.25,68.6,0,Electronics,32.48,44.18,2025-03-16,11,3,Spring,0,,0,Spring,239,10,9,72,16,11,3,2025,6,1,0.0,0.0,12.0,12.0,0,0
2025-03-16,ST09,SKU01309,15,267.35,17.82,0,2025-03-16,15,267.35,17.82,0,Home & Garden,38.78,50.44,2025-03-16,11,3,Spring,0,,0,Spring,400,16,3,61,16,11,3,2025,6,1,0.0,0.0,15.0,15.0,0,0
2025-03-16,ST09,SKU01310,20,898.08,44.9,0,2025-03-16,20,898.08,44.9,0,Electronics,14.49,23.83,2025-03-16,11,3,Spring,0,,0,Spring,270,84,7,69,16,11,3,2025,6,1,0.0,0.0,20.0,20.0,0,0
2025-03-16,ST10,SKU01311,25,399.18,15.97,0,2025-03-16,25,399.18,15.97,0,Books,30.46,59.19,2025-03-16,11,3,Spring,0,,0,Spring,456,55,8,79,16,11,3,2025,6,1,0.0,0.0,25.0,25.0,0,0
2025-03-16,ST10,SKU01312,8,567.86,70.98,0,2025-03-16,8,567.86,70.98,0,Toys,21.46,31.22,2025-03-16,11,3,Spring,0,,0,Spring,151,36,5,83,16,11,3,2025,6,1,0.0,0.0,8.0,8.0,0,0
2025-03-17,ST01,SKU01313,30,238.23,7.94,0,2025-03-17,30,238.23,7.94,0,Home & Garden,28.61,52.08,2025-03-17,12,3,Spring,0,,0,Spring,249,48,5,40,17,12,3,2025,0,0,0.0,0.0,30.0,30.0,0,0
2025-03-17,ST01,SKU01314,12,208.61,17.38,1,2025-03-17,12,208.61,17.38,1,Home & Garden,23.84,34.18,2025-03-17,12,3,Spring,0,,0,Spring,393,48,7,95,17,12,3,2025,0,0,0.0,0.0,12.0,12.0,0,1
2025-03-17,ST02,SKU01315,15,172.85,11.52,0,2025-03-17,15,172.85,11.52,0,Books,48.27,83.71,2025-03-17,12,3,Spring,0,,0,Spring,112,82,9,57,17,12,3,2025,0,0,0.0,0.0,15.0,15.0,0,0
2025-03-17,ST02,SKU01316,20,2201.13,110.06,0,2025-03-17,20,2201.13,110.06,0,Home & Garden,33.67,56.49,2025-03-17,12,3,Spring,0,,0,Spring,322,5,5,85,17,12,3,2025,0,0,0.0,0.0,20.0,20.0,0,0
2025-03-17,ST03,SKU01317,25,878.1,35.12,0,2025-03-17,25,878.1,35.12,0,Toys,35.53,51.67,2025-03-17,12,3,Spring,0,,0,Spring,77,65,8,66,17,12,3,2025,0,0,0.0,0.0,25.0,25.0,0,0
2025-03-17,ST03,SKU01318,8,140.49,17.56,0,2025-03-17,8,140.49,17.56,0,Clothing,32.88,55.23,2025-03-17,12,3,Spring,0,,0,Spring,420,67,8,78,17,12,3,2025,0,0,0.0,0.0,8.0,8.0,0,0
2025-03-17,ST04,SKU01319,30,445.26,14.84,0,2025-03-17,30,445.26,14.84,0,Sports,38.26,54.4,2025-03-17,12,3,Spring,0,,0,Spring,348,35,12,42,17,12,3,2025,0,0,0.0,0.0,30.0,30.0,0,0
2025-03-17,ST04,SKU01320,12,823.25,68.6,0,2025-03-17,12,823.25,68.6,0,Sports,48.35,58.42,2025-03-17,12,3,Spring,0,,0,Spring,357,57,3,89,17,12,3,2025,0,0,0.0,0.0,12.0,12.0,0,0
2025-03-17,ST05,SKU01321,15,267.35,17.82,0,2025-03-17,15,267.35,17.82,0,Electronics,36.78,62.46,2025-03-17,12,3,Spring,0,,0,Spring,132,57,5,85,17,12,3,2025,0,0,0.0,0.0,15.0,15.0,0,0
2025-03-17,ST05,SKU01322,20,898.08,44.9,0,2025-03-17,20,898.08,44.9,0,Home & Garden,19.03,28.02,2025-03-17,12,3,Spring,0,,0,Spring,333,0,12,77,17,12,3,2025,0,0,0.0,0.0,20.0,20.0,0,0
2025-03-17,ST06,SKU01323,25,399.18,15.97,1,2025-03-17,25,399.18,15.97,1,Beauty,19.09,35.89,2025-03-17,12,3,Spring,0,,0,Spring,345,96,10,33,17,12,3,2025,0,0,0.0,0.0,25.0,25.0,0,1
2025-03-17,ST06,SKU01324,8,567.86,70.98,0,2025-03-17,8,567.86,70.98,0,Health,20.45,38.2,2025-03-17,12,3,Spring,0,,0,Spring,471,26,11,45,17,12,3,2025,0,0,0.0,0.0,8.0,8.0,0,0
2025-03-17,ST07,SKU01325,30,238.23,7.94,0,2025-03-17,30,238.23,7.94,0,Beauty,47.25,73.82,2025-03-17,12,3,Spring,0,,0,Spring,233,75,10,43,17,12,3,2025,0,0,0.0,0.0,30.0,30.0,0,0
2025-03-17,ST07,SKU01326,12,208.61,17.38,0,2025-03-17,12,208.61,17.38,0,Toys,7.78,9.91,2025-03-17,12,3,Spring,0,,0,Spring,286,24,4,96,17,12,3,2025,0,0,0.0,0.0,12.0,12.0,0,0
2025-03-17,ST08,SKU01327,15,172.85,11.52,0,2025-03-17,15,172.85,11.52,0,Beauty,31.78,41.97,2025-03-17,12,3,Spring,0,,0,Spring,299,23,8,55,17,12,3,2025,0,0,0.0,0.0,15.0,15.0,0,0
2025-03-17,ST08,SKU01328,20,2201.13,110.06,0,2025-03-17,20,2201.13,110.06,0,Automotive,46.1,62.3,2025-03-17,12,3,Spring,0,,0,Spring,453,63,10,39,17,12,3,2025,0,0,0.0,0.0,20.0,20.0,0,0
2025-03-17,ST09,SKU01329,25,878.1,35.12,0,2025-03-17,25,878.1,35.12,0,Beauty,26.19,45.3,2025-03-17,12,3,Spring,0,,0,Spring,260,66,10,34,17,12,3,2025,0,0,0.0,0.0,25.0,25.0,0,0
2025-03-17,ST09,SKU01330,8,140.49,17.56,0,2025-03-17,8,140.49,17.56,0,Health,34.14,48.42,2025-03-17,12,3,Spring,0,,0,Spring,244,57,13,44,17,12,3,2025,0,0,0.0,0.0,8.0,8.0,0,0
2025-03-17,ST10,SKU01331,30,445.26,14.84,0,2025-03-17,30,445.26,14.84,0,Home & Garden,45.7,84.72,2025-03-17,12,3,Spring,0,,0,Spring,212,75,11,82,17,12,3,2025,0,0,0.0,0.0,30.0,30.0,0,0
2025-03-17,ST10,SKU01332,12,823.25,68.6,0,2025-03-17,12,823.25,68.6,0,Health,47.37,86.56,2025-03-17,12,3,Spring,0,,0,Spring,93,25,4,79,17,12,3,2025,0,0,0.0,0.0,12.0,12.0,0,0
2025-03-18,ST01,SKU01333,15,267.35,17.82,0,2025-03-18,15,267.35,17.82,0,Home & Garden,14.56,25.2,2025-03-18,12,3,Spring,0,,0,Spring,389,11,9,33,18,12,3,2025,1,0,0.0,0.0,15.0,15.0,0,0
2025-03-18,ST01,SKU01334,20,898.08,44.9,1,2025-03-18,20,898.08,44.9,1,Health,37.27,70.25,2025-03-18,12,3,Spring,0,,0,Spring,136,47,9,30,18,12,3,2025,1,0,0.0,0.0,20.0,20.0,0,1
2025-03-18,ST02,SKU01335,25,399.18,15.97,0,2025-03-18,25,399.18,15.97,0,Clothing,45.3,87.31,2025-03-18,12,3,Spring,0,,0,Spring,295,88,4,59,18,12,3,2025,1,0,0.0,0.0,25.0,25.0,0,0
2025-03-18,ST02,SKU01336,8,567.86,70.98,0,2025-03-18,8,567.86,70.98,0,Food,18.45,23.72,2025-03-18,12,3,Spring,0,,0,Spring,436,20,11,78,18,12,3,2025,1,0,0.0,0.0,8.0,8.0,0,0
2025-03-18,ST03,SKU01337,30,238.23,7.94,0,2025-03-18,30,238.23,7.94,0,Toys,13.58,18.3,2025-03-18,12,3,Spring,0,,0,Spring,165,85,7,91,18,12,3,2025,1,0,0.0,0.0,30.0,30.0,0,0
2025-03-18,ST03,SKU01338,12,208.61,17.38,0,2025-03-18,12,208.61,17.38,0,Health,32.17,60.82,2025-03-18,12,3,Spring,0,,0,Spring,421,37,12,81,18,12,3,2025,1,0,0.0,0.0,12.0,12.0,0,0
2025-03-18,ST04,SKU01339,15,172.85,11.52,0,2025-03-18,15,172.85,11.52,0,Sports,10.4,18.59,2025-03-18,12,3,Spring,0,,0,Spring,351,24,7,34,18,12,3,2025,1,0,0.0,0.0,15.0,15.0,0,0
2025-03-18,ST04,SKU01340,20,2201.13,110.06,0,2025-03-18,20,2201.13,110.06,0,Electronics,10.26,17.91,2025-03-18,12,3,Spring,0,,0,Spring,119,46,9,97,18,12,3,2025,1,0,0.0,0.0,20.0,20.0,0,0
2025-03-18,ST05,SKU01341,25,878.1,35.12,0,2025-03-18,25,878.1,35.12,0,Health,18.5,31.02,2025-03-18,12,3,Spring,0,,0,Spring,140,17,7,52,18,12,3,2025,1,0,0.0,0.0,25.0,25.0,0,0
2025-03-18,ST05,SKU01342,8,140.49,17.56,0,2025-03-18,8,140.49,17.56,0,Automotive,12.4,16.03,2025-03-18,12,3,Spring,0,,0,Spring,241,66,10,39,18,12,3,2025,1,0,0.0,0.0,8.0,8.0,0,0
2025-03-18,ST06,SKU01343,30,445.26,14.84,1,2025-03-18,30,445.26,14.84,1,Books,20.98,25.94,2025-03-18,12,3,Spring,0,,0,Spring,394,51,3,90,18,12,3,2025,1,0,0.0,0.0,30.0,30.0,0,1
2025-03-18,ST06,SKU01344,12,823.25,68.6,0,2025-03-18,12,823.25,68.6,0,Food,34.64,67.38,2025-03-18,12,3,Spring,0,,0,Spring,241,4,12,82,18,12,3,2025,1,0,0.0,0.0,12.0,12.0,0,0
2025-03-18,ST07,SKU01345,15,267.35,17.82,0,2025-03-18,15,267.35,17.82,0,Home & Garden,30.5,52.63,2025-03-18,12,3,Spring,0,,0,Spring,360,36,10,88,18,12,3,2025,1,0,0.0,0.0,15.0,15.0,0,0
2025-03-18,ST07,SKU01346,20,898.08,44.9,0,2025-03-18,20,898.08,44.9,0,Home & Garden,23.49,38.72,2025-03-18,12,3,Spring,0,,0,Spring,286,92,7,88,18,12,3,2025,1,0,0.0,0.0,20.0,20.0,0,0
2025-03-18,ST08,SKU01347,25,399.18,15.97,0,2025-03-18,25,399.18,15.97,0,Sports,5.49,10.21,2025-03-18,12,3,Spring,0,,0,Spring,289,1,3,89,18,12,3,2025,1,0,0.0,0.0,25.0,25.0,0,0
2025-03-18,ST08,SKU01348,8,567.86,70.98,0,2025-03-18,8,567.86,70.98,0,Books,9.44,11.9,2025-03-18,12,3,Spring,0,,0,Spring,356,29,13,68,18,12,3,2025,1,0,0.0,0.0,8.0,8.0,0,0
2025-03-18,ST09,SKU01349,30,238.23,7.94,0,2025-03-18,30,238.23,7.94,0,Books,10.34,20.52,2025-03-18,12,3,Spring,0,,0,Spring,139,76,13,92,18,12,3,2025,1,0,0.0,0.0,30.0,30.0,0,0
2025-03-18,ST09,SKU01350,12,208.61,17.38,0,2025-03-18,12,208.61,17.38,0,Books,8.03,13.45,2025-03-18,12,3,Spring,0,,0,Spring,497,60,8,87,18,12,3,2025,1,0,0.0,0.0,12.0,12.0,0,0
2025-03-18,ST10,SKU01351,15,172.85,11.52,0,2025-03-18,15,172.85,11.52,0,Electronics,36.49,61.79,2025-03-18,12,3,Spring,0,,0,Spring,233,33,9,60,18,12,3,2025,1,0,0.0,0.0,15.0,15.0,0,0
2025-03-18,ST10,SKU01352,20,2201.13,110.06,0,2025-03-18,20,2201.13,110.06,0,Food,12.76,21.12,2025-03-18,12,3,Spring,0,,0,Spring,101,88,3,84,18,12,3,2025,1,0,0.0,0.0,20.0,20.0,0,0
2025-03-19,ST01,SKU01353,25,878.1,35.12,0,2025-03-19,25,878.1,35.12,0,Toys,24.06,44.15,2025-03-19,12,3,Spring,0,,0,Spring,327,39,7,30,19,12,3,2025,2,0,0.0,0.0,25.0,25.0,0,0
2025-03-19,ST01,SKU01354,8,140.49,17.56,1,2025-03-19,8,140.49,17.56,1,Food,48.64,75.14,2025-03-19,12,3,Spring,0,,0,Spring,370,62,12,83,19,12,3,2025,2,0,0.0,0.0,8.0,8.0,0,1
2025-03-19,ST02,SKU01355,30,445.26,14.84,0,2025-03-19,30,445.26,14.84,0,Clothing,7.27,9.03,2025-03-19,12,3,Spring,0,,0,Spring,475,20,3,51,19,12,3,2025,2,0,0.0,0.0,30.0,30.0,0,0
2025-03-19,ST02,SKU01356,12,823.25,68.6,0,2025-03-19,12,823.25,68.6,0,Electronics,25.61,35.37,2025-03-19,12,3,Spring,0,,0,Spring,215,98,10,91,19,12,3,2025,2,0,0.0,0.0,12.0,12.0,0,0
2025-03-19,ST03,SKU01357,15,267.35,17.82,0,2025-03-19,15,267.35,17.82,0,Electronics,16.38,27.22,2025-03-19,12,3,Spring,0,,0,Spring,224,16,3,42,19,12,3,2025,2,0,0.0,0.0,15.0,15.0,0,0
2025-03-19,ST03,SKU01358,20,898.08,44.9,0,2025-03-19,20,898.08,44.9,0,Toys,45.4,81.54,2025-03-19,12,3,Spring,0,,0,Spring,194,37,3,74,19,12,3,2025,2,0,0.0,0.0,20.0,20.0,0,0
2025-03-19,ST04,SKU01359,25,399.18,15.97,0,2025-03-19,25,399.18,15.97,0,Toys,26.48,39.21,2025-03-19,12,3,Spring,0,,0,Spring,311,34,10,90,19,12,3,2025,2,0,0.0,0.0,25.0,25.0,0,0
2025-03-19,ST04,SKU01360,8,567.86,70.98,0,2025-03-19,8,567.86,70.98,0,Beauty,12.12,15.05,2025-03-19,12,3,Spring,0,,0,Spring,192,53,13,42,19,12,3,2025,2,0,0.0,0.0,8.0,8.0,0,0
2025-03-19,ST05,SKU01361,30,238.23,7.94,0,2025-03-19,30,238.23,7.94,0,Toys,14.41,18.27,2025-03-19,12,3,Spring,0,,0,Spring,290,30,7,64,19,12,3,2025,2,0,0.0,0.0,30.0,30.0,0,0
2025-03-19,ST05,SKU01362,12,208.61,17.38,0,2025-03-19,12,208.61,17.38,0,Electronics,21.13,40.78,2025-03-19,12,3,Spring,0,,0,Spring,109,5,7,87,19,12,3,2025,2,0,0.0,0.0,12.0,12.0,0,0
2025-03-19,ST06,SKU01363,15,172.85,11.52,1,2025-03-19,15,172.85,11.52,1,Home & Garden,14.96,22.51,2025-03-19,12,3,Spring,0,,0,Spring,354,22,11,63,19,12,3,2025,2,0,0.0,0.0,15.0,15.0,0,1
2025-03-19,ST06,SKU01364,20,2201.13,110.06,0,2025-03-19,20,2201.13,110.06,0,Toys,39.28,71.7,2025-03-19,12,3,Spring,0,,0,Spring,75,46,7,49,19,12,3,2025,2,0,0.0,0.0,20.0,20.0,0,0
2025-03-19,ST07,SKU01365,25,878.1,35.12,0,2025-03-19,25,878.1,35.12,0,Books,14.19,17.22,2025-03-19,12,3,Spring,0,,0,Spring,439,69,13,93,19,12,3,2025,2,0,0.0,0.0,25.0,25.0,0,0
2025-03-19,ST07,SKU01366,8,140.49,17.56,0,2025-03-19,8,140.49,17.56,0,Books,47.02,82.15,2025-03-19,12,3,Spring,0,,0,Spring,291,17,6,46,19,12,3,2025,2,0,0.0,0.0,8.0,8.0,0,0
2025-03-19,ST08,SKU01367,30,445.26,14.84,0,2025-03-19,30,445.26,14.84,0,Automotive,32.08,62.54,2025-03-19,12,3,Spring,0,,0,Spring,298,13,9,73,19,12,3,2025,2,0,0.0,0.0,30.0,30.0,0,0
2025-03-19,ST08,SKU01368,12,823.25,68.6,0,2025-03-19,12,823.25,68.6,0,Health,23.35,31.03,2025-03-19,12,3,Spring,0,,0,Spring,424,14,5,92,19,12,3,2025,2,0,0.0,0.0,12.0,12.0,0,0
2025-03-19,ST09,SKU01369,15,267.35,17.82,0,2025-03-19,15,267.35,17.82,0,Clothing,48.7,80.35,2025-03-19,12,3,Spring,0,,0,Spring,288,34,3,64,19,12,3,2025,2,0,0.0,0.0,15.0,15.0,0,0
2025-03-19,ST09,SKU01370,20,898.08,44.9,0,2025-03-19,20,898.08,44.9,0,Food,23.8,30.77,2025-03-19,12,3,Spring,0,,0,Spring,452,19,6,64,19,12,3,2025,2,0,0.0,0.0,20.0,20.0,0,0
2025-03-19,ST10,SKU01371,25,399.18,15.97,0,2025-03-19,25,399.18,15.97,0,Home & Garden,39.81,49.18,2025-03-19,12,3,Spring,0,,0,Spring,465,47,10,53,19,12,3,2025,2,0,0.0,0.0,25.0,25.0,0,0
2025-03-19,ST10,SKU01372,8,567.86,70.98,0,2025-03-19,8,567.86,70.98,0,Home & Garden,8.46,12.55,2025-03-19,12,3,Spring,0,,0,Spring,366,16,9,79,19,12,3,2025,2,0,0.0,0.0,8.0,8.0,0,0
2025-03-20,ST01,SKU01373,30,238.23,7.94,0,2025-03-20,30,238.23,7.94,0,Sports,35.66,69.62,2025-03-20,12,3,Spring,0,,0,Spring,114,98,6,42,20,12,3,2025,3,0,0.0,0.0,30.0,30.0,0,0
2025-03-20,ST01,SKU01374,12,208.61,17.38,1,2025-03-20,12,208.61,17.38,1,Beauty,19.38,30.06,2025-03-20,12,3,Spring,0,,0,Spring,363,13,7,97,20,12,3,2025,3,0,0.0,0.0,12.0,12.0,0,1
2025-03-20,ST02,SKU01375,15,172.85,11.52,0,2025-03-20,15,172.85,11.52,0,Food,16.49,21.18,2025-03-20,12,3,Spring,0,,0,Spring,345,58,6,74,20,12,3,2025,3,0,0.0,0.0,15.0,15.0,0,0
2025-03-20,ST02,SKU01376,20,2201.13,110.06,0,2025-03-20,20,2201.13,110.06,0,Sports,23.59,41.07,2025-03-20,12,3,Spring,0,,0,Spring,395,27,4,60,20,12,3,2025,3,0,0.0,0.0,20.0,20.0,0,0
2025-03-20,ST03,SKU01377,25,878.1,35.12,0,2025-03-20,25,878.1,35.12,0,Books,8.15,12.36,2025-03-20,12,3,Spring,0,,0,Spring,308,7,10,44,20,12,3,2025,3,0,0.0,0.0,25.0,25.0,0,0
2025-03-20,ST03,SKU01378,8,140.49,17.56,0,2025-03-20,8,140.49,17.56,0,Sports,30.03,36.74,2025-03-20,12,3,Spring,0,,0,Spring,220,30,11,74,20,12,3,2025,3,0,0.0,0.0,8.0,8.0,0,0
2025-03-20,ST04,SKU01379,30,445.26,14.84,0,2025-03-20,30,445.26,14.84,0,Sports,23.86,31.85,2025-03-20,12,3,Spring,0,,0,Spring,499,7,9,86,20,12,3,2025,3,0,0.0,0.0,30.0,30.0,0,0
2025-03-20,ST04,SKU01380,12,823.25,68.6,0,2025-03-20,12,823.25,68.6,0,Clothing,30.07,41.65,2025-03-20,12,3,Spring,0,,0,Spring,335,73,8,47,20,12,3,2025,3,0,0.0,0.0,12.0,12.0,0,0
2025-03-20,ST05,SKU01381,15,267.35,17.82,0,2025-03-20,15,267.35,17.82,0,Beauty,48.59,68.51,2025-03-20,12,3,Spring,0,,0,Spring,419,68,7,68,20,12,3,2025,3,0,0.0,0.0,15.0,15.0,0,0
2025-03-20,ST05,SKU01382,20,898.08,44.9,0,2025-03-20,20,898.08,44.9,0,Food,14.92,28.48,2025-03-20,12,3,Spring,0,,0,Spring,109,97,13,74,20,12,3,2025,3,0,0.0,0.0,20.0,20.0,0,0
2025-03-20,ST06,SKU01383,25,399.18,15.97,1,2025-03-20,25,399.18,15.97,1,Beauty,25.91,38.96,2025-03-20,12,3,Spring,0,,0,Spring,200,68,8,85,20,12,3,2025,3,0,0.0,0.0,25.0,25.0,0,1
2025-03-20,ST06,SKU01384,8,567.86,70.98,0,2025-03-20,8,567.86,70.98,0,Automotive,17.86,22.73,2025-03-20,12,3,Spring,0,,0,Spring,171,3,9,35,20,12,3,2025,3,0,0.0,0.0,8.0,8.0,0,0
2025-03-20,ST07,SKU01385,30,238.23,7.94,0,2025-03-20,30,238.23,7.94,0,Toys,28.91,50.36,2025-03-20,12,3,Spring,0,,0,Spring,337,17,10,35,20,12,3,2025,3,0,0.0,0.0,30.0,30.0,0,0
2025-03-20,ST07,SKU01386,12,208.61,17.38,0,2025-03-20,12,208.61,17.38,0,Food,37.92,70.51,2025-03-20,12,3,Spring,0,,0,Spring,161,62,5,40,20,12,3,2025,3,0,0.0,0.0,12.0,12.0,0,0
2025-03-20,ST08,SKU01387,15,172.85,11.52,0,2025-03-20,15,172.85,11.52,0,Food,42.48,69.34,2025-03-20,12,3,Spring,0,,0,Spring,348,16,6,92,20,12,3,2025,3,0,0.0,0.0,15.0,15.0,0,0
2025-03-20,ST08,SKU01388,20,2201.13,110.06,0,2025-03-20,20,2201.13,110.06,0,Health,15.67,20.15,2025-03-20,12,3,Spring,0,,0,Spring,386,40,5,34,20,12,3,2025,3,0,0.0,0.0,20.0,20.0,0,0
2025-03-20,ST09,SKU01389,25,878.1,35.12,0,2025-03-20,25,878.1,35.12,0,Food,27.52,42.58,2025-03-20,12,3,Spring,0,,0,Spring,465,85,10,99,20,12,3,2025,3,0,0.0,0.0,25.0,25.0,0,0
2025-03-20,ST09,SKU01390,8,140.49,17.56,0,2025-03-20,8,140.49,17.56,0,Beauty,29.64,42.07,2025-03-20,12,3,Spring,0,,0,Spring,340,21,3,51,20,12,3,2025,3,0,0.0,0.0,8.0,8.0,0,0
2025-03-20,ST10,SKU01391,30,445.26,14.84,0,2025-03-20,30,445.26,14.84,0,Health,30.79,44.95,2025-03-20,12,3,Spring,0,,0,Spring,417,10,13,32,20,12,3,2025,3,0,0.0,0.0,30.0,30.0,0,0
2025-03-20,ST10,SKU01392,12,823.25,68.6,0,2025-03-20,12,823.25,68.6,0,Home & Garden,42.28,74.85,2025-03-20,12,3,Spring,0,,0,Spring,442,59,9,43,20,12,3,2025,3,0,0.0,0.0,12.0,12.0,0,0
2025-03-21,ST01,SKU01393,15,267.35,17.82,0,2025-03-21,15,267.35,17.82,0,Sports,19.6,27.18,2025-03-21,12,3,Spring,0,,0,Spring,274,17,3,52,21,12,3,2025,4,0,0.0,0.0,15.0,15.0,0,0
2025-03-21,ST01,SKU01394,20,898.08,44.9,1,2025-03-21,20,898.08,44.9,1,Home & Garden,20.56,35.71,2025-03-21,12,3,Spring,0,,0,Spring,251,82,7,76,21,12,3,2025,4,0,0.0,0.0,20.0,20.0,0,1
2025-03-21,ST02,SKU01395,25,399.18,15.97,0,2025-03-21,25,399.18,15.97,0,Toys,24.83,32.42,2025-03-21,12,3,Spring,0,,0,Spring,421,86,11,57,21,12,3,2025,4,0,0.0,0.0,25.0,25.0,0,0
2025-03-21,ST02,SKU01396,8,567.86,70.98,0,2025-03-21,8,567.86,70.98,0,Toys,40.25,56.86,2025-03-21,12,3,Spring,0,,0,Spring,286,24,12,87,21,12,3,2025,4,0,0.0,0.0,8.0,8.0,0,0
2025-03-21,ST03,SKU01397,30,238.23,7.94,0,2025-03-21,30,238.23,7.94,0,Health,6.16,10.37,2025-03-21,12,3,Spring,0,,0,Spring,143,40,11,77,21,12,3,2025,4,0,0.0,0.0,30.0,30.0,0,0
2025-03-21,ST03,SKU01398,12,208.61,17.38,0,2025-03-21,12,208.61,17.38,0,Food,25.68,39.68,2025-03-21,12,3,Spring,0,,0,Spring,275,9,5,40,21,12,3,2025,4,0,0.0,0.0,12.0,12.0,0,0
2025-03-21,ST04,SKU01399,15,172.85,11.52,0,2025-03-21,15,172.85,11.52,0,Automotive,13.91,17.43,2025-03-21,12,3,Spring,0,,0,Spring,134,20,8,74,21,12,3,2025,4,0,0.0,0.0,15.0,15.0,0,0
2025-03-21,ST04,SKU01400,20,2201.13,110.06,0,2025-03-21,20,2201.13,110.06,0,Books,18.82,30.82,2025-03-21,12,3,Spring,0,,0,Spring,440,80,4,71,21,12,3,2025,4,0,0.0,0.0,20.0,20.0,0,0
2025-03-21,ST05,SKU01401,25,878.1,35.12,0,2025-03-21,25,878.1,35.12,0,Automotive,12.21,16.32,2025-03-21,12,3,Spring,0,,0,Spring,103,74,3,47,21,12,3,2025,4,0,0.0,0.0,25.0,25.0,0,0
2025-03-21,ST05,SKU01402,8,140.49,17.56,0,2025-03-21,8,140.49,17.56,0,Automotive,40.87,72.73,2025-03-21,12,3,Spring,0,,0,Spring,236,89,8,86,21,12,3,2025,4,0,0.0,0.0,8.0,8.0,0,0
2025-03-21,ST06,SKU01403,30,445.26,14.84,1,2025-03-21,30,445.26,14.84,1,Health,20.32,37.48,2025-03-21,12,3,Spring,0,,0,Spring,413,46,12,89,21,12,3,2025,4,0,0.0,0.0,30.0,30.0,0,1
2025-03-21,ST06,SKU01404,12,823.25,68.6,0,2025-03-21,12,823.25,68.6,0,Automotive,34.78,58.49,2025-03-21,12,3,Spring,0,,0,Spring,382,3,9,31,21,12,3,2025,4,0,0.0,0.0,12.0,12.0,0,0
2025-03-21,ST07,SKU01405,15,267.35,17.82,0,2025-03-21,15,267.35,17.82,0,Clothing,8.46,11.74,2025-03-21,12,3,Spring,0,,0,Spring,364,26,13,36,21,12,3,2025,4,0,0.0,0.0,15.0,15.0,0,0
2025-03-21,ST07,SKU01406,20,898.08,44.9,0,2025-03-21,20,898.08,44.9,0,Books,42.57,84.28,2025-03-21,12,3,Spring,0,,0,Spring,240,45,10,41,21,12,3,2025,4,0,0.0,0.0,20.0,20.0,0,0
2025-03-21,ST08,SKU01407,25,399.18,15.97,0,2025-03-21,25,399.18,15.97,0,Food,16.9,24.07,2025-03-21,12,3,Spring,0,,0,Spring,190,42,3,92,21,12,3,2025,4,0,0.0,0.0,25.0,25.0,0,0
2025-03-21,ST08,SKU01408,8,567.86,70.98,0,2025-03-21,8,567.86,70.98,0,Clothing,46.69,71.7,2025-03-21,12,3,Spring,0,,0,Spring,302,80,10,65,21,12,3,2025,4,0,0.0,0.0,8.0,8.0,0,0
2025-03-21,ST09,SKU01409,30,238.23,7.94,0,2025-03-21,30,238.23,7.94,0,Toys,14.62,22.45,2025-03-21,12,3,Spring,0,,0,Spring,57,68,12,65,21,12,3,2025,4,0,0.0,0.0,30.0,30.0,0,0
2025-03-21,ST09,SKU01410,12,208.61,17.38,0,2025-03-21,12,208.61,17.38,0,Home & Garden,22.68,27.74,2025-03-21,12,3,Spring,0,,0,Spring,333,92,7,59,21,12,3,2025,4,0,0.0,0.0,12.0,12.0,0,0
2025-03-21,ST10,SKU01411,15,172.85,11.52,0,2025-03-21,15,172.85,11.52,0,Health,47.6,86.89,2025-03-21,12,3,Spring,0,,0,Spring,200,15,12,81,21,12,3,2025,4,0,0.0,0.0,15.0,15.0,0,0
2025-03-21,ST10,SKU01412,20,2201.13,110.06,0,2025-03-21,20,2201.13,110.06,0,Health,31.48,47.78,2025-03-21,12,3,Spring,0,,0,Spring,173,36,5,44,21,12,3,2025,4,0,0.0,0.0,20.0,20.0,0,0
2025-03-22,ST01,SKU01413,25,878.1,35.12,0,2025-03-22,25,878.1,35.12,0,Food,5.28,6.6,2025-03-22,12,3,Spring,0,,0,Spring,277,46,6,48,22,12,3,2025,5,1,0.0,0.0,25.0,25.0,0,0
2025-03-22,ST01,SKU01414,8,140.49,17.56,1,2025-03-22,8,140.49,17.56,1,Beauty,45.69,68.53,2025-03-22,12,3,Spring,0,,0,Spring,155,20,7,56,22,12,3,2025,5,1,0.0,0.0,8.0,8.0,0,1
2025-03-22,ST02,SKU01415,30,445.26,14.84,0,2025-03-22,30,445.26,14.84,0,Beauty,9.19,14.05,2025-03-22,12,3,Spring,0,,0,Spring,360,28,6,54,22,12,3,2025,5,1,0.0,0.0,30.0,30.0,0,0
2025-03-22,ST02,SKU01416,12,823.25,68.6,0,2025-03-22,12,823.25,68.6,0,Electronics,14.98,21.78,2025-03-22,12,3,Spring,0,,0,Spring,375,62,6,31,22,12,3,2025,5,1,0.0,0.0,12.0,12.0,0,0
2025-03-22,ST03,SKU01417,15,267.35,17.82,0,2025-03-22,15,267.35,17.82,0,Sports,41.78,81.23,2025-03-22,12,3,Spring,0,,0,Spring,455,95,4,98,22,12,3,2025,5,1,0.0,0.0,15.0,15.0,0,0
2025-03-22,ST03,SKU01418,20,898.08,44.9,0,2025-03-22,20,898.08,44.9,0,Sports,25.25,37.12,2025-03-22,12,3,Spring,0,,0,Spring,487,99,5,63,22,12,3,2025,5,1,0.0,0.0,20.0,20.0,0,0
2025-03-22,ST04,SKU01419,25,399.18,15.97,0,2025-03-22,25,399.18,15.97,0,Books,8.76,11.99,2025-03-22,12,3,Spring,0,,0,Spring,190,42,8,51,22,12,3,2025,5,1,0.0,0.0,25.0,25.0,0,0
2025-03-22,ST04,SKU01420,8,567.86,70.98,0,2025-03-22,8,567.86,70.98,0,Health,34.83,66.05,2025-03-22,12,3,Spring,0,,0,Spring,229,51,6,48,22,12,3,2025,5,1,0.0,0.0,8.0,8.0,0,0
2025-03-22,ST05,SKU01421,30,238.23,7.94,0,2025-03-22,30,238.23,7.94,0,Books,37.74,59.91,2025-03-22,12,3,Spring,0,,0,Spring,87,69,6,86,22,12,3,2025,5,1,0.0,0.0,30.0,30.0,0,0
2025-03-22,ST05,SKU01422,12,208.61,17.38,0,2025-03-22,12,208.61,17.38,0,Sports,12.26,20.32,2025-03-22,12,3,Spring,0,,0,Spring,197,8,6,79,22,12,3,2025,5,1,0.0,0.0,12.0,12.0,0,0
2025-03-22,ST06,SKU01423,15,172.85,11.52,1,2025-03-22,15,172.85,11.52,1,Books,39.21,51.88,2025-03-22,12,3,Spring,0,,0,Spring,387,4,6,66,22,12,3,2025,5,1,0.0,0.0,15.0,15.0,0,1
2025-03-22,ST06,SKU01424,20,2201.13,110.06,0,2025-03-22,20,2201.13,110.06,0,Sports,38.03,56.17,2025-03-22,12,3,Spring,0,,0,Spring,327,57,6,73,22,12,3,2025,5,1,0.0,0.0,20.0,20.0,0,0
2025-03-22,ST07,SKU01425,25,878.1,35.12,0,2025-03-22,25,878.1,35.12,0,Clothing,23.38,40.77,2025-03-22,12,3,Spring,0,,0,Spring,339,76,12,38,22,12,3,2025,5,1,0.0,0.0,25.0,25.0,0,0
2025-03-22,ST07,SKU01426,8,140.49,17.56,0,2025-03-22,8,140.49,17.56,0,Books,42.23,70.44,2025-03-22,12,3,Spring,0,,0,Spring,155,94,9,97,22,12,3,2025,5,1,0.0,0.0,8.0,8.0,0,0
2025-03-22,ST08,SKU01427,30,445.26,14.84,0,2025-03-22,30,445.26,14.84,0,Home & Garden,36.37,49.28,2025-03-22,12,3,Spring,0,,0,Spring,196,93,5,86,22,12,3,2025,5,1,0.0,0.0,30.0,30.0,0,0
2025-03-22,ST08,SKU01428,12,823.25,68.6,0,2025-03-22,12,823.25,68.6,0,Toys,16.69,31.86,2025-03-22,12,3,Spring,0,,0,Spring,390,60,5,82,22,12,3,2025,5,1,0.0,0.0,12.0,12.0,0,0
2025-03-22,ST09,SKU01429,15,267.35,17.82,0,2025-03-22,15,267.35,17.82,0,Sports,19.04,24.7,2025-03-22,12,3,Spring,0,,0,Spring,337,65,13,39,22,12,3,2025,5,1,0.0,0.0,15.0,15.0,0,0
2025-03-22,ST09,SKU01430,20,898.08,44.9,0,2025-03-22,20,898.08,44.9,0,Home & Garden,23.51,32.73,2025-03-22,12,3,Spring,0,,0,Spring,179,65,10,46,22,12,3,2025,5,1,0.0,0.0,20.0,20.0,0,0
2025-03-22,ST10,SKU01431,25,399.18,15.97,0,2025-03-22,25,399.18,15.97,0,Automotive,11.35,18.57,2025-03-22,12,3,Spring,0,,0,Spring,401,15,9,60,22,12,3,2025,5,1,0.0,0.0,25.0,25.0,0,0
2025-03-22,ST10,SKU01432,8,567.86,70.98,0,2025-03-22,8,567.86,70.98,0,Clothing,22.86,30.3,2025-03-22,12,3,Spring,0,,0,Spring,156,87,3,40,22,12,3,2025,5,1,0.0,0.0,8.0,8.0,0,0
2025-03-23,ST01,SKU01433,30,238.23,7.94,0,2025-03-23,30,238.23,7.94,0,Books,8.69,10.67,2025-03-23,12,3,Spring,0,,0,Spring,424,84,6,55,23,12,3,2025,6,1,0.0,0.0,30.0,30.0,0,0
2025-03-23,ST01,SKU01434,12,208.61,17.38,1,2025-03-23,12,208.61,17.38,1,Clothing,6.35,9.88,2025-03-23,12,3,Spring,0,,0,Spring,416,49,3,94,23,12,3,2025,6,1,0.0,0.0,12.0,12.0,0,1
2025-03-23,ST02,SKU01435,15,172.85,11.52,0,2025-03-23,15,172.85,11.52,0,Food,10.28,13.72,2025-03-23,12,3,Spring,0,,0,Spring,96,91,7,31,23,12,3,2025,6,1,0.0,0.0,15.0,15.0,0,0
2025-03-23,ST02,SKU01436,20,2201.13,110.06,0,2025-03-23,20,2201.13,110.06,0,Home & Garden,31.0,58.68,2025-03-23,12,3,Spring,0,,0,Spring,155,23,6,48,23,12,3,2025,6,1,0.0,0.0,20.0,20.0,0,0
2025-03-23,ST03,SKU01437,25,878.1,35.12,0,2025-03-23,25,878.1,35.12,0,Home & Garden,49.33,89.51,2025-03-23,12,3,Spring,0,,0,Spring,459,74,10,79,23,12,3,2025,6,1,0.0,0.0,25.0,25.0,0,0
2025-03-23,ST03,SKU01438,8,140.49,17.56,0,2025-03-23,8,140.49,17.56,0,Sports,25.09,42.53,2025-03-23,12,3,Spring,0,,0,Spring,220,74,5,41,23,12,3,2025,6,1,0.0,0.0,8.0,8.0,0,0
2025-03-23,ST04,SKU01439,30,445.26,14.84,0,2025-03-23,30,445.26,14.84,0,Beauty,30.39,57.15,2025-03-23,12,3,Spring,0,,0,Spring,244,26,3,83,23,12,3,2025,6,1,0.0,0.0,30.0,30.0,0,0
2025-03-23,ST04,SKU01440,12,823.25,68.6,0,2025-03-23,12,823.25,68.6,0,Food,47.05,82.4,2025-03-23,12,3,Spring,0,,0,Spring,499,48,4,89,23,12,3,2025,6,1,0.0,0.0,12.0,12.0,0,0
2025-03-23,ST05,SKU01441,15,267.35,17.82,0,2025-03-23,15,267.35,17.82,0,Electronics,10.81,13.84,2025-03-23,12,3,Spring,0,,0,Spring,231,29,6,67,23,12,3,2025,6,1,0.0,0.0,15.0,15.0,0,0
2025-03-23,ST05,SKU01442,20,898.08,44.9,0,2025-03-23,20,898.08,44.9,0,Food,5.73,10.63,2025-03-23,12,3,Spring,0,,0,Spring,333,24,12,89,23,12,3,2025,6,1,0.0,0.0,20.0,20.0,0,0
2025-03-23,ST06,SKU01443,25,399.18,15.97,1,2025-03-23,25,399.18,15.97,1,Electronics,45.05,89.8,2025-03-23,12,3,Spring,0,,0,Spring,347,39,3,71,23,12,3,2025,6,1,0.0,0.0,25.0,25.0,0,1
2025-03-23,ST06,SKU01444,8,567.86,70.98,0,2025-03-23,8,567.86,70.98,0,Electronics,34.34,62.67,2025-03-23,12,3,Spring,0,,0,Spring,352,36,8,51,23,12,3,2025,6,1,0.0,0.0,8.0,8.0,0,0
2025-03-23,ST07,SKU01445,30,238.23,7.94,0,2025-03-23,30,238.23,7.94,0,Food,16.39,31.01,2025-03-23,12,3,Spring,0,,0,Spring,234,83,4,56,23,12,3,2025,6,1,0.0,0.0,30.0,30.0,0,0
2025-03-23,ST07,SKU01446,12,208.61,17.38,0,2025-03-23,12,208.61,17.38,0,Home & Garden,10.67,21.16,2025-03-23,12,3,Spring,0,,0,Spring,90,79,4,61,23,12,3,2025,6,1,0.0,0.0,12.0,12.0,0,0
2025-03-23,ST08,SKU01447,15,172.85,11.52,0,2025-03-23,15,172.85,11.52,0,Home & Garden,19.59,34.12,2025-03-23,12,3,Spring,0,,0,Spring,138,65,10,39,23,12,3,2025,6,1,0.0,0.0,15.0,15.0,0,0
2025-03-23,ST08,SKU01448,20,2201.13,110.06,0,2025-03-23,20,2201.13,110.06,0,Electronics,47.48,86.06,2025-03-23,12,3,Spring,0,,0,Spring,401,97,6,68,23,12,3,2025,6,1,0.0,0.0,20.0,20.0,0,0
2025-03-23,ST09,SKU01449,25,878.1,35.12,0,2025-03-23,25,878.1,35.12,0,Clothing,30.89,47.67,2025-03-23,12,3,Spring,0,,0,Spring,109,65,3,80,23,12,3,2025,6,1,0.0,0.0,25.0,25.0,0,0
2025-03-23,ST09,SKU01450,8,140.49,17.56,0,2025-03-23,8,140.49,17.56,0,Toys,11.45,13.91,2025-03-23,12,3,Spring,0,,0,Spring,173,35,10,56,23,12,3,2025,6,1,0.0,0.0,8.0,8.0,0,0
2025-03-23,ST10,SKU01451,30,445.26,14.84,0,2025-03-23,30,445.26,14.84,0,Health,36.16,50.14,2025-03-23,12,3,Spring,0,,0,Spring,435,30,11,95,23,12,3,2025,6,1,0.0,0.0,30.0,30.0,0,0
2025-03-23,ST10,SKU01452,12,823.25,68.6,0,2025-03-23,12,823.25,68.6,0,Beauty,38.62,53.1,2025-03-23,12,3,Spring,0,,0,Spring,334,14,7,57,23,12,3,2025,6,1,0.0,0.0,12.0,12.0,0,0
2025-03-24,ST01,SKU01453,15,267.35,17.82,0,2025-03-24,15,267.35,17.82,0,Books,34.27,46.94,2025-03-24,13,3,Spring,0,,0,Spring,389,23,7,39,24,13,3,2025,0,0,0.0,0.0,15.0,15.0,0,0
2025-03-24,ST01,SKU01454,20,898.08,44.9,1,2025-03-24,20,898.08,44.9,1,Automotive,43.23,53.43,2025-03-24,13,3,Spring,0,,0,Spring,159,77,7,47,24,13,3,2025,0,0,0.0,0.0,20.0,20.0,0,1
2025-03-24,ST02,SKU01455,25,399.18,15.97,0,2025-03-24,25,399.18,15.97,0,Automotive,49.86,67.15,2025-03-24,13,3,Spring,0,,0,Spring,265,13,4,87,24,13,3,2025,0,0,0.0,0.0,25.0,25.0,0,0
2025-03-24,ST02,SKU01456,8,567.86,70.98,0,2025-03-24,8,567.86,70.98,0,Automotive,46.8,68.59,2025-03-24,13,3,Spring,0,,0,Spring,381,21,10,99,24,13,3,2025,0,0,0.0,0.0,8.0,8.0,0,0
2025-03-24,ST03,SKU01457,30,238.23,7.94,0,2025-03-24,30,238.23,7.94,0,Health,5.62,7.11,2025-03-24,13,3,Spring,0,,0,Spring,85,44,6,51,24,13,3,2025,0,0,0.0,0.0,30.0,30.0,0,0
2025-03-24,ST03,SKU01458,12,208.61,17.38,0,2025-03-24,12,208.61,17.38,0,Clothing,42.89,68.03,2025-03-24,13,3,Spring,0,,0,Spring,255,79,6,85,24,13,3,2025,0,0,0.0,0.0,12.0,12.0,0,0
2025-03-24,ST04,SKU01459,15,172.85,11.52,0,2025-03-24,15,172.85,11.52,0,Clothing,24.19,39.63,2025-03-24,13,3,Spring,0,,0,Spring,266,95,3,74,24,13,3,2025,0,0,0.0,0.0,15.0,15.0,0,0
2025-03-24,ST04,SKU01460,20,2201.13,110.06,0,2025-03-24,20,2201.13,110.06,0,Beauty,27.17,46.37,2025-03-24,13,3,Spring,0,,0,Spring,213,19,4,67,24,13,3,2025,0,0,0.0,0.0,20.0,20.0,0,0
2025-03-24,ST05,SKU01461,25,878.1,35.12,0,2025-03-24,25,878.1,35.12,0,Automotive,48.44,60.08,2025-03-24,13,3,Spring,0,,0,Spring,244,22,13,45,24,13,3,2025,0,0,0.0,0.0,25.0,25.0,0,0
2025-03-24,ST05,SKU01462,8,140.49,17.56,0,2025-03-24,8,140.49,17.56,0,Books,30.96,51.12,2025-03-24,13,3,Spring,0,,0,Spring,236,68,6,50,24,13,3,2025,0,0,0.0,0.0,8.0,8.0,0,0
2025-03-24,ST06,SKU01463,30,445.26,14.84,1,2025-03-24,30,445.26,14.84,1,Beauty,21.32,34.91,2025-03-24,13,3,Spring,0,,0,Spring,153,77,9,99,24,13,3,2025,0,0,0.0,0.0,30.0,30.0,0,1
2025-03-24,ST06,SKU01464,12,823.25,68.6,0,2025-03-24,12,823.25,68.6,0,Books,32.04,47.19,2025-03-24,13,3,Spring,0,,0,Spring,445,15,3,43,24,13,3,2025,0,0,0.0,0.0,12.0,12.0,0,0
2025-03-24,ST07,SKU01465,15,267.35,17.82,0,2025-03-24,15,267.35,17.82,0,Health,23.3,30.63,2025-03-24,13,3,Spring,0,,0,Spring,366,70,3,70,24,13,3,2025,0,0,0.0,0.0,15.0,15.0,0,0
2025-03-24,ST07,SKU01466,20,898.08,44.9,0,2025-03-24,20,898.08,44.9,0,Sports,49.62,88.39,2025-03-24,13,3,Spring,0,,0,Spring,359,43,4,34,24,13,3,2025,0,0,0.0,0.0,20.0,20.0,0,0
2025-03-24,ST08,SKU01467,25,399.18,15.97,0,2025-03-24,25,399.18,15.97,0,Sports,32.25,46.64,2025-03-24,13,3,Spring,0,,0,Spring,158,26,6,72,24,13,3,2025,0,0,0.0,0.0,25.0,25.0,0,0
2025-03-24,ST08,SKU01468,8,567.86,70.98,0,2025-03-24,8,567.86,70.98,0,Sports,32.65,54.36,2025-03-24,13,3,Spring,0,,0,Spring,402,30,5,46,24,13,3,2025,0,0,0.0,0.0,8.0,8.0,0,0
2025-03-24,ST09,SKU01469,30,238.23,7.94,0,2025-03-24,30,238.23,7.94,0,Food,5.05,7.16,2025-03-24,13,3,Spring,0,,0,Spring,132,53,9,61,24,13,3,2025,0,0,0.0,0.0,30.0,30.0,0,0
2025-03-24,ST09,SKU01470,12,208.61,17.38,0,2025-03-24,12,208.61,17.38,0,Books,34.78,59.37,2025-03-24,13,3,Spring,0,,0,Spring,473,12,13,64,24,13,3,2025,0,0,0.0,0.0,12.0,12.0,0,0
2025-03-24,ST10,SKU01471,15,172.85,11.52,0,2025-03-24,15,172.85,11.52,0,Food,5.73,10.22,2025-03-24,13,3,Spring,0,,0,Spring,182,72,8,54,24,13,3,2025,0,0,0.0,0.0,15.0,15.0,0,0
2025-03-24,ST10,SKU01472,20,2201.13,110.06,0,2025-03-24,20,2201.13,110.06,0,Electronics,34.93,57.46,2025-03-24,13,3,Spring,0,,0,Spring,144,21,4,74,24,13,3,2025,0,0,0.0,0.0,20.0,20.0,0,0
2025-03-25,ST01,SKU01473,25,878.1,35.12,0,2025-03-25,25,878.1,35.12,0,Food,10.68,19.77,2025-03-25,13,3,Spring,0,,0,Spring,374,90,11,30,25,13,3,2025,1,0,0.0,0.0,25.0,25.0,0,0
2025-03-25,ST01,SKU01474,8,140.49,17.56,1,2025-03-25,8,140.49,17.56,1,Electronics,42.42,82.07,2025-03-25,13,3,Spring,0,,0,Spring,261,43,9,68,25,13,3,2025,1,0,0.0,0.0,8.0,8.0,0,1
2025-03-25,ST02,SKU01475,30,445.26,14.84,0,2025-03-25,30,445.26,14.84,0,Clothing,19.32,37.01,2025-03-25,13,3,Spring,0,,0,Spring,103,87,13,58,25,13,3,2025,1,0,0.0,0.0,30.0,30.0,0,0
2025-03-25,ST02,SKU01476,12,823.25,68.6,0,2025-03-25,12,823.25,68.6,0,Food,37.8,68.95,2025-03-25,13,3,Spring,0,,0,Spring,103,89,5,49,25,13,3,2025,1,0,0.0,0.0,12.0,12.0,0,0
2025-03-25,ST03,SKU01477,15,267.35,17.82,0,2025-03-25,15,267.35,17.82,0,Electronics,5.61,8.19,2025-03-25,13,3,Spring,0,,0,Spring,95,66,3,87,25,13,3,2025,1,0,0.0,0.0,15.0,15.0,0,0
2025-03-25,ST03,SKU01478,20,898.08,44.9,0,2025-03-25,20,898.08,44.9,0,Home & Garden,11.67,14.86,2025-03-25,13,3,Spring,0,,0,Spring,486,0,3,95,25,13,3,2025,1,0,0.0,0.0,20.0,20.0,0,0
2025-03-25,ST04,SKU01479,25,399.18,15.97,0,2025-03-25,25,399.18,15.97,0,Beauty,45.25,84.11,2025-03-25,13,3,Spring,0,,0,Spring,462,83,8,37,25,13,3,2025,1,0,0.0,0.0,25.0,25.0,0,0
2025-03-25,ST04,SKU01480,8,567.86,70.98,0,2025-03-25,8,567.86,70.98,0,Books,28.15,35.7,2025-03-25,13,3,Spring,0,,0,Spring,78,50,3,32,25,13,3,2025,1,0,0.0,0.0,8.0,8.0,0,0
2025-03-25,ST05,SKU01481,30,238.23,7.94,0,2025-03-25,30,238.23,7.94,0,Automotive,22.28,38.61,2025-03-25,13,3,Spring,0,,0,Spring,237,34,7,49,25,13,3,2025,1,0,0.0,0.0,30.0,30.0,0,0
2025-03-25,ST05,SKU01482,12,208.61,17.38,0,2025-03-25,12,208.61,17.38,0,Books,22.49,31.32,2025-03-25,13,3,Spring,0,,0,Spring,122,38,6,48,25,13,3,2025,1,0,0.0,0.0,12.0,12.0,0,0
2025-03-25,ST06,SKU01483,15,172.85,11.52,1,2025-03-25,15,172.85,11.52,1,Food,26.6,34.86,2025-03-25,13,3,Spring,0,,0,Spring,151,90,13,42,25,13,3,2025,1,0,0.0,0.0,15.0,15.0,0,1
2025-03-25,ST06,SKU01484,20,2201.13,110.06,0,2025-03-25,20,2201.13,110.06,0,Food,49.43,76.88,2025-03-25,13,3,Spring,0,,0,Spring,446,59,11,81,25,13,3,2025,1,0,0.0,0.0,20.0,20.0,0,0
2025-03-25,ST07,SKU01485,25,878.1,35.12,0,2025-03-25,25,878.1,35.12,0,Toys,44.31,88.47,2025-03-25,13,3,Spring,0,,0,Spring,160,52,8,72,25,13,3,2025,1,0,0.0,0.0,25.0,25.0,0,0
2025-03-25,ST07,SKU01486,8,140.49,17.56,0,2025-03-25,8,140.49,17.56,0,Home & Garden,41.56,60.74,2025-03-25,13,3,Spring,0,,0,Spring,260,71,6,71,25,13,3,2025,1,0,0.0,0.0,8.0,8.0,0,0
2025-03-25,ST08,SKU01487,30,445.26,14.84,0,2025-03-25,30,445.26,14.84,0,Electronics,23.12,40.19,2025-03-25,13,3,Spring,0,,0,Spring,395,25,9,72,25,13,3,2025,1,0,0.0,0.0,30.0,30.0,0,0
2025-03-25,ST08,SKU01488,12,823.25,68.6,0,2025-03-25,12,823.25,68.6,0,Toys,31.65,55.57,2025-03-25,13,3,Spring,0,,0,Spring,126,27,11,49,25,13,3,2025,1,0,0.0,0.0,12.0,12.0,0,0
2025-03-25,ST09,SKU01489,15,267.35,17.82,0,2025-03-25,15,267.35,17.82,0,Electronics,33.46,43.58,2025-03-25,13,3,Spring,0,,0,Spring,489,82,9,80,25,13,3,2025,1,0,0.0,0.0,15.0,15.0,0,0
2025-03-25,ST09,SKU01490,20,898.08,44.9,0,2025-03-25,20,898.08,44.9,0,Sports,36.53,65.85,2025-03-25,13,3,Spring,0,,0,Spring,317,78,9,40,25,13,3,2025,1,0,0.0,0.0,20.0,20.0,0,0
2025-03-25,ST10,SKU01491,25,399.18,15.97,0,2025-03-25,25,399.18,15.97,0,Sports,24.17,48.23,2025-03-25,13,3,Spring,0,,0,Spring,203,41,13,40,25,13,3,2025,1,0,0.0,0.0,25.0,25.0,0,0
2025-03-25,ST10,SKU01492,8,567.86,70.98,0,2025-03-25,8,567.86,70.98,0,Automotive,17.8,27.68,2025-03-25,13,3,Spring,0,,0,Spring,343,97,13,48,25,13,3,2025,1,0,0.0,0.0,8.0,8.0,0,0
2025-03-26,ST01,SKU01493,30,238.23,7.94,0,2025-03-26,30,238.23,7.94,0,Books,40.84,56.61,2025-03-26,13,3,Spring,0,,0,Spring,497,5,6,71,26,13,3,2025,2,0,0.0,0.0,30.0,30.0,0,0
2025-03-26,ST01,SKU01494,12,208.61,17.38,1,2025-03-26,12,208.61,17.38,1,Beauty,10.65,20.99,2025-03-26,13,3,Spring,0,,0,Spring,269,64,5,88,26,13,3,2025,2,0,0.0,0.0,12.0,12.0,0,1
2025-03-26,ST02,SKU01495,15,172.85,11.52,0,2025-03-26,15,172.85,11.52,0,Home & Garden,26.53,44.27,2025-03-26,13,3,Spring,0,,0,Spring,101,46,10,36,26,13,3,2025,2,0,0.0,0.0,15.0,15.0,0,0
2025-03-26,ST02,SKU01496,20,2201.13,110.06,0,2025-03-26,20,2201.13,110.06,0,Automotive,8.87,11.05,2025-03-26,13,3,Spring,0,,0,Spring,316,60,6,54,26,13,3,2025,2,0,0.0,0.0,20.0,20.0,0,0
2025-03-26,ST03,SKU01497,25,878.1,35.12,0,2025-03-26,25,878.1,35.12,0,Food,48.9,77.22,2025-03-26,13,3,Spring,0,,0,Spring,445,25,8,41,26,13,3,2025,2,0,0.0,0.0,25.0,25.0,0,0
2025-03-26,ST03,SKU01498,8,140.49,17.56,0,2025-03-26,8,140.49,17.56,0,Food,15.52,26.54,2025-03-26,13,3,Spring,0,,0,Spring,476,50,7,66,26,13,3,2025,2,0,0.0,0.0,8.0,8.0,0,0
2025-03-26,ST04,SKU01499,30,445.26,14.84,0,2025-03-26,30,445.26,14.84,0,Toys,28.54,40.46,2025-03-26,13,3,Spring,0,,0,Spring,95,52,10,42,26,13,3,2025,2,0,0.0,0.0,30.0,30.0,0,0
2025-03-26,ST04,SKU01500,12,823.25,68.6,0,2025-03-26,12,823.25,68.6,0,Toys,16.35,23.65,2025-03-26,13,3,Spring,0,,0,Spring,138,53,11,33,26,13,3,2025,2,0,0.0,0.0,12.0,12.0,0,0
2025-03-26,ST05,SKU01501,15,267.35,17.82,0,2025-03-26,15,267.35,17.82,0,Health,11.93,23.63,2025-03-26,13,3,Spring,0,,0,Spring,124,95,3,36,26,13,3,2025,2,0,0.0,0.0,15.0,15.0,0,0
2025-03-26,ST05,SKU01502,20,898.08,44.9,0,2025-03-26,20,898.08,44.9,0,Beauty,31.24,55.74,2025-03-26,13,3,Spring,0,,0,Spring,415,10,8,74,26,13,3,2025,2,0,0.0,0.0,20.0,20.0,0,0
2025-03-26,ST06,SKU01503,25,399.18,15.97,1,2025-03-26,25,399.18,15.97,1,Beauty,8.36,16.1,2025-03-26,13,3,Spring,0,,0,Spring,328,27,13,86,26,13,3,2025,2,0,0.0,0.0,25.0,25.0,0,1
2025-03-26,ST06,SKU01504,8,567.86,70.98,0,2025-03-26,8,567.86,70.98,0,Sports,13.55,23.86,2025-03-26,13,3,Spring,0,,0,Spring,75,24,8,58,26,13,3,2025,2,0,0.0,0.0,8.0,8.0,0,0
2025-03-26,ST07,SKU01505,30,238.23,7.94,0,2025-03-26,30,238.23,7.94,0,Home & Garden,46.01,55.98,2025-03-26,13,3,Spring,0,,0,Spring,402,35,5,59,26,13,3,2025,2,0,0.0,0.0,30.0,30.0,0,0
2025-03-26,ST07,SKU01506,12,208.61,17.38,0,2025-03-26,12,208.61,17.38,0,Beauty,46.58,92.24,2025-03-26,13,3,Spring,0,,0,Spring,397,16,5,59,26,13,3,2025,2,0,0.0,0.0,12.0,12.0,0,0
2025-03-26,ST08,SKU01507,15,172.85,11.52,0,2025-03-26,15,172.85,11.52,0,Toys,18.64,36.77,2025-03-26,13,3,Spring,0,,0,Spring,142,44,10,80,26,13,3,2025,2,0,0.0,0.0,15.0,15.0,0,0
2025-03-26,ST08,SKU01508,20,2201.13,110.06,0,2025-03-26,20,2201.13,110.06,0,Sports,22.82,41.19,2025-03-26,13,3,Spring,0,,0,Spring,407,46,7,93,26,13,3,2025,2,0,0.0,0.0,20.0,20.0,0,0
2025-03-26,ST09,SKU01509,25,878.1,35.12,0,2025-03-26,25,878.1,35.12,0,Health,23.55,45.88,2025-03-26,13,3,Spring,0,,0,Spring,295,37,9,36,26,13,3,2025,2,0,0.0,0.0,25.0,25.0,0,0
2025-03-26,ST09,SKU01510,8,140.49,17.56,0,2025-03-26,8,140.49,17.56,0,Food,40.55,58.98,2025-03-26,13,3,Spring,0,,0,Spring,327,80,4,70,26,13,3,2025,2,0,0.0,0.0,8.0,8.0,0,0
2025-03-26,ST10,SKU01511,30,445.26,14.84,0,2025-03-26,30,445.26,14.84,0,Automotive,22.0,27.5,2025-03-26,13,3,Spring,0,,0,Spring,379,9,11,36,26,13,3,2025,2,0,0.0,0.0,30.0,30.0,0,0
2025-03-26,ST10,SKU01512,12,823.25,68.6,0,2025-03-26,12,823.25,68.6,0,Home & Garden,8.45,11.27,2025-03-26,13,3,Spring,0,,0,Spring,430,49,8,81,26,13,3,2025,2,0,0.0,0.0,12.0,12.0,0,0
2025-03-27,ST01,SKU01513,15,267.35,17.82,0,2025-03-27,15,267.35,17.82,0,Home & Garden,34.61,69.17,2025-03-27,13,3,Spring,0,,0,Spring,210,0,7,89,27,13,3,2025,3,0,0.0,0.0,15.0,15.0,0,0
2025-03-27,ST01,SKU01514,20,898.08,44.9,1,2025-03-27,20,898.08,44.9,1,Sports,23.03,29.76,2025-03-27,13,3,Spring,0,,0,Spring,467,3,3,33,27,13,3,2025,3,0,0.0,0.0,20.0,20.0,0,1
2025-03-27,ST02,SKU01515,25,399.18,15.97,0,2025-03-27,25,399.18,15.97,0,Beauty,49.36,59.24,2025-03-27,13,3,Spring,0,,0,Spring,476,89,6,30,27,13,3,2025,3,0,0.0,0.0,25.0,25.0,0,0
2025-03-27,ST02,SKU01516,8,567.86,70.98,0,2025-03-27,8,567.86,70.98,0,Books,24.89,42.78,2025-03-27,13,3,Spring,0,,0,Spring,120,93,4,90,27,13,3,2025,3,0,0.0,0.0,8.0,8.0,0,0
2025-03-27,ST03,SKU01517,30,238.23,7.94,0,2025-03-27,30,238.23,7.94,0,Toys,25.49,39.05,2025-03-27,13,3,Spring,0,,0,Spring,340,7,10,65,27,13,3,2025,3,0,0.0,0.0,30.0,30.0,0,0
2025-03-27,ST03,SKU01518,12,208.61,17.38,0,2025-03-27,12,208.61,17.38,0,Food,34.19,67.15,2025-03-27,13,3,Spring,0,,0,Spring,483,42,13,61,27,13,3,2025,3,0,0.0,0.0,12.0,12.0,0,0
2025-03-27,ST04,SKU01519,15,172.85,11.52,0,2025-03-27,15,172.85,11.52,0,Automotive,13.12,18.5,2025-03-27,13,3,Spring,0,,0,Spring,383,17,5,76,27,13,3,2025,3,0,0.0,0.0,15.0,15.0,0,0
2025-03-27,ST04,SKU01520,20,2201.13,110.06,0,2025-03-27,20,2201.13,110.06,0,Clothing,23.07,33.92,2025-03-27,13,3,Spring,0,,0,Spring,300,58,6,66,27,13,3,2025,3,0,0.0,0.0,20.0,20.0,0,0
2025-03-27,ST05,SKU01521,25,878.1,35.12,0,2025-03-27,25,878.1,35.12,0,Electronics,12.31,21.43,2025-03-27,13,3,Spring,0,,0,Spring,66,38,12,77,27,13,3,2025,3,0,0.0,0.0,25.0,25.0,0,0
2025-03-27,ST05,SKU01522,8,140.49,17.56,0,2025-03-27,8,140.49,17.56,0,Sports,38.05,52.01,2025-03-27,13,3,Spring,0,,0,Spring,88,3,8,95,27,13,3,2025,3,0,0.0,0.0,8.0,8.0,0,0
2025-03-27,ST06,SKU01523,30,445.26,14.84,1,2025-03-27,30,445.26,14.84,1,Health,14.67,18.1,2025-03-27,13,3,Spring,0,,0,Spring,157,11,6,47,27,13,3,2025,3,0,0.0,0.0,30.0,30.0,0,1
2025-03-27,ST06,SKU01524,12,823.25,68.6,0,2025-03-27,12,823.25,68.6,0,Clothing,44.24,73.5,2025-03-27,13,3,Spring,0,,0,Spring,139,52,9,30,27,13,3,2025,3,0,0.0,0.0,12.0,12.0,0,0
2025-03-27,ST07,SKU01525,15,267.35,17.82,0,2025-03-27,15,267.35,17.82,0,Beauty,41.14,67.14,2025-03-27,13,3,Spring,0,,0,Spring,432,57,12,35,27,13,3,2025,3,0,0.0,0.0,15.0,15.0,0,0
2025-03-27,ST07,SKU01526,20,898.08,44.9,0,2025-03-27,20,898.08,44.9,0,Automotive,22.83,32.81,2025-03-27,13,3,Spring,0,,0,Spring,119,43,10,53,27,13,3,2025,3,0,0.0,0.0,20.0,20.0,0,0
2025-03-27,ST08,SKU01527,25,399.18,15.97,0,2025-03-27,25,399.18,15.97,0,Home & Garden,11.82,18.27,2025-03-27,13,3,Spring,0,,0,Spring,135,18,7,47,27,13,3,2025,3,0,0.0,0.0,25.0,25.0,0,0
2025-03-27,ST08,SKU01528,8,567.86,70.98,0,2025-03-27,8,567.86,70.98,0,Sports,32.65,52.85,2025-03-27,13,3,Spring,0,,0,Spring,144,29,11,71,27,13,3,2025,3,0,0.0,0.0,8.0,8.0,0,0
2025-03-27,ST09,SKU01529,30,238.23,7.94,0,2025-03-27,30,238.23,7.94,0,Health,26.15,41.89,2025-03-27,13,3,Spring,0,,0,Spring,82,73,7,41,27,13,3,2025,3,0,0.0,0.0,30.0,30.0,0,0
2025-03-27,ST09,SKU01530,12,208.61,17.38,0,2025-03-27,12,208.61,17.38,0,Toys,26.46,45.09,2025-03-27,13,3,Spring,0,,0,Spring,167,93,13,68,27,13,3,2025,3,0,0.0,0.0,12.0,12.0,0,0
2025-03-27,ST10,SKU01531,15,172.85,11.52,0,2025-03-27,15,172.85,11.52,0,Sports,40.26,57.23,2025-03-27,13,3,Spring,0,,0,Spring,442,20,9,58,27,13,3,2025,3,0,0.0,0.0,15.0,15.0,0,0
2025-03-27,ST10,SKU01532,20,2201.13,110.06,0,2025-03-27,20,2201.13,110.06,0,Food,35.53,51.82,2025-03-27,13,3,Spring,0,,0,Spring,210,61,7,44,27,13,3,2025,3,0,0.0,0.0,20.0,20.0,0,0
2025-03-28,ST01,SKU01533,25,878.1,35.12,0,2025-03-28,25,878.1,35.12,0,Health,48.69,65.33,2025-03-28,13,3,Spring,0,,0,Spring,307,51,9,73,28,13,3,2025,4,0,0.0,0.0,25.0,25.0,0,0
2025-03-28,ST01,SKU01534,8,140.49,17.56,1,2025-03-28,8,140.49,17.56,1,Toys,32.15,59.2,2025-03-28,13,3,Spring,0,,0,Spring,487,17,5,36,28,13,3,2025,4,0,0.0,0.0,8.0,8.0,0,1
2025-03-28,ST02,SKU01535,30,445.26,14.84,0,2025-03-28,30,445.26,14.84,0,Home & Garden,28.23,46.99,2025-03-28,13,3,Spring,0,,0,Spring,220,81,8,66,28,13,3,2025,4,0,0.0,0.0,30.0,30.0,0,0
2025-03-28,ST02,SKU01536,12,823.25,68.6,0,2025-03-28,12,823.25,68.6,0,Books,5.47,10.49,2025-03-28,13,3,Spring,0,,0,Spring,235,32,13,40,28,13,3,2025,4,0,0.0,0.0,12.0,12.0,0,0
2025-03-28,ST03,SKU01537,15,267.35,17.82,0,2025-03-28,15,267.35,17.82,0,Health,41.44,81.23,2025-03-28,13,3,Spring,0,,0,Spring,117,81,6,51,28,13,3,2025,4,0,0.0,0.0,15.0,15.0,0,0
2025-03-28,ST03,SKU01538,20,898.08,44.9,0,2025-03-28,20,898.08,44.9,0,Food,49.21,62.45,2025-03-28,13,3,Spring,0,,0,Spring,499,43,8,71,28,13,3,2025,4,0,0.0,0.0,20.0,20.0,0,0
2025-03-28,ST04,SKU01539,25,399.18,15.97,0,2025-03-28,25,399.18,15.97,0,Food,15.2,25.14,2025-03-28,13,3,Spring,0,,0,Spring,74,56,7,84,28,13,3,2025,4,0,0.0,0.0,25.0,25.0,0,0
2025-03-28,ST04,SKU01540,8,567.86,70.98,0,2025-03-28,8,567.86,70.98,0,Books,24.79,42.52,2025-03-28,13,3,Spring,0,,0,Spring,300,15,9,57,28,13,3,2025,4,0,0.0,0.0,8.0,8.0,0,0
2025-03-28,ST05,SKU01541,30,238.23,7.94,0,2025-03-28,30,238.23,7.94,0,Books,10.24,13.33,2025-03-28,13,3,Spring,0,,0,Spring,273,91,5,78,28,13,3,2025,4,0,0.0,0.0,30.0,30.0,0,0
2025-03-28,ST05,SKU01542,12,208.61,17.38,0,2025-03-28,12,208.61,17.38,0,Food,45.61,68.71,2025-03-28,13,3,Spring,0,,0,Spring,314,57,8,61,28,13,3,2025,4,0,0.0,0.0,12.0,12.0,0,0
2025-03-28,ST06,SKU01543,15,172.85,11.52,1,2025-03-28,15,172.85,11.52,1,Books,45.75,85.47,2025-03-28,13,3,Spring,0,,0,Spring,264,68,12,82,28,13,3,2025,4,0,0.0,0.0,15.0,15.0,0,1
2025-03-28,ST06,SKU01544,20,2201.13,110.06,0,2025-03-28,20,2201.13,110.06,0,Health,24.85,33.79,2025-03-28,13,3,Spring,0,,0,Spring,492,73,13,68,28,13,3,2025,4,0,0.0,0.0,20.0,20.0,0,0
2025-03-28,ST07,SKU01545,25,878.1,35.12,0,2025-03-28,25,878.1,35.12,0,Sports,20.89,38.43,2025-03-28,13,3,Spring,0,,0,Spring,427,14,9,58,28,13,3,2025,4,0,0.0,0.0,25.0,25.0,0,0
2025-03-28,ST07,SKU01546,8,140.49,17.56,0,2025-03-28,8,140.49,17.56,0,Toys,14.82,28.87,2025-03-28,13,3,Spring,0,,0,Spring,172,2,5,39,28,13,3,2025,4,0,0.0,0.0,8.0,8.0,0,0
2025-03-28,ST08,SKU01547,30,445.26,14.84,0,2025-03-28,30,445.26,14.84,0,Health,40.3,67.65,2025-03-28,13,3,Spring,0,,0,Spring,397,28,5,35,28,13,3,2025,4,0,0.0,0.0,30.0,30.0,0,0
2025-03-28,ST08,SKU01548,12,823.25,68.6,0,2025-03-28,12,823.25,68.6,0,Food,16.13,30.54,2025-03-28,13,3,Spring,0,,0,Spring,445,37,5,96,28,13,3,2025,4,0,0.0,0.0,12.0,12.0,0,0
2025-03-28,ST09,SKU01549,15,267.35,17.82,0,2025-03-28,15,267.35,17.82,0,Food,32.23,44.36,2025-03-28,13,3,Spring,0,,0,Spring,441,7,9,76,28,13,3,2025,4,0,0.0,0.0,15.0,15.0,0,0
2025-03-28,ST09,SKU01550,20,898.08,44.9,0,2025-03-28,20,898.08,44.9,0,Food,26.53,32.28,2025-03-28,13,3,Spring,0,,0,Spring,437,50,7,96,28,13,3,2025,4,0,0.0,0.0,20.0,20.0,0,0
2025-03-28,ST10,SKU01551,25,399.18,15.97,0,2025-03-28,25,399.18,15.97,0,Toys,7.68,12.93,2025-03-28,13,3,Spring,0,,0,Spring,94,7,9,45,28,13,3,2025,4,0,0.0,0.0,25.0,25.0,0,0
2025-03-28,ST10,SKU01552,8,567.86,70.98,0,2025-03-28,8,567.86,70.98,0,Health,17.75,33.19,2025-03-28,13,3,Spring,0,,0,Spring,382,66,11,89,28,13,3,2025,4,0,0.0,0.0,8.0,8.0,0,0
2025-03-29,ST01,SKU01553,30,238.23,7.94,0,2025-03-29,30,238.23,7.94,0,Food,21.82,37.1,2025-03-29,13,3,Spring,0,,0,Spring,383,76,7,44,29,13,3,2025,5,1,0.0,0.0,30.0,30.0,0,0
2025-03-29,ST01,SKU01554,12,208.61,17.38,1,2025-03-29,12,208.61,17.38,1,Home & Garden,13.3,18.11,2025-03-29,13,3,Spring,0,,0,Spring,376,97,11,51,29,13,3,2025,5,1,0.0,0.0,12.0,12.0,0,1
2025-03-29,ST02,SKU01555,15,172.85,11.52,0,2025-03-29,15,172.85,11.52,0,Home & Garden,7.3,11.09,2025-03-29,13,3,Spring,0,,0,Spring,457,43,3,39,29,13,3,2025,5,1,0.0,0.0,15.0,15.0,0,0
2025-03-29,ST02,SKU01556,20,2201.13,110.06,0,2025-03-29,20,2201.13,110.06,0,Home & Garden,44.76,63.4,2025-03-29,13,3,Spring,0,,0,Spring,257,71,10,79,29,13,3,2025,5,1,0.0,0.0,20.0,20.0,0,0
2025-03-29,ST03,SKU01557,25,878.1,35.12,0,2025-03-29,25,878.1,35.12,0,Health,11.54,18.52,2025-03-29,13,3,Spring,0,,0,Spring,61,88,3,89,29,13,3,2025,5,1,0.0,0.0,25.0,25.0,0,0
2025-03-29,ST03,SKU01558,8,140.49,17.56,0,2025-03-29,8,140.49,17.56,0,Books,6.16,10.12,2025-03-29,13,3,Spring,0,,0,Spring,203,77,11,65,29,13,3,2025,5,1,0.0,0.0,8.0,8.0,0,0
2025-03-29,ST04,SKU01559,30,445.26,14.84,0,2025-03-29,30,445.26,14.84,0,Home & Garden,44.51,73.28,2025-03-29,13,3,Spring,0,,0,Spring,426,22,13,35,29,13,3,2025,5,1,0.0,0.0,30.0,30.0,0,0
2025-03-29,ST04,SKU01560,12,823.25,68.6,0,2025-03-29,12,823.25,68.6,0,Books,7.19,9.19,2025-03-29,13,3,Spring,0,,0,Spring,476,24,4,91,29,13,3,2025,5,1,0.0,0.0,12.0,12.0,0,0
2025-03-29,ST05,SKU01561,15,267.35,17.82,0,2025-03-29,15,267.35,17.82,0,Toys,42.01,80.74,2025-03-29,13,3,Spring,0,,0,Spring,190,42,4,88,29,13,3,2025,5,1,0.0,0.0,15.0,15.0,0,0
2025-03-29,ST05,SKU01562,20,898.08,44.9,0,2025-03-29,20,898.08,44.9,0,Electronics,34.05,42.1,2025-03-29,13,3,Spring,0,,0,Spring,493,62,11,80,29,13,3,2025,5,1,0.0,0.0,20.0,20.0,0,0
2025-03-29,ST06,SKU01563,25,399.18,15.97,1,2025-03-29,25,399.18,15.97,1,Beauty,18.35,23.15,2025-03-29,13,3,Spring,0,,0,Spring,105,26,11,97,29,13,3,2025,5,1,0.0,0.0,25.0,25.0,0,1
2025-03-29,ST06,SKU01564,8,567.86,70.98,0,2025-03-29,8,567.86,70.98,0,Automotive,10.71,13.91,2025-03-29,13,3,Spring,0,,0,Spring,351,97,5,55,29,13,3,2025,5,1,0.0,0.0,8.0,8.0,0,0
2025-03-29,ST07,SKU01565,30,238.23,7.94,0,2025-03-29,30,238.23,7.94,0,Automotive,12.47,15.56,2025-03-29,13,3,Spring,0,,0,Spring,441,5,10,77,29,13,3,2025,5,1,0.0,0.0,30.0,30.0,0,0
2025-03-29,ST07,SKU01566,12,208.61,17.38,0,2025-03-29,12,208.61,17.38,0,Toys,35.79,70.13,2025-03-29,13,3,Spring,0,,0,Spring,143,44,7,54,29,13,3,2025,5,1,0.0,0.0,12.0,12.0,0,0
2025-03-29,ST08,SKU01567,15,172.85,11.52,0,2025-03-29,15,172.85,11.52,0,Clothing,46.76,59.52,2025-03-29,13,3,Spring,0,,0,Spring,197,81,4,95,29,13,3,2025,5,1,0.0,0.0,15.0,15.0,0,0
2025-03-29,ST08,SKU01568,20,2201.13,110.06,0,2025-03-29,20,2201.13,110.06,0,Clothing,35.26,47.1,2025-03-29,13,3,Spring,0,,0,Spring,350,46,4,84,29,13,3,2025,5,1,0.0,0.0,20.0,20.0,0,0
2025-03-29,ST09,SKU01569,25,878.1,35.12,0,2025-03-29,25,878.1,35.12,0,Home & Garden,19.9,36.08,2025-03-29,13,3,Spring,0,,0,Spring,252,18,5,82,29,13,3,2025,5,1,0.0,0.0,25.0,25.0,0,0
2025-03-29,ST09,SKU01570,8,140.49,17.56,0,2025-03-29,8,140.49,17.56,0,Automotive,23.69,28.89,2025-03-29,13,3,Spring,0,,0,Spring,75,13,8,74,29,13,3,2025,5,1,0.0,0.0,8.0,8.0,0,0
2025-03-29,ST10,SKU01571,30,445.26,14.84,0,2025-03-29,30,445.26,14.84,0,Electronics,6.0,11.94,2025-03-29,13,3,Spring,0,,0,Spring,477,87,11,94,29,13,3,2025,5,1,0.0,0.0,30.0,30.0,0,0
2025-03-29,ST10,SKU01572,12,823.25,68.6,0,2025-03-29,12,823.25,68.6,0,Home & Garden,48.55,79.62,2025-03-29,13,3,Spring,0,,0,Spring,100,42,9,52,29,13,3,2025,5,1,0.0,0.0,12.0,12.0,0,0
2025-03-30,ST01,SKU01573,15,267.35,17.82,0,2025-03-30,15,267.35,17.82,0,Beauty,19.19,29.07,2025-03-30,13,3,Spring,0,,0,Spring,489,18,4,84,30,13,3,2025,6,1,0.0,0.0,15.0,15.0,0,0
2025-03-30,ST01,SKU01574,20,898.08,44.9,1,2025-03-30,20,898.08,44.9,1,Books,9.36,12.58,2025-03-30,13,3,Spring,0,,0,Spring,269,91,13,62,30,13,3,2025,6,1,0.0,0.0,20.0,20.0,0,1
2025-03-30,ST02,SKU01575,25,399.18,15.97,0,2025-03-30,25,399.18,15.97,0,Clothing,35.49,58.12,2025-03-30,13,3,Spring,0,,0,Spring,452,27,13,81,30,13,3,2025,6,1,0.0,0.0,25.0,25.0,0,0
2025-03-30,ST02,SKU01576,8,567.86,70.98,0,2025-03-30,8,567.86,70.98,0,Clothing,19.94,36.4,2025-03-30,13,3,Spring,0,,0,Spring,302,48,7,55,30,13,3,2025,6,1,0.0,0.0,8.0,8.0,0,0
2025-03-30,ST03,SKU01577,30,238.23,7.94,0,2025-03-30,30,238.23,7.94,0,Clothing,33.25,57.12,2025-03-30,13,3,Spring,0,,0,Spring,148,97,5,69,30,13,3,2025,6,1,0.0,0.0,30.0,30.0,0,0
2025-03-30,ST03,SKU01578,12,208.61,17.38,0,2025-03-30,12,208.61,17.38,0,Home & Garden,49.66,69.16,2025-03-30,13,3,Spring,0,,0,Spring,129,37,9,83,30,13,3,2025,6,1,0.0,0.0,12.0,12.0,0,0
2025-03-30,ST04,SKU01579,15,172.85,11.52,0,2025-03-30,15,172.85,11.52,0,Toys,37.86,60.27,2025-03-30,13,3,Spring,0,,0,Spring,199,15,5,89,30,13,3,2025,6,1,0.0,0.0,15.0,15.0,0,0
2025-03-30,ST04,SKU01580,20,2201.13,110.06,0,2025-03-30,20,2201.13,110.06,0,Electronics,23.44,46.46,2025-03-30,13,3,Spring,0,,0,Spring,222,45,10,84,30,13,3,2025,6,1,0.0,0.0,20.0,20.0,0,0
2025-03-30,ST05,SKU01581,25,878.1,35.12,0,2025-03-30,25,878.1,35.12,0,Food,5.75,7.8,2025-03-30,13,3,Spring,0,,0,Spring,263,84,12,54,30,13,3,2025,6,1,0.0,0.0,25.0,25.0,0,0
2025-03-30,ST05,SKU01582,8,140.49,17.56,0,2025-03-30,8,140.49,17.56,0,Food,17.27,30.83,2025-03-30,13,3,Spring,0,,0,Spring,114,5,9,93,30,13,3,2025,6,1,0.0,0.0,8.0,8.0,0,0
2025-03-30,ST06,SKU01583,30,445.26,14.84,1,2025-03-30,30,445.26,14.84,1,Electronics,42.47,78.28,2025-03-30,13,3,Spring,0,,0,Spring,392,42,13,52,30,13,3,2025,6,1,0.0,0.0,30.0,30.0,0,1
2025-03-30,ST06,SKU01584,12,823.25,68.6,0,2025-03-30,12,823.25,68.6,0,Electronics,48.07,91.92,2025-03-30,13,3,Spring,0,,0,Spring,401,29,13,47,30,13,3,2025,6,1,0.0,0.0,12.0,12.0,0,0
2025-03-30,ST07,SKU01585,15,267.35,17.82,0,2025-03-30,15,267.35,17.82,0,Home & Garden,25.68,44.71,2025-03-30,13,3,Spring,0,,0,Spring,392,78,3,50,30,13,3,2025,6,1,0.0,0.0,15.0,15.0,0,0
2025-03-30,ST07,SKU01586,20,898.08,44.9,0,2025-03-30,20,898.08,44.9,0,Food,30.58,38.15,2025-03-30,13,3,Spring,0,,0,Spring,362,22,13,74,30,13,3,2025,6,1,0.0,0.0,20.0,20.0,0,0
2025-03-30,ST08,SKU01587,25,399.18,15.97,0,2025-03-30,25,399.18,15.97,0,Home & Garden,22.82,29.81,2025-03-30,13,3,Spring,0,,0,Spring,477,81,10,76,30,13,3,2025,6,1,0.0,0.0,25.0,25.0,0,0
2025-03-30,ST08,SKU01588,8,567.86,70.98,0,2025-03-30,8,567.86,70.98,0,Food,47.72,90.84,2025-03-30,13,3,Spring,0,,0,Spring,217,50,12,36,30,13,3,2025,6,1,0.0,0.0,8.0,8.0,0,0
2025-03-30,ST09,SKU01589,30,238.23,7.94,0,2025-03-30,30,238.23,7.94,0,Beauty,10.74,16.4,2025-03-30,13,3,Spring,0,,0,Spring,99,47,6,35,30,13,3,2025,6,1,0.0,0.0,30.0,30.0,0,0
2025-03-30,ST09,SKU01590,12,208.61,17.38,0,2025-03-30,12,208.61,17.38,0,Toys,20.99,36.43,2025-03-30,13,3,Spring,0,,0,Spring,396,8,7,86,30,13,3,2025,6,1,0.0,0.0,12.0,12.0,0,0
2025-03-30,ST10,SKU01591,15,172.85,11.52,0,2025-03-30,15,172.85,11.52,0,Food,31.51,61.47,2025-03-30,13,3,Spring,0,,0,Spring,336,20,12,69,30,13,3,2025,6,1,0.0,0.0,15.0,15.0,0,0
2025-03-30,ST10,SKU01592,20,2201.13,110.06,0,2025-03-30,20,2201.13,110.06,0,Clothing,30.9,41.07,2025-03-30,13,3,Spring,0,,0,Spring,161,44,3,49,30,13,3,2025,6,1,0.0,0.0,20.0,20.0,0,0
2025-03-31,ST01,SKU01593,25,878.1,35.12,0,2025-03-31,25,878.1,35.12,0,Automotive,13.95,20.25,2025-03-31,14,3,Spring,0,,0,Spring,150,91,3,57,31,14,3,2025,0,0,0.0,0.0,25.0,25.0,0,0
2025-03-31,ST01,SKU01594,8,140.49,17.56,1,2025-03-31,8,140.49,17.56,1,Clothing,8.11,15.1,2025-03-31,14,3,Spring,0,,0,Spring,474,65,11,87,31,14,3,2025,0,0,0.0,0.0,8.0,8.0,0,1
2025-03-31,ST02,SKU01595,30,445.26,14.84,0,2025-03-31,30,445.26,14.84,0,Home & Garden,20.97,38.25,2025-03-31,14,3,Spring,0,,0,Spring,346,5,13,67,31,14,3,2025,0,0,0.0,0.0,30.0,30.0,0,0
2025-03-31,ST02,SKU01596,12,823.25,68.6,0,2025-03-31,12,823.25,68.6,0,Sports,36.47,53.41,2025-03-31,14,3,Spring,0,,0,Spring,439,44,13,43,31,14,3,2025,0,0,0.0,0.0,12.0,12.0,0,0
2025-03-31,ST03,SKU01597,15,267.35,17.82,0,2025-03-31,15,267.35,17.82,0,Books,30.53,56.09,2025-03-31,14,3,Spring,0,,0,Spring,371,39,5,53,31,14,3,2025,0,0,0.0,0.0,15.0,15.0,0,0
2025-03-31,ST03,SKU01598,20,898.08,44.9,0,2025-03-31,20,898.08,44.9,0,Health,28.09,36.64,2025-03-31,14,3,Spring,0,,0,Spring,68,17,3,64,31,14,3,2025,0,0,0.0,0.0,20.0,20.0,0,0
2025-03-31,ST04,SKU01599,25,399.18,15.97,0,2025-03-31,25,399.18,15.97,0,Electronics,10.99,15.49,2025-03-31,14,3,Spring,0,,0,Spring,239,0,6,54,31,14,3,2025,0,0,0.0,0.0,25.0,25.0,0,0
2025-03-31,ST04,SKU01600,8,567.86,70.98,0,2025-03-31,8,567.86,70.98,0,Books,7.74,13.59,2025-03-31,14,3,Spring,0,,0,Spring,478,48,13,45,31,14,3,2025,0,0,0.0,0.0,8.0,8.0,0,0
2025-03-31,ST05,SKU01601,30,238.23,7.94,0,2025-03-31,30,238.23,7.94,0,Clothing,17.97,21.65,2025-03-31,14,3,Spring,0,,0,Spring,275,92,5,52,31,14,3,2025,0,0,0.0,0.0,30.0,30.0,0,0
2025-03-31,ST05,SKU01602,12,208.61,17.38,0,2025-03-31,12,208.61,17.38,0,Toys,45.86,63.93,2025-03-31,14,3,Spring,0,,0,Spring,260,24,8,30,31,14,3,2025,0,0,0.0,0.0,12.0,12.0,0,0
2025-03-31,ST06,SKU01603,15,172.85,11.52,1,2025-03-31,15,172.85,11.52,1,Toys,6.08,10.14,2025-03-31,14,3,Spring,0,,0,Spring,91,18,3,63,31,14,3,2025,0,0,0.0,0.0,15.0,15.0,0,1
2025-03-31,ST06,SKU01604,20,2201.13,110.06,0,2025-03-31,20,2201.13,110.06,0,Beauty,10.79,17.9,2025-03-31,14,3,Spring,0,,0,Spring,385,54,4,63,31,14,3,2025,0,0,0.0,0.0,20.0,20.0,0,0
2025-03-31,ST07,SKU01605,25,878.1,35.12,0,2025-03-31,25,878.1,35.12,0,Electronics,9.11,15.5,2025-03-31,14,3,Spring,0,,0,Spring,394,44,8,50,31,14,3,2025,0,0,0.0,0.0,25.0,25.0,0,0
2025-03-31,ST07,SKU01606,8,140.49,17.56,0,2025-03-31,8,140.49,17.56,0,Electronics,21.27,27.66,2025-03-31,14,3,Spring,0,,0,Spring,171,69,11,77,31,14,3,2025,0,0,0.0,0.0,8.0,8.0,0,0
2025-03-31,ST08,SKU01607,30,445.26,14.84,0,2025-03-31,30,445.26,14.84,0,Home & Garden,45.35,61.54,2025-03-31,14,3,Spring,0,,0,Spring,88,30,12,39,31,14,3,2025,0,0,0.0,0.0,30.0,30.0,0,0
2025-03-31,ST08,SKU01608,12,823.25,68.6,0,2025-03-31,12,823.25,68.6,0,Electronics,43.77,72.74,2025-03-31,14,3,Spring,0,,0,Spring,79,17,10,44,31,14,3,2025,0,0,0.0,0.0,12.0,12.0,0,0
2025-03-31,ST09,SKU01609,15,267.35,17.82,0,2025-03-31,15,267.35,17.82,0,Automotive,19.22,32.71,2025-03-31,14,3,Spring,0,,0,Spring,53,62,10,38,31,14,3,2025,0,0,0.0,0.0,15.0,15.0,0,0
2025-03-31,ST09,SKU01610,20,898.08,44.9,0,2025-03-31,20,898.08,44.9,0,Food,24.34,43.8,2025-03-31,14,3,Spring,0,,0,Spring,158,8,12,33,31,14,3,2025,0,0,0.0,0.0,20.0,20.0,0,0
2025-03-31,ST10,SKU01611,25,399.18,15.97,0,2025-03-31,25,399.18,15.97,0,Home & Garden,16.51,24.13,2025-03-31,14,3,Spring,0,,0,Spring,258,15,5,81,31,14,3,2025,0,0,0.0,0.0,25.0,25.0,0,0
2025-03-31,ST10,SKU01612,8,567.86,70.98,0,2025-03-31,8,567.86,70.98,0,Electronics,17.1,23.23,2025-03-31,14,3,Spring,0,,0,Spring,118,4,6,47,31,14,3,2025,0,0,0.0,0.0,8.0,8.0,0,0
2025-04-01,ST01,SKU01613,30,238.23,7.94,0,2025-04-01,30,238.23,7.94,0,Food,22.31,34.56,2025-04-01,14,4,Spring,0,,0,Spring,160,1,6,71,1,14,4,2025,1,0,0.0,0.0,30.0,30.0,0,0
2025-04-01,ST01,SKU01614,12,208.61,17.38,1,2025-04-01,12,208.61,17.38,1,Toys,31.53,39.54,2025-04-01,14,4,Spring,0,,0,Spring,158,73,11,37,1,14,4,2025,1,0,0.0,0.0,12.0,12.0,0,1
2025-04-01,ST02,SKU01615,15,172.85,11.52,0,2025-04-01,15,172.85,11.52,0,Automotive,8.67,11.01,2025-04-01,14,4,Spring,0,,0,Spring,116,62,11,40,1,14,4,2025,1,0,0.0,0.0,15.0,15.0,0,0
2025-04-01,ST02,SKU01616,20,2201.13,110.06,0,2025-04-01,20,2201.13,110.06,0,Health,39.77,70.47,2025-04-01,14,4,Spring,0,,0,Spring,148,41,6,42,1,14,4,2025,1,0,0.0,0.0,20.0,20.0,0,0
2025-04-01,ST03,SKU01617,25,878.1,35.12,0,2025-04-01,25,878.1,35.12,0,Clothing,17.75,26.98,2025-04-01,14,4,Spring,0,,0,Spring,317,36,12,81,1,14,4,2025,1,0,0.0,0.0,25.0,25.0,0,0
2025-04-01,ST03,SKU01618,8,140.49,17.56,0,2025-04-01,8,140.49,17.56,0,Automotive,32.22,48.65,2025-04-01,14,4,Spring,0,,0,Spring,248,1,8,85,1,14,4,2025,1,0,0.0,0.0,8.0,8.0,0,0
2025-04-01,ST04,SKU01619,30,445.26,14.84,0,2025-04-01,30,445.26,14.84,0,Beauty,35.1,64.55,2025-04-01,14,4,Spring,0,,0,Spring,109,22,9,69,1,14,4,2025,1,0,0.0,0.0,30.0,30.0,0,0
2025-04-01,ST04,SKU01620,12,823.25,68.6,0,2025-04-01,12,823.25,68.6,0,Sports,16.97,24.88,2025-04-01,14,4,Spring,0,,0,Spring,369,84,9,58,1,14,4,2025,1,0,0.0,0.0,12.0,12.0,0,0
2025-04-01,ST05,SKU01621,15,267.35,17.82,0,2025-04-01,15,267.35,17.82,0,Automotive,44.88,70.32,2025-04-01,14,4,Spring,0,,0,Spring,255,89,5,98,1,14,4,2025,1,0,0.0,0.0,15.0,15.0,0,0
2025-04-01,ST05,SKU01622,20,898.08,44.9,0,2025-04-01,20,898.08,44.9,0,Sports,41.35,78.92,2025-04-01,14,4,Spring,0,,0,Spring,272,88,4,49,1,14,4,2025,1,0,0.0,0.0,20.0,20.0,0,0
2025-04-01,ST06,SKU01623,25,399.18,15.97,1,2025-04-01,25,399.18,15.97,1,Sports,49.86,88.56,2025-04-01,14,4,Spring,0,,0,Spring,285,54,3,31,1,14,4,2025,1,0,0.0,0.0,25.0,25.0,0,1
2025-04-01,ST06,SKU01624,8,567.86,70.98,0,2025-04-01,8,567.86,70.98,0,Automotive,44.59,55.26,2025-04-01,14,4,Spring,0,,0,Spring,202,12,12,99,1,14,4,2025,1,0,0.0,0.0,8.0,8.0,0,0
2025-04-01,ST07,SKU01625,30,238.23,7.94,0,2025-04-01,30,238.23,7.94,0,Automotive,11.19,13.44,2025-04-01,14,4,Spring,0,,0,Spring,244,57,5,93,1,14,4,2025,1,0,0.0,0.0,30.0,30.0,0,0
2025-04-01,ST07,SKU01626,12,208.61,17.38,0,2025-04-01,12,208.61,17.38,0,Books,11.22,21.17,2025-04-01,14,4,Spring,0,,0,Spring,374,82,8,88,1,14,4,2025,1,0,0.0,0.0,12.0,12.0,0,0
2025-04-01,ST08,SKU01627,15,172.85,11.52,0,2025-04-01,15,172.85,11.52,0,Beauty,23.73,35.25,2025-04-01,14,4,Spring,0,,0,Spring,493,82,10,97,1,14,4,2025,1,0,0.0,0.0,15.0,15.0,0,0
2025-04-01,ST08,SKU01628,20,2201.13,110.06,0,2025-04-01,20,2201.13,110.06,0,Beauty,6.81,10.97,2025-04-01,14,4,Spring,0,,0,Spring,64,88,9,64,1,14,4,2025,1,0,0.0,0.0,20.0,20.0,0,0
2025-04-01,ST09,SKU01629,25,878.1,35.12,0,2025-04-01,25,878.1,35.12,0,Toys,23.48,32.12,2025-04-01,14,4,Spring,0,,0,Spring,232,13,3,36,1,14,4,2025,1,0,0.0,0.0,25.0,25.0,0,0
2025-04-01,ST09,SKU01630,8,140.49,17.56,0,2025-04-01,8,140.49,17.56,0,Beauty,41.17,52.16,2025-04-01,14,4,Spring,0,,0,Spring,79,82,3,45,1,14,4,2025,1,0,0.0,0.0,8.0,8.0,0,0
2025-04-01,ST10,SKU01631,30,445.26,14.84,0,2025-04-01,30,445.26,14.84,0,Health,40.19,72.84,2025-04-01,14,4,Spring,0,,0,Spring,160,50,10,71,1,14,4,2025,1,0,0.0,0.0,30.0,30.0,0,0
2025-04-01,ST10,SKU01632,12,823.25,68.6,0,2025-04-01,12,823.25,68.6,0,Automotive,11.83,17.31,2025-04-01,14,4,Spring,0,,0,Spring,322,62,9,56,1,14,4,2025,1,0,0.0,0.0,12.0,12.0,0,0
2025-04-02,ST01,SKU01633,15,267.35,17.82,0,2025-04-02,15,267.35,17.82,0,Food,10.88,18.91,2025-04-02,14,4,Spring,0,,0,Spring,59,33,6,54,2,14,4,2025,2,0,0.0,0.0,15.0,15.0,0,0
2025-04-02,ST01,SKU01634,20,898.08,44.9,1,2025-04-02,20,898.08,44.9,1,Health,30.88,42.16,2025-04-02,14,4,Spring,0,,0,Spring,55,23,4,35,2,14,4,2025,2,0,0.0,0.0,20.0,20.0,0,1
2025-04-02,ST02,SKU01635,25,399.18,15.97,0,2025-04-02,25,399.18,15.97,0,Toys,21.51,28.35,2025-04-02,14,4,Spring,0,,0,Spring,334,24,9,75,2,14,4,2025,2,0,0.0,0.0,25.0,25.0,0,0
2025-04-02,ST02,SKU01636,8,567.86,70.98,0,2025-04-02,8,567.86,70.98,0,Toys,19.1,32.63,2025-04-02,14,4,Spring,0,,0,Spring,201,74,12,57,2,14,4,2025,2,0,0.0,0.0,8.0,8.0,0,0
2025-04-02,ST03,SKU01637,30,238.23,7.94,0,2025-04-02,30,238.23,7.94,0,Toys,23.24,32.89,2025-04-02,14,4,Spring,0,,0,Spring,436,74,8,90,2,14,4,2025,2,0,0.0,0.0,30.0,30.0,0,0
2025-04-02,ST03,SKU01638,12,208.61,17.38,0,2025-04-02,12,208.61,17.38,0,Beauty,42.13,77.36,2025-04-02,14,4,Spring,0,,0,Spring,127,50,12,77,2,14,4,2025,2,0,0.0,0.0,12.0,12.0,0,0
2025-04-02,ST04,SKU01639,15,172.85,11.52,0,2025-04-02,15,172.85,11.52,0,Food,39.43,51.84,2025-04-02,14,4,Spring,0,,0,Spring,70,53,10,88,2,14,4,2025,2,0,0.0,0.0,15.0,15.0,0,0
2025-04-02,ST04,SKU01640,20,2201.13,110.06,0,2025-04-02,20,2201.13,110.06,0,Home & Garden,48.03,72.11,2025-04-02,14,4,Spring,0,,0,Spring,377,50,6,88,2,14,4,2025,2,0,0.0,0.0,20.0,20.0,0,0
2025-04-02,ST05,SKU01641,25,878.1,35.12,0,2025-04-02,25,878.1,35.12,0,Home & Garden,40.46,77.79,2025-04-02,14,4,Spring,0,,0,Spring,376,8,3,58,2,14,4,2025,2,0,0.0,0.0,25.0,25.0,0,0
2025-04-02,ST05,SKU01642,8,140.49,17.56,0,2025-04-02,8,140.49,17.56,0,Toys,9.91,13.86,2025-04-02,14,4,Spring,0,,0,Spring,240,71,10,97,2,14,4,2025,2,0,0.0,0.0,8.0,8.0,0,0
2025-04-02,ST06,SKU01643,30,445.26,14.84,1,2025-04-02,30,445.26,14.84,1,Sports,26.85,43.95,2025-04-02,14,4,Spring,0,,0,Spring,84,2,8,36,2,14,4,2025,2,0,0.0,0.0,30.0,30.0,0,1
2025-04-02,ST06,SKU01644,12,823.25,68.6,0,2025-04-02,12,823.25,68.6,0,Food,43.58,78.95,2025-04-02,14,4,Spring,0,,0,Spring,332,0,13,73,2,14,4,2025,2,0,0.0,0.0,12.0,12.0,0,0
2025-04-02,ST07,SKU01645,15,267.35,17.82,0,2025-04-02,15,267.35,17.82,0,Automotive,46.03,58.83,2025-04-02,14,4,Spring,0,,0,Spring,136,40,13,71,2,14,4,2025,2,0,0.0,0.0,15.0,15.0,0,0
2025-04-02,ST07,SKU01646,20,898.08,44.9,0,2025-04-02,20,898.08,44.9,0,Toys,35.71,52.33,2025-04-02,14,4,Spring,0,,0,Spring,422,32,4,92,2,14,4,2025,2,0,0.0,0.0,20.0,20.0,0,0
2025-04-02,ST08,SKU01647,25,399.18,15.97,0,2025-04-02,25,399.18,15.97,0,Electronics,35.12,48.64,2025-04-02,14,4,Spring,0,,0,Spring,214,58,3,77,2,14,4,2025,2,0,0.0,0.0,25.0,25.0,0,0
2025-04-02,ST08,SKU01648,8,567.86,70.98,0,2025-04-02,8,567.86,70.98,0,Home & Garden,18.77,23.48,2025-04-02,14,4,Spring,0,,0,Spring,438,47,5,76,2,14,4,2025,2,0,0.0,0.0,8.0,8.0,0,0
2025-04-02,ST09,SKU01649,30,238.23,7.94,0,2025-04-02,30,238.23,7.94,0,Toys,5.23,8.14,2025-04-02,14,4,Spring,0,,0,Spring,495,98,6,43,2,14,4,2025,2,0,0.0,0.0,30.0,30.0,0,0
2025-04-02,ST09,SKU01650,12,208.61,17.38,0,2025-04-02,12,208.61,17.38,0,Books,35.72,49.6,2025-04-02,14,4,Spring,0,,0,Spring,496,60,3,53,2,14,4,2025,2,0,0.0,0.0,12.0,12.0,0,0
2025-04-02,ST10,SKU01651,15,172.85,11.52,0,2025-04-02,15,172.85,11.52,0,Beauty,44.21,63.28,2025-04-02,14,4,Spring,0,,0,Spring,165,22,4,79,2,14,4,2025,2,0,0.0,0.0,15.0,15.0,0,0
2025-04-02,ST10,SKU01652,20,2201.13,110.06,0,2025-04-02,20,2201.13,110.06,0,Toys,43.63,56.96,2025-04-02,14,4,Spring,0,,0,Spring,255,78,8,56,2,14,4,2025,2,0,0.0,0.0,20.0,20.0,0,0
2025-04-03,ST01,SKU01653,25,878.1,35.12,0,2025-04-03,25,878.1,35.12,0,Electronics,31.9,40.38,2025-04-03,14,4,Spring,0,,0,Spring,320,49,6,37,3,14,4,2025,3,0,0.0,0.0,25.0,25.0,0,0
2025-04-03,ST01,SKU01654,8,140.49,17.56,1,2025-04-03,8,140.49,17.56,1,Toys,16.35,31.05,2025-04-03,14,4,Spring,0,,0,Spring,128,2,11,90,3,14,4,2025,3,0,0.0,0.0,8.0,8.0,0,1
2025-04-03,ST02,SKU01655,30,445.26,14.84,0,2025-04-03,30,445.26,14.84,0,Toys,18.82,35.53,2025-04-03,14,4,Spring,0,,0,Spring,465,93,6,42,3,14,4,2025,3,0,0.0,0.0,30.0,30.0,0,0
2025-04-03,ST02,SKU01656,12,823.25,68.6,0,2025-04-03,12,823.25,68.6,0,Electronics,26.4,49.61,2025-04-03,14,4,Spring,0,,0,Spring,50,33,11,60,3,14,4,2025,3,0,0.0,0.0,12.0,12.0,0,0
2025-04-03,ST03,SKU01657,15,267.35,17.82,0,2025-04-03,15,267.35,17.82,0,Food,12.57,23.5,2025-04-03,14,4,Spring,0,,0,Spring,241,24,8,43,3,14,4,2025,3,0,0.0,0.0,15.0,15.0,0,0
2025-04-03,ST03,SKU01658,20,898.08,44.9,0,2025-04-03,20,898.08,44.9,0,Books,33.62,51.15,2025-04-03,14,4,Spring,0,,0,Spring,441,90,8,31,3,14,4,2025,3,0,0.0,0.0,20.0,20.0,0,0
2025-04-03,ST04,SKU01659,25,399.18,15.97,0,2025-04-03,25,399.18,15.97,0,Books,28.0,47.14,2025-04-03,14,4,Spring,0,,0,Spring,258,77,11,85,3,14,4,2025,3,0,0.0,0.0,25.0,25.0,0,0
2025-04-03,ST04,SKU01660,8,567.86,70.98,0,2025-04-03,8,567.86,70.98,0,Home & Garden,40.69,80.77,2025-04-03,14,4,Spring,0,,0,Spring,143,92,6,90,3,14,4,2025,3,0,0.0,0.0,8.0,8.0,0,0
2025-04-03,ST05,SKU01661,30,238.23,7.94,0,2025-04-03,30,238.23,7.94,0,Home & Garden,36.92,47.42,2025-04-03,14,4,Spring,0,,0,Spring,294,21,5,45,3,14,4,2025,3,0,0.0,0.0,30.0,30.0,0,0
2025-04-03,ST05,SKU01662,12,208.61,17.38,0,2025-04-03,12,208.61,17.38,0,Sports,26.1,46.05,2025-04-03,14,4,Spring,0,,0,Spring,355,42,3,87,3,14,4,2025,3,0,0.0,0.0,12.0,12.0,0,0
2025-04-03,ST06,SKU01663,15,172.85,11.52,1,2025-04-03,15,172.85,11.52,1,Electronics,18.69,24.51,2025-04-03,14,4,Spring,0,,0,Spring,179,3,7,68,3,14,4,2025,3,0,0.0,0.0,15.0,15.0,0,1
2025-04-03,ST06,SKU01664,20,2201.13,110.06,0,2025-04-03,20,2201.13,110.06,0,Clothing,23.35,44.58,2025-04-03,14,4,Spring,0,,0,Spring,399,5,3,98,3,14,4,2025,3,0,0.0,0.0,20.0,20.0,0,0
2025-04-03,ST07,SKU01665,25,878.1,35.12,0,2025-04-03,25,878.1,35.12,0,Toys,20.74,39.2,2025-04-03,14,4,Spring,0,,0,Spring,118,19,5,66,3,14,4,2025,3,0,0.0,0.0,25.0,25.0,0,0
2025-04-03,ST07,SKU01666,8,140.49,17.56,0,2025-04-03,8,140.49,17.56,0,Food,17.18,24.03,2025-04-03,14,4,Spring,0,,0,Spring,250,68,12,86,3,14,4,2025,3,0,0.0,0.0,8.0,8.0,0,0
2025-04-03,ST08,SKU01667,30,445.26,14.84,0,2025-04-03,30,445.26,14.84,0,Automotive,10.95,21.71,2025-04-03,14,4,Spring,0,,0,Spring,371,8,13,93,3,14,4,2025,3,0,0.0,0.0,30.0,30.0,0,0
2025-04-03,ST08,SKU01668,12,823.25,68.6,0,2025-04-03,12,823.25,68.6,0,Sports,29.49,58.41,2025-04-03,14,4,Spring,0,,0,Spring,263,21,4,84,3,14,4,2025,3,0,0.0,0.0,12.0,12.0,0,0
2025-04-03,ST09,SKU01669,15,267.35,17.82,0,2025-04-03,15,267.35,17.82,0,Automotive,12.72,16.97,2025-04-03,14,4,Spring,0,,0,Spring,206,37,13,47,3,14,4,2025,3,0,0.0,0.0,15.0,15.0,0,0
2025-04-03,ST09,SKU01670,20,898.08,44.9,0,2025-04-03,20,898.08,44.9,0,Food,44.6,71.55,2025-04-03,14,4,Spring,0,,0,Spring,376,64,3,30,3,14,4,2025,3,0,0.0,0.0,20.0,20.0,0,0
2025-04-03,ST10,SKU01671,25,399.18,15.97,0,2025-04-03,25,399.18,15.97,0,Automotive,11.23,22.3,2025-04-03,14,4,Spring,0,,0,Spring,265,3,6,56,3,14,4,2025,3,0,0.0,0.0,25.0,25.0,0,0
2025-04-03,ST10,SKU01672,8,567.86,70.98,0,2025-04-03,8,567.86,70.98,0,Toys,26.33,41.1,2025-04-03,14,4,Spring,0,,0,Spring,220,58,3,57,3,14,4,2025,3,0,0.0,0.0,8.0,8.0,0,0
2025-04-04,ST01,SKU01673,30,238.23,7.94,0,2025-04-04,30,238.23,7.94,0,Automotive,31.79,48.71,2025-04-04,14,4,Spring,0,,0,Spring,155,54,6,89,4,14,4,2025,4,0,0.0,0.0,30.0,30.0,0,0
2025-04-04,ST01,SKU01674,12,208.61,17.38,1,2025-04-04,12,208.61,17.38,1,Books,23.48,43.54,2025-04-04,14,4,Spring,0,,0,Spring,119,61,4,85,4,14,4,2025,4,0,0.0,0.0,12.0,12.0,0,1
2025-04-04,ST02,SKU01675,15,172.85,11.52,0,2025-04-04,15,172.85,11.52,0,Books,41.91,72.05,2025-04-04,14,4,Spring,0,,0,Spring,162,12,10,47,4,14,4,2025,4,0,0.0,0.0,15.0,15.0,0,0
2025-04-04,ST02,SKU01676,20,2201.13,110.06,0,2025-04-04,20,2201.13,110.06,0,Electronics,11.18,15.89,2025-04-04,14,4,Spring,0,,0,Spring,231,76,3,72,4,14,4,2025,4,0,0.0,0.0,20.0,20.0,0,0
2025-04-04,ST03,SKU01677,25,878.1,35.12,0,2025-04-04,25,878.1,35.12,0,Food,38.85,62.55,2025-04-04,14,4,Spring,0,,0,Spring,344,60,12,47,4,14,4,2025,4,0,0.0,0.0,25.0,25.0,0,0
2025-04-04,ST03,SKU01678,8,140.49,17.56,0,2025-04-04,8,140.49,17.56,0,Clothing,38.59,55.92,2025-04-04,14,4,Spring,0,,0,Spring,456,53,5,59,4,14,4,2025,4,0,0.0,0.0,8.0,8.0,0,0
2025-04-04,ST04,SKU01679,30,445.26,14.84,0,2025-04-04,30,445.26,14.84,0,Automotive,24.59,47.61,2025-04-04,14,4,Spring,0,,0,Spring,299,97,12,97,4,14,4,2025,4,0,0.0,0.0,30.0,30.0,0,0
2025-04-04,ST04,SKU01680,12,823.25,68.6,0,2025-04-04,12,823.25,68.6,0,Home & Garden,7.46,10.17,2025-04-04,14,4,Spring,0,,0,Spring,372,70,10,47,4,14,4,2025,4,0,0.0,0.0,12.0,12.0,0,0
2025-04-04,ST05,SKU01681,15,267.35,17.82,0,2025-04-04,15,267.35,17.82,0,Books,43.79,56.24,2025-04-04,14,4,Spring,0,,0,Spring,155,6,10,99,4,14,4,2025,4,0,0.0,0.0,15.0,15.0,0,0
2025-04-04,ST05,SKU01682,20,898.08,44.9,0,2025-04-04,20,898.08,44.9,0,Sports,28.08,40.02,2025-04-04,14,4,Spring,0,,0,Spring,242,67,3,81,4,14,4,2025,4,0,0.0,0.0,20.0,20.0,0,0
2025-04-04,ST06,SKU01683,25,399.18,15.97,1,2025-04-04,25,399.18,15.97,1,Clothing,12.55,16.27,2025-04-04,14,4,Spring,0,,0,Spring,419,28,7,38,4,14,4,2025,4,0,0.0,0.0,25.0,25.0,0,1
2025-04-04,ST06,SKU01684,8,567.86,70.98,0,2025-04-04,8,567.86,70.98,0,Electronics,37.58,73.02,2025-04-04,14,4,Spring,0,,0,Spring,300,46,12,80,4,14,4,2025,4,0,0.0,0.0,8.0,8.0,0,0
2025-04-04,ST07,SKU01685,30,238.23,7.94,0,2025-04-04,30,238.23,7.94,0,Electronics,36.75,53.15,2025-04-04,14,4,Spring,0,,0,Spring,233,50,8,49,4,14,4,2025,4,0,0.0,0.0,30.0,30.0,0,0
2025-04-04,ST07,SKU01686,12,208.61,17.38,0,2025-04-04,12,208.61,17.38,0,Clothing,8.29,14.87,2025-04-04,14,4,Spring,0,,0,Spring,460,37,10,94,4,14,4,2025,4,0,0.0,0.0,12.0,12.0,0,0
2025-04-04,ST08,SKU01687,15,172.85,11.52,0,2025-04-04,15,172.85,11.52,0,Electronics,37.34,48.11,2025-04-04,14,4,Spring,0,,0,Spring,231,23,9,92,4,14,4,2025,4,0,0.0,0.0,15.0,15.0,0,0
2025-04-04,ST08,SKU01688,20,2201.13,110.06,0,2025-04-04,20,2201.13,110.06,0,Sports,46.3,59.57,2025-04-04,14,4,Spring,0,,0,Spring,234,54,5,91,4,14,4,2025,4,0,0.0,0.0,20.0,20.0,0,0
2025-04-04,ST09,SKU01689,25,878.1,35.12,0,2025-04-04,25,878.1,35.12,0,Clothing,7.42,10.03,2025-04-04,14,4,Spring,0,,0,Spring,335,92,8,58,4,14,4,2025,4,0,0.0,0.0,25.0,25.0,0,0
2025-04-04,ST09,SKU01690,8,140.49,17.56,0,2025-04-04,8,140.49,17.56,0,Beauty,33.11,41.88,2025-04-04,14,4,Spring,0,,0,Spring,474,41,4,94,4,14,4,2025,4,0,0.0,0.0,8.0,8.0,0,0
2025-04-04,ST10,SKU01691,30,445.26,14.84,0,2025-04-04,30,445.26,14.84,0,Toys,20.36,31.66,2025-04-04,14,4,Spring,0,,0,Spring,80,29,4,46,4,14,4,2025,4,0,0.0,0.0,30.0,30.0,0,0
2025-04-04,ST10,SKU01692,12,823.25,68.6,0,2025-04-04,12,823.25,68.6,0,Food,41.68,79.27,2025-04-04,14,4,Spring,0,,0,Spring,343,13,9,85,4,14,4,2025,4,0,0.0,0.0,12.0,12.0,0,0
2025-04-05,ST01,SKU01693,15,267.35,17.82,0,2025-04-05,15,267.35,17.82,0,Clothing,43.97,53.11,2025-04-05,14,4,Spring,0,,0,Spring,327,66,10,48,5,14,4,2025,5,1,0.0,0.0,15.0,15.0,0,0
2025-04-05,ST01,SKU01694,20,898.08,44.9,1,2025-04-05,20,898.08,44.9,1,Health,29.07,35.77,2025-04-05,14,4,Spring,0,,0,Spring,106,43,4,64,5,14,4,2025,5,1,0.0,0.0,20.0,20.0,0,1
2025-04-05,ST02,SKU01695,25,399.18,15.97,0,2025-04-05,25,399.18,15.97,0,Food,26.75,53.21,2025-04-05,14,4,Spring,0,,0,Spring,163,0,6,99,5,14,4,2025,5,1,0.0,0.0,25.0,25.0,0,0
2025-04-05,ST02,SKU01696,8,567.86,70.98,0,2025-04-05,8,567.86,70.98,0,Beauty,17.58,32.09,2025-04-05,14,4,Spring,0,,0,Spring,470,64,5,30,5,14,4,2025,5,1,0.0,0.0,8.0,8.0,0,0
2025-04-05,ST03,SKU01697,30,238.23,7.94,0,2025-04-05,30,238.23,7.94,0,Sports,49.65,93.63,2025-04-05,14,4,Spring,0,,0,Spring,268,20,7,45,5,14,4,2025,5,1,0.0,0.0,30.0,30.0,0,0
2025-04-05,ST03,SKU01698,12,208.61,17.38,0,2025-04-05,12,208.61,17.38,0,Books,29.06,54.84,2025-04-05,14,4,Spring,0,,0,Spring,428,60,8,69,5,14,4,2025,5,1,0.0,0.0,12.0,12.0,0,0
2025-04-05,ST04,SKU01699,15,172.85,11.52,0,2025-04-05,15,172.85,11.52,0,Health,15.56,28.87,2025-04-05,14,4,Spring,0,,0,Spring,75,79,3,93,5,14,4,2025,5,1,0.0,0.0,15.0,15.0,0,0
2025-04-05,ST04,SKU01700,20,2201.13,110.06,0,2025-04-05,20,2201.13,110.06,0,Sports,42.24,50.71,2025-04-05,14,4,Spring,0,,0,Spring,220,16,11,88,5,14,4,2025,5,1,0.0,0.0,20.0,20.0,0,0
2025-04-05,ST05,SKU01701,25,878.1,35.12,0,2025-04-05,25,878.1,35.12,0,Electronics,47.81,62.62,2025-04-05,14,4,Spring,0,,0,Spring,72,6,7,63,5,14,4,2025,5,1,0.0,0.0,25.0,25.0,0,0
2025-04-05,ST05,SKU01702,8,140.49,17.56,0,2025-04-05,8,140.49,17.56,0,Food,13.42,22.07,2025-04-05,14,4,Spring,0,,0,Spring,351,67,9,48,5,14,4,2025,5,1,0.0,0.0,8.0,8.0,0,0
2025-04-05,ST06,SKU01703,30,445.26,14.84,1,2025-04-05,30,445.26,14.84,1,Food,15.08,22.47,2025-04-05,14,4,Spring,0,,0,Spring,51,9,4,41,5,14,4,2025,5,1,0.0,0.0,30.0,30.0,0,1
2025-04-05,ST06,SKU01704,12,823.25,68.6,0,2025-04-05,12,823.25,68.6,0,Toys,48.99,90.44,2025-04-05,14,4,Spring,0,,0,Spring,375,21,11,30,5,14,4,2025,5,1,0.0,0.0,12.0,12.0,0,0
2025-04-05,ST07,SKU01705,15,267.35,17.82,0,2025-04-05,15,267.35,17.82,0,Home & Garden,19.86,25.53,2025-04-05,14,4,Spring,0,,0,Spring,487,57,8,47,5,14,4,2025,5,1,0.0,0.0,15.0,15.0,0,0
2025-04-05,ST07,SKU01706,20,898.08,44.9,0,2025-04-05,20,898.08,44.9,0,Clothing,18.39,26.46,2025-04-05,14,4,Spring,0,,0,Spring,439,44,3,52,5,14,4,2025,5,1,0.0,0.0,20.0,20.0,0,0
2025-04-05,ST08,SKU01707,25,399.18,15.97,0,2025-04-05,25,399.18,15.97,0,Food,12.39,22.64,2025-04-05,14,4,Spring,0,,0,Spring,72,25,9,73,5,14,4,2025,5,1,0.0,0.0,25.0,25.0,0,0
2025-04-05,ST08,SKU01708,8,567.86,70.98,0,2025-04-05,8,567.86,70.98,0,Toys,37.31,53.23,2025-04-05,14,4,Spring,0,,0,Spring,76,25,3,65,5,14,4,2025,5,1,0.0,0.0,8.0,8.0,0,0
2025-04-05,ST09,SKU01709,30,238.23,7.94,0,2025-04-05,30,238.23,7.94,0,Automotive,8.17,15.76,2025-04-05,14,4,Spring,0,,0,Spring,158,54,13,86,5,14,4,2025,5,1,0.0,0.0,30.0,30.0,0,0
2025-04-05,ST09,SKU01710,12,208.61,17.38,0,2025-04-05,12,208.61,17.38,0,Electronics,41.96,68.63,2025-04-05,14,4,Spring,0,,0,Spring,118,60,4,84,5,14,4,2025,5,1,0.0,0.0,12.0,12.0,0,0
2025-04-05,ST10,SKU01711,15,172.85,11.52,0,2025-04-05,15,172.85,11.52,0,Books,12.73,20.14,2025-04-05,14,4,Spring,0,,0,Spring,427,96,9,67,5,14,4,2025,5,1,0.0,0.0,15.0,15.0,0,0
2025-04-05,ST10,SKU01712,20,2201.13,110.06,0,2025-04-05,20,2201.13,110.06,0,Books,43.68,58.32,2025-04-05,14,4,Spring,0,,0,Spring,168,79,12,64,5,14,4,2025,5,1,0.0,0.0,20.0,20.0,0,0
2025-04-06,ST01,SKU01713,25,878.1,35.12,0,2025-04-06,25,878.1,35.12,0,Toys,5.6,9.01,2025-04-06,14,4,Spring,0,,0,Spring,128,66,9,58,6,14,4,2025,6,1,0.0,0.0,25.0,25.0,0,0
2025-04-06,ST01,SKU01714,8,140.49,17.56,1,2025-04-06,8,140.49,17.56,1,Electronics,42.64,68.31,2025-04-06,14,4,Spring,0,,0,Spring,83,96,11,70,6,14,4,2025,6,1,0.0,0.0,8.0,8.0,0,1
2025-04-06,ST02,SKU01715,30,445.26,14.84,0,2025-04-06,30,445.26,14.84,0,Electronics,41.88,80.02,2025-04-06,14,4,Spring,0,,0,Spring,200,70,5,87,6,14,4,2025,6,1,0.0,0.0,30.0,30.0,0,0
2025-04-06,ST02,SKU01716,12,823.25,68.6,0,2025-04-06,12,823.25,68.6,0,Books,17.79,25.46,2025-04-06,14,4,Spring,0,,0,Spring,81,30,4,72,6,14,4,2025,6,1,0.0,0.0,12.0,12.0,0,0
2025-04-06,ST03,SKU01717,15,267.35,17.82,0,2025-04-06,15,267.35,17.82,0,Sports,38.95,60.63,2025-04-06,14,4,Spring,0,,0,Spring,440,0,6,35,6,14,4,2025,6,1,0.0,0.0,15.0,15.0,0,0
2025-04-06,ST03,SKU01718,20,898.08,44.9,0,2025-04-06,20,898.08,44.9,0,Home & Garden,36.54,49.53,2025-04-06,14,4,Spring,0,,0,Spring,152,9,9,59,6,14,4,2025,6,1,0.0,0.0,20.0,20.0,0,0
2025-04-06,ST04,SKU01719,25,399.18,15.97,0,2025-04-06,25,399.18,15.97,0,Electronics,27.65,50.8,2025-04-06,14,4,Spring,0,,0,Spring,277,20,3,92,6,14,4,2025,6,1,0.0,0.0,25.0,25.0,0,0
2025-04-06,ST04,SKU01720,8,567.86,70.98,0,2025-04-06,8,567.86,70.98,0,Automotive,34.05,45.1,2025-04-06,14,4,Spring,0,,0,Spring,219,50,10,70,6,14,4,2025,6,1,0.0,0.0,8.0,8.0,0,0
2025-04-06,ST05,SKU01721,30,238.23,7.94,0,2025-04-06,30,238.23,7.94,0,Books,23.07,42.32,2025-04-06,14,4,Spring,0,,0,Spring,81,14,13,57,6,14,4,2025,6,1,0.0,0.0,30.0,30.0,0,0
2025-04-06,ST05,SKU01722,12,208.61,17.38,0,2025-04-06,12,208.61,17.38,0,Toys,23.61,29.08,2025-04-06,14,4,Spring,0,,0,Spring,258,63,13,87,6,14,4,2025,6,1,0.0,0.0,12.0,12.0,0,0
2025-04-06,ST06,SKU01723,15,172.85,11.52,1,2025-04-06,15,172.85,11.52,1,Health,14.45,20.35,2025-04-06,14,4,Spring,0,,0,Spring,179,35,4,42,6,14,4,2025,6,1,0.0,0.0,15.0,15.0,0,1
2025-04-06,ST06,SKU01724,20,2201.13,110.06,0,2025-04-06,20,2201.13,110.06,0,Health,38.06,66.98,2025-04-06,14,4,Spring,0,,0,Spring,320,88,9,89,6,14,4,2025,6,1,0.0,0.0,20.0,20.0,0,0
2025-04-06,ST07,SKU01725,25,878.1,35.12,0,2025-04-06,25,878.1,35.12,0,Food,22.65,44.35,2025-04-06,14,4,Spring,0,,0,Spring,327,62,12,54,6,14,4,2025,6,1,0.0,0.0,25.0,25.0,0,0
2025-04-06,ST07,SKU01726,8,140.49,17.56,0,2025-04-06,8,140.49,17.56,0,Clothing,39.36,50.65,2025-04-06,14,4,Spring,0,,0,Spring,150,47,13,67,6,14,4,2025,6,1,0.0,0.0,8.0,8.0,0,0
2025-04-06,ST08,SKU01727,30,445.26,14.84,0,2025-04-06,30,445.26,14.84,0,Food,32.91,52.07,2025-04-06,14,4,Spring,0,,0,Spring,90,44,10,69,6,14,4,2025,6,1,0.0,0.0,30.0,30.0,0,0
2025-04-06,ST08,SKU01728,12,823.25,68.6,0,2025-04-06,12,823.25,68.6,0,Health,39.56,67.36,2025-04-06,14,4,Spring,0,,0,Spring,415,96,3,86,6,14,4,2025,6,1,0.0,0.0,12.0,12.0,0,0
2025-04-06,ST09,SKU01729,15,267.35,17.82,0,2025-04-06,15,267.35,17.82,0,Clothing,25.26,41.05,2025-04-06,14,4,Spring,0,,0,Spring,179,95,11,91,6,14,4,2025,6,1,0.0,0.0,15.0,15.0,0,0
2025-04-06,ST09,SKU01730,20,898.08,44.9,0,2025-04-06,20,898.08,44.9,0,Food,44.94,76.41,2025-04-06,14,4,Spring,0,,0,Spring,186,67,3,46,6,14,4,2025,6,1,0.0,0.0,20.0,20.0,0,0
2025-04-06,ST10,SKU01731,25,399.18,15.97,0,2025-04-06,25,399.18,15.97,0,Clothing,46.58,86.47,2025-04-06,14,4,Spring,0,,0,Spring,166,49,10,87,6,14,4,2025,6,1,0.0,0.0,25.0,25.0,0,0
2025-04-06,ST10,SKU01732,8,567.86,70.98,0,2025-04-06,8,567.86,70.98,0,Sports,33.6,49.89,2025-04-06,14,4,Spring,0,,0,Spring,252,84,7,47,6,14,4,2025,6,1,0.0,0.0,8.0,8.0,0,0
2025-04-07,ST01,SKU01733,30,238.23,7.94,0,2025-04-07,30,238.23,7.94,0,Food,42.12,73.75,2025-04-07,15,4,Spring,0,,0,Spring,232,28,10,46,7,15,4,2025,0,0,0.0,0.0,30.0,30.0,0,0
2025-04-07,ST01,SKU01734,12,208.61,17.38,1,2025-04-07,12,208.61,17.38,1,Books,22.2,28.98,2025-04-07,15,4,Spring,0,,0,Spring,323,41,6,74,7,15,4,2025,0,0,0.0,0.0,12.0,12.0,0,1
2025-04-07,ST02,SKU01735,15,172.85,11.52,0,2025-04-07,15,172.85,11.52,0,Health,48.55,83.8,2025-04-07,15,4,Spring,0,,0,Spring,131,16,11,43,7,15,4,2025,0,0,0.0,0.0,15.0,15.0,0,0
2025-04-07,ST02,SKU01736,20,2201.13,110.06,0,2025-04-07,20,2201.13,110.06,0,Home & Garden,33.93,57.02,2025-04-07,15,4,Spring,0,,0,Spring,482,28,6,49,7,15,4,2025,0,0,0.0,0.0,20.0,20.0,0,0
2025-04-07,ST03,SKU01737,25,878.1,35.12,0,2025-04-07,25,878.1,35.12,0,Automotive,28.67,51.83,2025-04-07,15,4,Spring,0,,0,Spring,425,46,13,38,7,15,4,2025,0,0,0.0,0.0,25.0,25.0,0,0
2025-04-07,ST03,SKU01738,8,140.49,17.56,0,2025-04-07,8,140.49,17.56,0,Electronics,13.69,21.59,2025-04-07,15,4,Spring,0,,0,Spring,254,78,13,44,7,15,4,2025,0,0,0.0,0.0,8.0,8.0,0,0
2025-04-07,ST04,SKU01739,30,445.26,14.84,0,2025-04-07,30,445.26,14.84,0,Health,13.11,16.88,2025-04-07,15,4,Spring,0,,0,Spring,296,18,12,81,7,15,4,2025,0,0,0.0,0.0,30.0,30.0,0,0
2025-04-07,ST04,SKU01740,12,823.25,68.6,0,2025-04-07,12,823.25,68.6,0,Food,23.59,32.07,2025-04-07,15,4,Spring,0,,0,Spring,75,88,12,55,7,15,4,2025,0,0,0.0,0.0,12.0,12.0,0,0
2025-04-07,ST05,SKU01741,15,267.35,17.82,0,2025-04-07,15,267.35,17.82,0,Toys,8.25,13.7,2025-04-07,15,4,Spring,0,,0,Spring,223,91,3,82,7,15,4,2025,0,0,0.0,0.0,15.0,15.0,0,0
2025-04-07,ST05,SKU01742,20,898.08,44.9,0,2025-04-07,20,898.08,44.9,0,Health,37.64,56.02,2025-04-07,15,4,Spring,0,,0,Spring,180,65,3,71,7,15,4,2025,0,0,0.0,0.0,20.0,20.0,0,0
2025-04-07,ST06,SKU01743,25,399.18,15.97,1,2025-04-07,25,399.18,15.97,1,Books,22.41,28.33,2025-04-07,15,4,Spring,0,,0,Spring,324,16,3,78,7,15,4,2025,0,0,0.0,0.0,25.0,25.0,0,1
2025-04-07,ST06,SKU01744,8,567.86,70.98,0,2025-04-07,8,567.86,70.98,0,Beauty,14.32,23.41,2025-04-07,15,4,Spring,0,,0,Spring,233,62,5,78,7,15,4,2025,0,0,0.0,0.0,8.0,8.0,0,0
2025-04-07,ST07,SKU01745,30,238.23,7.94,0,2025-04-07,30,238.23,7.94,0,Beauty,45.99,55.41,2025-04-07,15,4,Spring,0,,0,Spring,104,25,5,81,7,15,4,2025,0,0,0.0,0.0,30.0,30.0,0,0
2025-04-07,ST07,SKU01746,12,208.61,17.38,0,2025-04-07,12,208.61,17.38,0,Automotive,16.05,29.69,2025-04-07,15,4,Spring,0,,0,Spring,405,6,6,45,7,15,4,2025,0,0,0.0,0.0,12.0,12.0,0,0
2025-04-07,ST08,SKU01747,15,172.85,11.52,0,2025-04-07,15,172.85,11.52,0,Sports,46.67,62.04,2025-04-07,15,4,Spring,0,,0,Spring,457,60,8,91,7,15,4,2025,0,0,0.0,0.0,15.0,15.0,0,0
2025-04-07,ST08,SKU01748,20,2201.13,110.06,0,2025-04-07,20,2201.13,110.06,0,Beauty,37.16,51.74,2025-04-07,15,4,Spring,0,,0,Spring,178,48,11,39,7,15,4,2025,0,0,0.0,0.0,20.0,20.0,0,0
2025-04-07,ST09,SKU01749,25,878.1,35.12,0,2025-04-07,25,878.1,35.12,0,Clothing,44.8,73.62,2025-04-07,15,4,Spring,0,,0,Spring,167,79,12,58,7,15,4,2025,0,0,0.0,0.0,25.0,25.0,0,0
2025-04-07,ST09,SKU01750,8,140.49,17.56,0,2025-04-07,8,140.49,17.56,0,Electronics,13.8,18.39,2025-04-07,15,4,Spring,0,,0,Spring,397,5,6,72,7,15,4,2025,0,0,0.0,0.0,8.0,8.0,0,0
2025-04-07,ST10,SKU01751,30,445.26,14.84,0,2025-04-07,30,445.26,14.84,0,Books,31.97,43.51,2025-04-07,15,4,Spring,0,,0,Spring,203,89,9,62,7,15,4,2025,0,0,0.0,0.0,30.0,30.0,0,0
2025-04-07,ST10,SKU01752,12,823.25,68.6,0,2025-04-07,12,823.25,68.6,0,Electronics,10.17,12.24,2025-04-07,15,4,Spring,0,,0,Spring,75,44,6,92,7,15,4,2025,0,0,0.0,0.0,12.0,12.0,0,0
2025-04-08,ST01,SKU01753,15,267.35,17.82,0,2025-04-08,15,267.35,17.82,0,Sports,31.24,51.96,2025-04-08,15,4,Spring,0,,0,Spring,485,67,12,31,8,15,4,2025,1,0,0.0,0.0,15.0,15.0,0,0
2025-04-08,ST01,SKU01754,20,898.08,44.9,1,2025-04-08,20,898.08,44.9,1,Automotive,19.13,30.6,2025-04-08,15,4,Spring,0,,0,Spring,447,29,3,41,8,15,4,2025,1,0,0.0,0.0,20.0,20.0,0,1
2025-04-08,ST02,SKU01755,25,399.18,15.97,0,2025-04-08,25,399.18,15.97,0,Books,44.27,56.21,2025-04-08,15,4,Spring,0,,0,Spring,267,43,3,42,8,15,4,2025,1,0,0.0,0.0,25.0,25.0,0,0
2025-04-08,ST02,SKU01756,8,567.86,70.98,0,2025-04-08,8,567.86,70.98,0,Health,24.07,35.47,2025-04-08,15,4,Spring,0,,0,Spring,127,87,4,55,8,15,4,2025,1,0,0.0,0.0,8.0,8.0,0,0
2025-04-08,ST03,SKU01757,30,238.23,7.94,0,2025-04-08,30,238.23,7.94,0,Electronics,25.02,39.81,2025-04-08,15,4,Spring,0,,0,Spring,198,27,6,69,8,15,4,2025,1,0,0.0,0.0,30.0,30.0,0,0
2025-04-08,ST03,SKU01758,12,208.61,17.38,0,2025-04-08,12,208.61,17.38,0,Clothing,46.27,76.02,2025-04-08,15,4,Spring,0,,0,Spring,115,72,9,52,8,15,4,2025,1,0,0.0,0.0,12.0,12.0,0,0
2025-04-08,ST04,SKU01759,15,172.85,11.52,0,2025-04-08,15,172.85,11.52,0,Electronics,24.39,35.36,2025-04-08,15,4,Spring,0,,0,Spring,386,47,4,49,8,15,4,2025,1,0,0.0,0.0,15.0,15.0,0,0
2025-04-08,ST04,SKU01760,20,2201.13,110.06,0,2025-04-08,20,2201.13,110.06,0,Home & Garden,24.52,46.06,2025-04-08,15,4,Spring,0,,0,Spring,236,45,5,84,8,15,4,2025,1,0,0.0,0.0,20.0,20.0,0,0
2025-04-08,ST05,SKU01761,25,878.1,35.12,0,2025-04-08,25,878.1,35.12,0,Home & Garden,49.36,90.48,2025-04-08,15,4,Spring,0,,0,Spring,317,39,4,45,8,15,4,2025,1,0,0.0,0.0,25.0,25.0,0,0
2025-04-08,ST05,SKU01762,8,140.49,17.56,0,2025-04-08,8,140.49,17.56,0,Toys,33.04,59.26,2025-04-08,15,4,Spring,0,,0,Spring,388,33,8,93,8,15,4,2025,1,0,0.0,0.0,8.0,8.0,0,0
2025-04-08,ST06,SKU01763,30,445.26,14.84,1,2025-04-08,30,445.26,14.84,1,Beauty,43.03,65.23,2025-04-08,15,4,Spring,0,,0,Spring,405,21,4,41,8,15,4,2025,1,0,0.0,0.0,30.0,30.0,0,1
2025-04-08,ST06,SKU01764,12,823.25,68.6,0,2025-04-08,12,823.25,68.6,0,Electronics,5.9,7.38,2025-04-08,15,4,Spring,0,,0,Spring,229,93,7,80,8,15,4,2025,1,0,0.0,0.0,12.0,12.0,0,0
2025-04-08,ST07,SKU01765,15,267.35,17.82,0,2025-04-08,15,267.35,17.82,0,Health,31.25,49.11,2025-04-08,15,4,Spring,0,,0,Spring,120,95,5,35,8,15,4,2025,1,0,0.0,0.0,15.0,15.0,0,0
2025-04-08,ST07,SKU01766,20,898.08,44.9,0,2025-04-08,20,898.08,44.9,0,Toys,33.56,45.28,2025-04-08,15,4,Spring,0,,0,Spring,133,26,7,77,8,15,4,2025,1,0,0.0,0.0,20.0,20.0,0,0
2025-04-08,ST08,SKU01767,25,399.18,15.97,0,2025-04-08,25,399.18,15.97,0,Automotive,14.86,19.17,2025-04-08,15,4,Spring,0,,0,Spring,184,58,7,40,8,15,4,2025,1,0,0.0,0.0,25.0,25.0,0,0
2025-04-08,ST08,SKU01768,8,567.86,70.98,0,2025-04-08,8,567.86,70.98,0,Food,26.81,32.75,2025-04-08,15,4,Spring,0,,0,Spring,192,63,5,98,8,15,4,2025,1,0,0.0,0.0,8.0,8.0,0,0
2025-04-08,ST09,SKU01769,30,238.23,7.94,0,2025-04-08,30,238.23,7.94,0,Sports,14.72,29.06,2025-04-08,15,4,Spring,0,,0,Spring,72,52,7,38,8,15,4,2025,1,0,0.0,0.0,30.0,30.0,0,0
2025-04-08,ST09,SKU01770,12,208.61,17.38,0,2025-04-08,12,208.61,17.38,0,Health,48.07,74.11,2025-04-08,15,4,Spring,0,,0,Spring,320,2,8,46,8,15,4,2025,1,0,0.0,0.0,12.0,12.0,0,0
2025-04-08,ST10,SKU01771,15,172.85,11.52,0,2025-04-08,15,172.85,11.52,0,Electronics,45.41,73.56,2025-04-08,15,4,Spring,0,,0,Spring,203,20,10,50,8,15,4,2025,1,0,0.0,0.0,15.0,15.0,0,0
2025-04-08,ST10,SKU01772,20,2201.13,110.06,0,2025-04-08,20,2201.13,110.06,0,Beauty,35.63,61.76,2025-04-08,15,4,Spring,0,,0,Spring,426,10,8,64,8,15,4,2025,1,0,0.0,0.0,20.0,20.0,0,0
2025-04-09,ST01,SKU01773,25,878.1,35.12,0,2025-04-09,25,878.1,35.12,0,Books,14.27,17.13,2025-04-09,15,4,Spring,0,,0,Spring,168,13,9,43,9,15,4,2025,2,0,0.0,0.0,25.0,25.0,0,0
2025-04-09,ST01,SKU01774,8,140.49,17.56,1,2025-04-09,8,140.49,17.56,1,Clothing,5.99,8.91,2025-04-09,15,4,Spring,0,,0,Spring,315,11,8,63,9,15,4,2025,2,0,0.0,0.0,8.0,8.0,0,1
2025-04-09,ST02,SKU01775,30,445.26,14.84,0,2025-04-09,30,445.26,14.84,0,Food,22.45,29.42,2025-04-09,15,4,Spring,0,,0,Spring,218,9,12,46,9,15,4,2025,2,0,0.0,0.0,30.0,30.0,0,0
2025-04-09,ST02,SKU01776,12,823.25,68.6,0,2025-04-09,12,823.25,68.6,0,Clothing,11.89,21.2,2025-04-09,15,4,Spring,0,,0,Spring,194,66,5,30,9,15,4,2025,2,0,0.0,0.0,12.0,12.0,0,0
2025-04-09,ST03,SKU01777,15,267.35,17.82,0,2025-04-09,15,267.35,17.82,0,Home & Garden,27.16,47.81,2025-04-09,15,4,Spring,0,,0,Spring,317,3,12,42,9,15,4,2025,2,0,0.0,0.0,15.0,15.0,0,0
2025-04-09,ST03,SKU01778,20,898.08,44.9,0,2025-04-09,20,898.08,44.9,0,Sports,23.82,34.48,2025-04-09,15,4,Spring,0,,0,Spring,403,84,8,33,9,15,4,2025,2,0,0.0,0.0,20.0,20.0,0,0
2025-04-09,ST04,SKU01779,25,399.18,15.97,0,2025-04-09,25,399.18,15.97,0,Toys,27.38,36.76,2025-04-09,15,4,Spring,0,,0,Spring,387,68,5,31,9,15,4,2025,2,0,0.0,0.0,25.0,25.0,0,0
2025-04-09,ST04,SKU01780,8,567.86,70.98,0,2025-04-09,8,567.86,70.98,0,Clothing,19.75,36.59,2025-04-09,15,4,Spring,0,,0,Spring,61,80,12,35,9,15,4,2025,2,0,0.0,0.0,8.0,8.0,0,0
2025-04-09,ST05,SKU01781,30,238.23,7.94,0,2025-04-09,30,238.23,7.94,0,Books,22.71,35.86,2025-04-09,15,4,Spring,0,,0,Spring,441,50,13,92,9,15,4,2025,2,0,0.0,0.0,30.0,30.0,0,0
2025-04-09,ST05,SKU01782,12,208.61,17.38,0,2025-04-09,12,208.61,17.38,0,Home & Garden,20.3,38.48,2025-04-09,15,4,Spring,0,,0,Spring,490,11,11,31,9,15,4,2025,2,0,0.0,0.0,12.0,12.0,0,0
2025-04-09,ST06,SKU01783,15,172.85,11.52,1,2025-04-09,15,172.85,11.52,1,Books,39.96,75.04,2025-04-09,15,4,Spring,0,,0,Spring,57,10,7,39,9,15,4,2025,2,0,0.0,0.0,15.0,15.0,0,1
2025-04-09,ST06,SKU01784,20,2201.13,110.06,0,2025-04-09,20,2201.13,110.06,0,Home & Garden,12.45,21.97,2025-04-09,15,4,Spring,0,,0,Spring,261,7,6,43,9,15,4,2025,2,0,0.0,0.0,20.0,20.0,0,0
2025-04-09,ST07,SKU01785,25,878.1,35.12,0,2025-04-09,25,878.1,35.12,0,Books,10.36,13.6,2025-04-09,15,4,Spring,0,,0,Spring,289,53,4,50,9,15,4,2025,2,0,0.0,0.0,25.0,25.0,0,0
2025-04-09,ST07,SKU01786,8,140.49,17.56,0,2025-04-09,8,140.49,17.56,0,Toys,14.53,17.92,2025-04-09,15,4,Spring,0,,0,Spring,285,49,9,49,9,15,4,2025,2,0,0.0,0.0,8.0,8.0,0,0
2025-04-09,ST08,SKU01787,30,445.26,14.84,0,2025-04-09,30,445.26,14.84,0,Books,42.64,75.2,2025-04-09,15,4,Spring,0,,0,Spring,265,86,9,38,9,15,4,2025,2,0,0.0,0.0,30.0,30.0,0,0
2025-04-09,ST08,SKU01788,12,823.25,68.6,0,2025-04-09,12,823.25,68.6,0,Health,35.01,54.21,2025-04-09,15,4,Spring,0,,0,Spring,178,25,8,67,9,15,4,2025,2,0,0.0,0.0,12.0,12.0,0,0
2025-04-09,ST09,SKU01789,15,267.35,17.82,0,2025-04-09,15,267.35,17.82,0,Food,37.37,72.64,2025-04-09,15,4,Spring,0,,0,Spring,295,60,8,73,9,15,4,2025,2,0,0.0,0.0,15.0,15.0,0,0
2025-04-09,ST09,SKU01790,20,898.08,44.9,0,2025-04-09,20,898.08,44.9,0,Food,16.65,20.68,2025-04-09,15,4,Spring,0,,0,Spring,379,61,12,35,9,15,4,2025,2,0,0.0,0.0,20.0,20.0,0,0
2025-04-09,ST10,SKU01791,25,399.18,15.97,0,2025-04-09,25,399.18,15.97,0,Health,9.56,17.53,2025-04-09,15,4,Spring,0,,0,Spring,194,50,4,67,9,15,4,2025,2,0,0.0,0.0,25.0,25.0,0,0
2025-04-09,ST10,SKU01792,8,567.86,70.98,0,2025-04-09,8,567.86,70.98,0,Home & Garden,26.7,33.27,2025-04-09,15,4,Spring,0,,0,Spring,457,50,12,50,9,15,4,2025,2,0,0.0,0.0,8.0,8.0,0,0
2025-04-10,ST01,SKU01793,30,238.23,7.94,0,2025-04-10,30,238.23,7.94,0,Health,12.48,18.77,2025-04-10,15,4,Spring,0,,0,Spring,297,69,7,86,10,15,4,2025,3,0,0.0,0.0,30.0,30.0,0,0
2025-04-10,ST01,SKU01794,12,208.61,17.38,1,2025-04-10,12,208.61,17.38,1,Toys,45.43,75.69,2025-04-10,15,4,Spring,0,,0,Spring,431,38,10,62,10,15,4,2025,3,0,0.0,0.0,12.0,12.0,0,1
2025-04-10,ST02,SKU01795,15,172.85,11.52,0,2025-04-10,15,172.85,11.52,0,Home & Garden,46.52,84.19,2025-04-10,15,4,Spring,0,,0,Spring,492,17,10,86,10,15,4,2025,3,0,0.0,0.0,15.0,15.0,0,0
2025-04-10,ST02,SKU01796,20,2201.13,110.06,0,2025-04-10,20,2201.13,110.06,0,Clothing,13.27,19.41,2025-04-10,15,4,Spring,0,,0,Spring,293,95,12,56,10,15,4,2025,3,0,0.0,0.0,20.0,20.0,0,0
2025-04-10,ST03,SKU01797,25,878.1,35.12,0,2025-04-10,25,878.1,35.12,0,Automotive,32.11,51.12,2025-04-10,15,4,Spring,0,,0,Spring,123,51,12,61,10,15,4,2025,3,0,0.0,0.0,25.0,25.0,0,0
2025-04-10,ST03,SKU01798,8,140.49,17.56,0,2025-04-10,8,140.49,17.56,0,Beauty,17.58,23.02,2025-04-10,15,4,Spring,0,,0,Spring,283,25,11,52,10,15,4,2025,3,0,0.0,0.0,8.0,8.0,0,0
2025-04-10,ST04,SKU01799,30,445.26,14.84,0,2025-04-10,30,445.26,14.84,0,Sports,13.89,25.62,2025-04-10,15,4,Spring,0,,0,Spring,275,56,6,60,10,15,4,2025,3,0,0.0,0.0,30.0,30.0,0,0
2025-04-10,ST04,SKU01800,12,823.25,68.6,0,2025-04-10,12,823.25,68.6,0,Beauty,39.85,60.11,2025-04-10,15,4,Spring,0,,0,Spring,113,70,10,62,10,15,4,2025,3,0,0.0,0.0,12.0,12.0,0,0
2025-04-10,ST05,SKU01801,15,267.35,17.82,0,2025-04-10,15,267.35,17.82,0,Toys,38.75,71.45,2025-04-10,15,4,Spring,0,,0,Spring,262,1,4,76,10,15,4,2025,3,0,0.0,0.0,15.0,15.0,0,0
2025-04-10,ST05,SKU01802,20,898.08,44.9,0,2025-04-10,20,898.08,44.9,0,Clothing,8.14,15.58,2025-04-10,15,4,Spring,0,,0,Spring,466,97,6,64,10,15,4,2025,3,0,0.0,0.0,20.0,20.0,0,0
2025-04-10,ST06,SKU01803,25,399.18,15.97,1,2025-04-10,25,399.18,15.97,1,Food,27.61,40.37,2025-04-10,15,4,Spring,0,,0,Spring,484,17,10,59,10,15,4,2025,3,0,0.0,0.0,25.0,25.0,0,1
2025-04-10,ST06,SKU01804,8,567.86,70.98,0,2025-04-10,8,567.86,70.98,0,Toys,42.64,80.59,2025-04-10,15,4,Spring,0,,0,Spring,221,52,12,81,10,15,4,2025,3,0,0.0,0.0,8.0,8.0,0,0
2025-04-10,ST07,SKU01805,30,238.23,7.94,0,2025-04-10,30,238.23,7.94,0,Toys,20.13,38.99,2025-04-10,15,4,Spring,0,,0,Spring,226,10,4,87,10,15,4,2025,3,0,0.0,0.0,30.0,30.0,0,0
2025-04-10,ST07,SKU01806,12,208.61,17.38,0,2025-04-10,12,208.61,17.38,0,Health,7.23,12.29,2025-04-10,15,4,Spring,0,,0,Spring,267,35,3,76,10,15,4,2025,3,0,0.0,0.0,12.0,12.0,0,0
2025-04-10,ST08,SKU01807,15,172.85,11.52,0,2025-04-10,15,172.85,11.52,0,Toys,26.83,34.02,2025-04-10,15,4,Spring,0,,0,Spring,62,39,11,97,10,15,4,2025,3,0,0.0,0.0,15.0,15.0,0,0
2025-04-10,ST08,SKU01808,20,2201.13,110.06,0,2025-04-10,20,2201.13,110.06,0,Beauty,20.18,27.11,2025-04-10,15,4,Spring,0,,0,Spring,91,18,4,48,10,15,4,2025,3,0,0.0,0.0,20.0,20.0,0,0
2025-04-10,ST09,SKU01809,25,878.1,35.12,0,2025-04-10,25,878.1,35.12,0,Automotive,15.65,24.83,2025-04-10,15,4,Spring,0,,0,Spring,491,22,13,83,10,15,4,2025,3,0,0.0,0.0,25.0,25.0,0,0
2025-04-10,ST09,SKU01810,8,140.49,17.56,0,2025-04-10,8,140.49,17.56,0,Clothing,8.37,10.76,2025-04-10,15,4,Spring,0,,0,Spring,257,64,10,63,10,15,4,2025,3,0,0.0,0.0,8.0,8.0,0,0
2025-04-10,ST10,SKU01811,30,445.26,14.84,0,2025-04-10,30,445.26,14.84,0,Health,13.77,22.09,2025-04-10,15,4,Spring,0,,0,Spring,358,7,4,86,10,15,4,2025,3,0,0.0,0.0,30.0,30.0,0,0
2025-04-10,ST10,SKU01812,12,823.25,68.6,0,2025-04-10,12,823.25,68.6,0,Sports,22.01,43.69,2025-04-10,15,4,Spring,0,,0,Spring,161,4,12,59,10,15,4,2025,3,0,0.0,0.0,12.0,12.0,0,0
2025-04-11,ST01,SKU01813,15,267.35,17.82,0,2025-04-11,15,267.35,17.82,0,Automotive,10.36,12.74,2025-04-11,15,4,Spring,0,,0,Spring,231,12,5,58,11,15,4,2025,4,0,0.0,0.0,15.0,15.0,0,0
2025-04-11,ST01,SKU01814,20,898.08,44.9,1,2025-04-11,20,898.08,44.9,1,Sports,24.12,36.34,2025-04-11,15,4,Spring,0,,0,Spring,308,89,10,87,11,15,4,2025,4,0,0.0,0.0,20.0,20.0,0,1
2025-04-11,ST02,SKU01815,25,399.18,15.97,0,2025-04-11,25,399.18,15.97,0,Food,24.71,46.33,2025-04-11,15,4,Spring,0,,0,Spring,299,75,4,57,11,15,4,2025,4,0,0.0,0.0,25.0,25.0,0,0
2025-04-11,ST02,SKU01816,8,567.86,70.98,0,2025-04-11,8,567.86,70.98,0,Clothing,9.53,14.43,2025-04-11,15,4,Spring,0,,0,Spring,131,76,7,31,11,15,4,2025,4,0,0.0,0.0,8.0,8.0,0,0
2025-04-11,ST03,SKU01817,30,238.23,7.94,0,2025-04-11,30,238.23,7.94,0,Sports,25.21,41.9,2025-04-11,15,4,Spring,0,,0,Spring,176,6,12,45,11,15,4,2025,4,0,0.0,0.0,30.0,30.0,0,0
2025-04-11,ST03,SKU01818,12,208.61,17.38,0,2025-04-11,12,208.61,17.38,0,Toys,34.42,50.95,2025-04-11,15,4,Spring,0,,0,Spring,200,39,11,61,11,15,4,2025,4,0,0.0,0.0,12.0,12.0,0,0
2025-04-11,ST04,SKU01819,15,172.85,11.52,0,2025-04-11,15,172.85,11.52,0,Beauty,9.8,14.63,2025-04-11,15,4,Spring,0,,0,Spring,320,12,7,81,11,15,4,2025,4,0,0.0,0.0,15.0,15.0,0,0
2025-04-11,ST04,SKU01820,20,2201.13,110.06,0,2025-04-11,20,2201.13,110.06,0,Health,23.19,46.26,2025-04-11,15,4,Spring,0,,0,Spring,382,40,7,79,11,15,4,2025,4,0,0.0,0.0,20.0,20.0,0,0
2025-04-11,ST05,SKU01821,25,878.1,35.12,0,2025-04-11,25,878.1,35.12,0,Clothing,48.65,92.05,2025-04-11,15,4,Spring,0,,0,Spring,192,6,10,57,11,15,4,2025,4,0,0.0,0.0,25.0,25.0,0,0
2025-04-11,ST05,SKU01822,8,140.49,17.56,0,2025-04-11,8,140.49,17.56,0,Beauty,28.27,53.11,2025-04-11,15,4,Spring,0,,0,Spring,465,98,6,99,11,15,4,2025,4,0,0.0,0.0,8.0,8.0,0,0
2025-04-11,ST06,SKU01823,30,445.26,14.84,1,2025-04-11,30,445.26,14.84,1,Clothing,25.5,40.44,2025-04-11,15,4,Spring,0,,0,Spring,114,3,13,55,11,15,4,2025,4,0,0.0,0.0,30.0,30.0,0,1
2025-04-11,ST06,SKU01824,12,823.25,68.6,0,2025-04-11,12,823.25,68.6,0,Food,16.93,22.62,2025-04-11,15,4,Spring,0,,0,Spring,494,36,9,69,11,15,4,2025,4,0,0.0,0.0,12.0,12.0,0,0
2025-04-11,ST07,SKU01825,15,267.35,17.82,0,2025-04-11,15,267.35,17.82,0,Beauty,23.86,30.8,2025-04-11,15,4,Spring,0,,0,Spring,200,15,6,60,11,15,4,2025,4,0,0.0,0.0,15.0,15.0,0,0
2025-04-11,ST07,SKU01826,20,898.08,44.9,0,2025-04-11,20,898.08,44.9,0,Clothing,46.08,77.79,2025-04-11,15,4,Spring,0,,0,Spring,358,24,12,38,11,15,4,2025,4,0,0.0,0.0,20.0,20.0,0,0
2025-04-11,ST08,SKU01827,25,399.18,15.97,0,2025-04-11,25,399.18,15.97,0,Toys,16.24,23.95,2025-04-11,15,4,Spring,0,,0,Spring,61,68,8,83,11,15,4,2025,4,0,0.0,0.0,25.0,25.0,0,0
2025-04-11,ST08,SKU01828,8,567.86,70.98,0,2025-04-11,8,567.86,70.98,0,Health,28.19,36.13,2025-04-11,15,4,Spring,0,,0,Spring,333,55,5,98,11,15,4,2025,4,0,0.0,0.0,8.0,8.0,0,0
2025-04-11,ST09,SKU01829,30,238.23,7.94,0,2025-04-11,30,238.23,7.94,0,Clothing,5.72,11.28,2025-04-11,15,4,Spring,0,,0,Spring,415,97,9,87,11,15,4,2025,4,0,0.0,0.0,30.0,30.0,0,0
2025-04-11,ST09,SKU01830,12,208.61,17.38,0,2025-04-11,12,208.61,17.38,0,Books,32.14,40.62,2025-04-11,15,4,Spring,0,,0,Spring,127,74,12,67,11,15,4,2025,4,0,0.0,0.0,12.0,12.0,0,0
2025-04-11,ST10,SKU01831,15,172.85,11.52,0,2025-04-11,15,172.85,11.52,0,Books,22.73,42.76,2025-04-11,15,4,Spring,0,,0,Spring,373,52,3,85,11,15,4,2025,4,0,0.0,0.0,15.0,15.0,0,0
2025-04-11,ST10,SKU01832,20,2201.13,110.06,0,2025-04-11,20,2201.13,110.06,0,Food,31.18,56.53,2025-04-11,15,4,Spring,0,,0,Spring,154,71,7,80,11,15,4,2025,4,0,0.0,0.0,20.0,20.0,0,0
2025-04-12,ST01,SKU01833,25,878.1,35.12,0,2025-04-12,25,878.1,35.12,0,Books,29.18,39.5,2025-04-12,15,4,Spring,0,Easter Sale,0,Spring,123,42,11,44,12,15,4,2025,5,1,0.0,0.0,25.0,25.0,0,0
2025-04-12,ST01,SKU01834,8,140.49,17.56,1,2025-04-12,8,140.49,17.56,1,Sports,33.06,43.14,2025-04-12,15,4,Spring,0,Easter Sale,0,Spring,215,14,7,83,12,15,4,2025,5,1,0.0,0.0,8.0,8.0,0,1
2025-04-12,ST02,SKU01835,30,445.26,14.84,0,2025-04-12,30,445.26,14.84,0,Clothing,43.02,68.02,2025-04-12,15,4,Spring,0,Easter Sale,0,Spring,356,9,8,33,12,15,4,2025,5,1,0.0,0.0,30.0,30.0,0,0
2025-04-12,ST02,SKU01836,12,823.25,68.6,0,2025-04-12,12,823.25,68.6,0,Food,39.22,68.28,2025-04-12,15,4,Spring,0,Easter Sale,0,Spring,400,17,10,65,12,15,4,2025,5,1,0.0,0.0,12.0,12.0,0,0
2025-04-12,ST03,SKU01837,15,267.35,17.82,0,2025-04-12,15,267.35,17.82,0,Sports,39.04,61.66,2025-04-12,15,4,Spring,0,Easter Sale,0,Spring,330,86,4,65,12,15,4,2025,5,1,0.0,0.0,15.0,15.0,0,0
2025-04-12,ST03,SKU01838,20,898.08,44.9,0,2025-04-12,20,898.08,44.9,0,Health,47.49,94.81,2025-04-12,15,4,Spring,0,Easter Sale,0,Spring,150,66,11,90,12,15,4,2025,5,1,0.0,0.0,20.0,20.0,0,0
2025-04-12,ST04,SKU01839,25,399.18,15.97,0,2025-04-12,25,399.18,15.97,0,Books,26.09,34.39,2025-04-12,15,4,Spring,0,Easter Sale,0,Spring,358,17,13,64,12,15,4,2025,5,1,0.0,0.0,25.0,25.0,0,0
2025-04-12,ST04,SKU01840,8,567.86,70.98,0,2025-04-12,8,567.86,70.98,0,Food,14.41,18.79,2025-04-12,15,4,Spring,0,Easter Sale,0,Spring,112,97,11,33,12,15,4,2025,5,1,0.0,0.0,8.0,8.0,0,0
2025-04-12,ST05,SKU01841,30,238.23,7.94,0,2025-04-12,30,238.23,7.94,0,Sports,42.74,78.93,2025-04-12,15,4,Spring,0,Easter Sale,0,Spring,398,40,4,57,12,15,4,2025,5,1,0.0,0.0,30.0,30.0,0,0
2025-04-12,ST05,SKU01842,12,208.61,17.38,0,2025-04-12,12,208.61,17.38,0,Health,6.55,10.2,2025-04-12,15,4,Spring,0,Easter Sale,0,Spring,219,79,6,98,12,15,4,2025,5,1,0.0,0.0,12.0,12.0,0,0
2025-04-12,ST06,SKU01843,15,172.85,11.52,1,2025-04-12,15,172.85,11.52,1,Books,18.58,22.85,2025-04-12,15,4,Spring,0,Easter Sale,0,Spring,403,0,9,46,12,15,4,2025,5,1,0.0,0.0,15.0,15.0,0,1
2025-04-12,ST06,SKU01844,20,2201.13,110.06,0,2025-04-12,20,2201.13,110.06,0,Automotive,29.23,56.42,2025-04-12,15,4,Spring,0,Easter Sale,0,Spring,417,90,10,64,12,15,4,2025,5,1,0.0,0.0,20.0,20.0,0,0
2025-04-12,ST07,SKU01845,25,878.1,35.12,0,2025-04-12,25,878.1,35.12,0,Toys,32.95,42.73,2025-04-12,15,4,Spring,0,Easter Sale,0,Spring,223,41,8,68,12,15,4,2025,5,1,0.0,0.0,25.0,25.0,0,0
2025-04-12,ST07,SKU01846,8,140.49,17.56,0,2025-04-12,8,140.49,17.56,0,Clothing,47.09,84.82,2025-04-12,15,4,Spring,0,Easter Sale,0,Spring,139,48,8,52,12,15,4,2025,5,1,0.0,0.0,8.0,8.0,0,0
2025-04-12,ST08,SKU01847,30,445.26,14.84,0,2025-04-12,30,445.26,14.84,0,Health,26.97,49.9,2025-04-12,15,4,Spring,0,Easter Sale,0,Spring,199,3,3,88,12,15,4,2025,5,1,0.0,0.0,30.0,30.0,0,0
2025-04-12,ST08,SKU01848,12,823.25,68.6,0,2025-04-12,12,823.25,68.6,0,Health,24.29,41.36,2025-04-12,15,4,Spring,0,Easter Sale,0,Spring,373,70,9,31,12,15,4,2025,5,1,0.0,0.0,12.0,12.0,0,0
2025-04-12,ST09,SKU01849,15,267.35,17.82,0,2025-04-12,15,267.35,17.82,0,Food,36.54,66.21,2025-04-12,15,4,Spring,0,Easter Sale,0,Spring,98,87,10,60,12,15,4,2025,5,1,0.0,0.0,15.0,15.0,0,0
2025-04-12,ST09,SKU01850,20,898.08,44.9,0,2025-04-12,20,898.08,44.9,0,Home & Garden,14.22,26.13,2025-04-12,15,4,Spring,0,Easter Sale,0,Spring,416,39,5,72,12,15,4,2025,5,1,0.0,0.0,20.0,20.0,0,0
2025-04-12,ST10,SKU01851,25,399.18,15.97,0,2025-04-12,25,399.18,15.97,0,Toys,18.96,28.81,2025-04-12,15,4,Spring,0,Easter Sale,0,Spring,147,54,10,78,12,15,4,2025,5,1,0.0,0.0,25.0,25.0,0,0
2025-04-12,ST10,SKU01852,8,567.86,70.98,0,2025-04-12,8,567.86,70.98,0,Toys,17.72,25.59,2025-04-12,15,4,Spring,0,Easter Sale,0,Spring,429,89,11,44,12,15,4,2025,5,1,0.0,0.0,8.0,8.0,0,0
2025-04-13,ST01,SKU01853,30,238.23,7.94,0,2025-04-13,30,238.23,7.94,0,Sports,46.33,57.34,2025-04-13,15,4,Spring,0,Easter Sale,0,Spring,76,67,6,96,13,15,4,2025,6,1,0.0,0.0,30.0,30.0,0,0
2025-04-13,ST01,SKU01854,12,208.61,17.38,1,2025-04-13,12,208.61,17.38,1,Sports,48.95,73.51,2025-04-13,15,4,Spring,0,Easter Sale,0,Spring,263,85,4,78,13,15,4,2025,6,1,0.0,0.0,12.0,12.0,0,1
2025-04-13,ST02,SKU01855,15,172.85,11.52,0,2025-04-13,15,172.85,11.52,0,Sports,33.3,57.02,2025-04-13,15,4,Spring,0,Easter Sale,0,Spring,125,54,7,85,13,15,4,2025,6,1,0.0,0.0,15.0,15.0,0,0
2025-04-13,ST02,SKU01856,20,2201.13,110.06,0,2025-04-13,20,2201.13,110.06,0,Books,13.13,25.71,2025-04-13,15,4,Spring,0,Easter Sale,0,Spring,245,94,12,82,13,15,4,2025,6,1,0.0,0.0,20.0,20.0,0,0
2025-04-13,ST03,SKU01857,25,878.1,35.12,0,2025-04-13,25,878.1,35.12,0,Automotive,19.68,35.52,2025-04-13,15,4,Spring,0,Easter Sale,0,Spring,133,78,9,57,13,15,4,2025,6,1,0.0,0.0,25.0,25.0,0,0
2025-04-13,ST03,SKU01858,8,140.49,17.56,0,2025-04-13,8,140.49,17.56,0,Sports,27.02,35.3,2025-04-13,15,4,Spring,0,Easter Sale,0,Spring,65,36,7,46,13,15,4,2025,6,1,0.0,0.0,8.0,8.0,0,0
2025-04-13,ST04,SKU01859,30,445.26,14.84,0,2025-04-13,30,445.26,14.84,0,Clothing,38.41,53.1,2025-04-13,15,4,Spring,0,Easter Sale,0,Spring,86,76,5,59,13,15,4,2025,6,1,0.0,0.0,30.0,30.0,0,0
2025-04-13,ST04,SKU01860,12,823.25,68.6,0,2025-04-13,12,823.25,68.6,0,Sports,18.5,29.21,2025-04-13,15,4,Spring,0,Easter Sale,0,Spring,94,17,6,81,13,15,4,2025,6,1,0.0,0.0,12.0,12.0,0,0
2025-04-13,ST05,SKU01861,15,267.35,17.82,0,2025-04-13,15,267.35,17.82,0,Food,34.87,45.14,2025-04-13,15,4,Spring,0,Easter Sale,0,Spring,68,43,9,73,13,15,4,2025,6,1,0.0,0.0,15.0,15.0,0,0
2025-04-13,ST05,SKU01862,20,898.08,44.9,0,2025-04-13,20,898.08,44.9,0,Beauty,31.25,59.61,2025-04-13,15,4,Spring,0,Easter Sale,0,Spring,166,67,13,63,13,15,4,2025,6,1,0.0,0.0,20.0,20.0,0,0
2025-04-13,ST06,SKU01863,25,399.18,15.97,1,2025-04-13,25,399.18,15.97,1,Food,5.75,8.46,2025-04-13,15,4,Spring,0,Easter Sale,0,Spring,243,68,9,39,13,15,4,2025,6,1,0.0,0.0,25.0,25.0,0,1
2025-04-13,ST06,SKU01864,8,567.86,70.98,0,2025-04-13,8,567.86,70.98,0,Food,23.87,42.03,2025-04-13,15,4,Spring,0,Easter Sale,0,Spring,91,40,9,98,13,15,4,2025,6,1,0.0,0.0,8.0,8.0,0,0
2025-04-13,ST07,SKU01865,30,238.23,7.94,0,2025-04-13,30,238.23,7.94,0,Automotive,31.34,44.03,2025-04-13,15,4,Spring,0,Easter Sale,0,Spring,427,9,12,89,13,15,4,2025,6,1,0.0,0.0,30.0,30.0,0,0
2025-04-13,ST07,SKU01866,12,208.61,17.38,0,2025-04-13,12,208.61,17.38,0,Electronics,36.13,62.47,2025-04-13,15,4,Spring,0,Easter Sale,0,Spring,177,50,7,37,13,15,4,2025,6,1,0.0,0.0,12.0,12.0,0,0
2025-04-13,ST08,SKU01867,15,172.85,11.52,0,2025-04-13,15,172.85,11.52,0,Beauty,18.98,30.59,2025-04-13,15,4,Spring,0,Easter Sale,0,Spring,242,91,3,59,13,15,4,2025,6,1,0.0,0.0,15.0,15.0,0,0
2025-04-13,ST08,SKU01868,20,2201.13,110.06,0,2025-04-13,20,2201.13,110.06,0,Food,45.95,81.5,2025-04-13,15,4,Spring,0,Easter Sale,0,Spring,262,48,11,46,13,15,4,2025,6,1,0.0,0.0,20.0,20.0,0,0
2025-04-13,ST09,SKU01869,25,878.1,35.12,0,2025-04-13,25,878.1,35.12,0,Automotive,40.9,77.36,2025-04-13,15,4,Spring,0,Easter Sale,0,Spring,118,57,11,91,13,15,4,2025,6,1,0.0,0.0,25.0,25.0,0,0
2025-04-13,ST09,SKU01870,8,140.49,17.56,0,2025-04-13,8,140.49,17.56,0,Sports,47.25,67.85,2025-04-13,15,4,Spring,0,Easter Sale,0,Spring,357,60,10,67,13,15,4,2025,6,1,0.0,0.0,8.0,8.0,0,0
2025-04-13,ST10,SKU01871,30,445.26,14.84,0,2025-04-13,30,445.26,14.84,0,Sports,39.06,68.41,2025-04-13,15,4,Spring,0,Easter Sale,0,Spring,220,62,5,79,13,15,4,2025,6,1,0.0,0.0,30.0,30.0,0,0
2025-04-13,ST10,SKU01872,12,823.25,68.6,0,2025-04-13,12,823.25,68.6,0,Clothing,43.83,69.45,2025-04-13,15,4,Spring,0,Easter Sale,0,Spring,210,12,10,91,13,15,4,2025,6,1,0.0,0.0,12.0,12.0,0,0
2025-04-14,ST01,SKU01873,15,267.35,17.82,0,2025-04-14,15,267.35,17.82,0,Electronics,10.0,12.25,2025-04-14,16,4,Spring,0,Easter Sale,0,Spring,270,42,3,65,14,16,4,2025,0,0,0.0,0.0,15.0,15.0,0,0
2025-04-14,ST01,SKU01874,20,898.08,44.9,1,2025-04-14,20,898.08,44.9,1,Sports,44.5,60.66,2025-04-14,16,4,Spring,0,Easter Sale,0,Spring,427,9,8,86,14,16,4,2025,0,0,0.0,0.0,20.0,20.0,0,1
2025-04-14,ST02,SKU01875,25,399.18,15.97,0,2025-04-14,25,399.18,15.97,0,Food,12.13,15.16,2025-04-14,16,4,Spring,0,Easter Sale,0,Spring,434,70,12,50,14,16,4,2025,0,0,0.0,0.0,25.0,25.0,0,0
2025-04-14,ST02,SKU01876,8,567.86,70.98,0,2025-04-14,8,567.86,70.98,0,Food,48.73,78.46,2025-04-14,16,4,Spring,0,Easter Sale,0,Spring,141,79,10,49,14,16,4,2025,0,0,0.0,0.0,8.0,8.0,0,0
2025-04-14,ST03,SKU01877,30,238.23,7.94,0,2025-04-14,30,238.23,7.94,0,Electronics,26.12,49.28,2025-04-14,16,4,Spring,0,Easter Sale,0,Spring,231,24,7,50,14,16,4,2025,0,0,0.0,0.0,30.0,30.0,0,0
2025-04-14,ST03,SKU01878,12,208.61,17.38,0,2025-04-14,12,208.61,17.38,0,Clothing,12.91,20.78,2025-04-14,16,4,Spring,0,Easter Sale,0,Spring,67,46,8,86,14,16,4,2025,0,0,0.0,0.0,12.0,12.0,0,0
2025-04-14,ST04,SKU01879,15,172.85,11.52,0,2025-04-14,15,172.85,11.52,0,Sports,40.1,63.25,2025-04-14,16,4,Spring,0,Easter Sale,0,Spring,142,18,3,94,14,16,4,2025,0,0,0.0,0.0,15.0,15.0,0,0
2025-04-14,ST04,SKU01880,20,2201.13,110.06,0,2025-04-14,20,2201.13,110.06,0,Food,5.43,6.84,2025-04-14,16,4,Spring,0,Easter Sale,0,Spring,286,2,12,50,14,16,4,2025,0,0,0.0,0.0,20.0,20.0,0,0
2025-04-14,ST05,SKU01881,25,878.1,35.12,0,2025-04-14,25,878.1,35.12,0,Clothing,41.92,50.55,2025-04-14,16,4,Spring,0,Easter Sale,0,Spring,276,39,5,54,14,16,4,2025,0,0,0.0,0.0,25.0,25.0,0,0
2025-04-14,ST05,SKU01882,8,140.49,17.56,0,2025-04-14,8,140.49,17.56,0,Health,19.82,24.61,2025-04-14,16,4,Spring,0,Easter Sale,0,Spring,176,54,6,81,14,16,4,2025,0,0,0.0,0.0,8.0,8.0,0,0
2025-04-14,ST06,SKU01883,30,445.26,14.84,1,2025-04-14,30,445.26,14.84,1,Health,25.72,45.46,2025-04-14,16,4,Spring,0,Easter Sale,0,Spring,221,97,7,85,14,16,4,2025,0,0,0.0,0.0,30.0,30.0,0,1
2025-04-14,ST06,SKU01884,12,823.25,68.6,0,2025-04-14,12,823.25,68.6,0,Home & Garden,28.47,37.0,2025-04-14,16,4,Spring,0,Easter Sale,0,Spring,488,86,8,95,14,16,4,2025,0,0,0.0,0.0,12.0,12.0,0,0
2025-04-14,ST07,SKU01885,15,267.35,17.82,0,2025-04-14,15,267.35,17.82,0,Electronics,17.68,23.83,2025-04-14,16,4,Spring,0,Easter Sale,0,Spring,324,82,10,36,14,16,4,2025,0,0,0.0,0.0,15.0,15.0,0,0
2025-04-14,ST07,SKU01886,20,898.08,44.9,0,2025-04-14,20,898.08,44.9,0,Books,8.56,10.6,2025-04-14,16,4,Spring,0,Easter Sale,0,Spring,167,62,12,71,14,16,4,2025,0,0,0.0,0.0,20.0,20.0,0,0
2025-04-14,ST08,SKU01887,25,399.18,15.97,0,2025-04-14,25,399.18,15.97,0,Health,11.05,17.39,2025-04-14,16,4,Spring,0,Easter Sale,0,Spring,364,19,11,46,14,16,4,2025,0,0,0.0,0.0,25.0,25.0,0,0
2025-04-14,ST08,SKU01888,8,567.86,70.98,0,2025-04-14,8,567.86,70.98,0,Beauty,24.28,29.66,2025-04-14,16,4,Spring,0,Easter Sale,0,Spring,332,46,4,92,14,16,4,2025,0,0,0.0,0.0,8.0,8.0,0,0
2025-04-14,ST09,SKU01889,30,238.23,7.94,0,2025-04-14,30,238.23,7.94,0,Sports,30.29,39.06,2025-04-14,16,4,Spring,0,Easter Sale,0,Spring,111,99,5,46,14,16,4,2025,0,0,0.0,0.0,30.0,30.0,0,0
2025-04-14,ST09,SKU01890,12,208.61,17.38,0,2025-04-14,12,208.61,17.38,0,Beauty,45.2,69.89,2025-04-14,16,4,Spring,0,Easter Sale,0,Spring,374,38,4,68,14,16,4,2025,0,0,0.0,0.0,12.0,12.0,0,0
2025-04-14,ST10,SKU01891,15,172.85,11.52,0,2025-04-14,15,172.85,11.52,0,Electronics,49.4,69.2,2025-04-14,16,4,Spring,0,Easter Sale,0,Spring,85,39,6,54,14,16,4,2025,0,0,0.0,0.0,15.0,15.0,0,0
2025-04-14,ST10,SKU01892,20,2201.13,110.06,0,2025-04-14,20,2201.13,110.06,0,Toys,45.9,83.91,2025-04-14,16,4,Spring,0,Easter Sale,0,Spring,246,29,6,58,14,16,4,2025,0,0,0.0,0.0,20.0,20.0,0,0
2025-04-15,ST01,SKU01893,25,878.1,35.12,0,2025-04-15,25,878.1,35.12,0,Books,47.54,59.23,2025-04-15,16,4,Spring,0,,0,Spring,245,50,10,43,15,16,4,2025,1,0,0.0,0.0,25.0,25.0,0,0
2025-04-15,ST01,SKU01894,8,140.49,17.56,1,2025-04-15,8,140.49,17.56,1,Food,7.27,11.91,2025-04-15,16,4,Spring,0,,0,Spring,374,17,12,86,15,16,4,2025,1,0,0.0,0.0,8.0,8.0,0,1
2025-04-15,ST02,SKU01895,30,445.26,14.84,0,2025-04-15,30,445.26,14.84,0,Automotive,48.15,63.28,2025-04-15,16,4,Spring,0,,0,Spring,260,11,4,46,15,16,4,2025,1,0,0.0,0.0,30.0,30.0,0,0
2025-04-15,ST02,SKU01896,12,823.25,68.6,0,2025-04-15,12,823.25,68.6,0,Clothing,19.59,38.44,2025-04-15,16,4,Spring,0,,0,Spring,335,87,13,52,15,16,4,2025,1,0,0.0,0.0,12.0,12.0,0,0
2025-04-15,ST03,SKU01897,15,267.35,17.82,0,2025-04-15,15,267.35,17.82,0,Home & Garden,23.22,46.42,2025-04-15,16,4,Spring,0,,0,Spring,258,0,11,44,15,16,4,2025,1,0,0.0,0.0,15.0,15.0,0,0
2025-04-15,ST03,SKU01898,20,898.08,44.9,0,2025-04-15,20,898.08,44.9,0,Home & Garden,41.93,63.47,2025-04-15,16,4,Spring,0,,0,Spring,461,23,5,56,15,16,4,2025,1,0,0.0,0.0,20.0,20.0,0,0
2025-04-15,ST04,SKU01899,25,399.18,15.97,0,2025-04-15,25,399.18,15.97,0,Beauty,11.95,18.55,2025-04-15,16,4,Spring,0,,0,Spring,260,75,6,94,15,16,4,2025,1,0,0.0,0.0,25.0,25.0,0,0
2025-04-15,ST04,SKU01900,8,567.86,70.98,0,2025-04-15,8,567.86,70.98,0,Toys,7.88,9.92,2025-04-15,16,4,Spring,0,,0,Spring,262,48,3,39,15,16,4,2025,1,0,0.0,0.0,8.0,8.0,0,0
2025-04-15,ST05,SKU01901,30,238.23,7.94,0,2025-04-15,30,238.23,7.94,0,Clothing,18.64,36.79,2025-04-15,16,4,Spring,0,,0,Spring,96,58,9,47,15,16,4,2025,1,0,0.0,0.0,30.0,30.0,0,0
2025-04-15,ST05,SKU01902,12,208.61,17.38,0,2025-04-15,12,208.61,17.38,0,Food,22.68,31.91,2025-04-15,16,4,Spring,0,,0,Spring,417,45,13,47,15,16,4,2025,1,0,0.0,0.0,12.0,12.0,0,0
2025-04-15,ST06,SKU01903,15,172.85,11.52,1,2025-04-15,15,172.85,11.52,1,Electronics,45.93,55.35,2025-04-15,16,4,Spring,0,,0,Spring,216,48,4,73,15,16,4,2025,1,0,0.0,0.0,15.0,15.0,0,1
2025-04-15,ST06,SKU01904,20,2201.13,110.06,0,2025-04-15,20,2201.13,110.06,0,Clothing,47.19,82.29,2025-04-15,16,4,Spring,0,,0,Spring,121,53,4,65,15,16,4,2025,1,0,0.0,0.0,20.0,20.0,0,0
2025-04-15,ST07,SKU01905,25,878.1,35.12,0,2025-04-15,25,878.1,35.12,0,Toys,12.27,24.15,2025-04-15,16,4,Spring,0,,0,Spring,451,37,13,38,15,16,4,2025,1,0,0.0,0.0,25.0,25.0,0,0
2025-04-15,ST07,SKU01906,8,140.49,17.56,0,2025-04-15,8,140.49,17.56,0,Sports,40.47,49.34,2025-04-15,16,4,Spring,0,,0,Spring,250,71,5,64,15,16,4,2025,1,0,0.0,0.0,8.0,8.0,0,0
2025-04-15,ST08,SKU01907,30,445.26,14.84,0,2025-04-15,30,445.26,14.84,0,Clothing,25.25,44.29,2025-04-15,16,4,Spring,0,,0,Spring,131,4,6,68,15,16,4,2025,1,0,0.0,0.0,30.0,30.0,0,0
2025-04-15,ST08,SKU01908,12,823.25,68.6,0,2025-04-15,12,823.25,68.6,0,Electronics,14.59,27.63,2025-04-15,16,4,Spring,0,,0,Spring,497,24,4,51,15,16,4,2025,1,0,0.0,0.0,12.0,12.0,0,0
2025-04-15,ST09,SKU01909,15,267.35,17.82,0,2025-04-15,15,267.35,17.82,0,Toys,29.22,47.53,2025-04-15,16,4,Spring,0,,0,Spring,208,22,6,67,15,16,4,2025,1,0,0.0,0.0,15.0,15.0,0,0
2025-04-15,ST09,SKU01910,20,898.08,44.9,0,2025-04-15,20,898.08,44.9,0,Sports,9.36,11.65,2025-04-15,16,4,Spring,0,,0,Spring,360,67,10,30,15,16,4,2025,1,0,0.0,0.0,20.0,20.0,0,0
2025-04-15,ST10,SKU01911,25,399.18,15.97,0,2025-04-15,25,399.18,15.97,0,Automotive,43.4,69.38,2025-04-15,16,4,Spring,0,,0,Spring,184,56,12,34,15,16,4,2025,1,0,0.0,0.0,25.0,25.0,0,0
2025-04-15,ST10,SKU01912,8,567.86,70.98,0,2025-04-15,8,567.86,70.98,0,Beauty,7.66,10.85,2025-04-15,16,4,Spring,0,,0,Spring,157,49,12,41,15,16,4,2025,1,0,0.0,0.0,8.0,8.0,0,0
2025-04-16,ST01,SKU01913,30,238.23,7.94,0,2025-04-16,30,238.23,7.94,0,Beauty,36.27,58.48,2025-04-16,16,4,Spring,0,,0,Spring,408,17,4,46,16,16,4,2025,2,0,0.0,0.0,30.0,30.0,0,0
2025-04-16,ST01,SKU01914,12,208.61,17.38,1,2025-04-16,12,208.61,17.38,1,Automotive,35.06,45.81,2025-04-16,16,4,Spring,0,,0,Spring,245,70,11,63,16,16,4,2025,2,0,0.0,0.0,12.0,12.0,0,1
2025-04-16,ST02,SKU01915,15,172.85,11.52,0,2025-04-16,15,172.85,11.52,0,Beauty,41.77,50.58,2025-04-16,16,4,Spring,0,,0,Spring,247,44,12,80,16,16,4,2025,2,0,0.0,0.0,15.0,15.0,0,0
2025-04-16,ST02,SKU01916,20,2201.13,110.06,0,2025-04-16,20,2201.13,110.06,0,Electronics,20.61,31.86,2025-04-16,16,4,Spring,0,,0,Spring,431,33,8,79,16,16,4,2025,2,0,0.0,0.0,20.0,20.0,0,0
2025-04-16,ST03,SKU01917,25,878.1,35.12,0,2025-04-16,25,878.1,35.12,0,Beauty,20.11,32.4,2025-04-16,16,4,Spring,0,,0,Spring,406,31,5,32,16,16,4,2025,2,0,0.0,0.0,25.0,25.0,0,0
2025-04-16,ST03,SKU01918,8,140.49,17.56,0,2025-04-16,8,140.49,17.56,0,Home & Garden,20.21,35.66,2025-04-16,16,4,Spring,0,,0,Spring,263,85,12,80,16,16,4,2025,2,0,0.0,0.0,8.0,8.0,0,0
2025-04-16,ST04,SKU01919,30,445.26,14.84,0,2025-04-16,30,445.26,14.84,0,Books,15.1,24.21,2025-04-16,16,4,Spring,0,,0,Spring,116,75,3,36,16,16,4,2025,2,0,0.0,0.0,30.0,30.0,0,0
2025-04-16,ST04,SKU01920,12,823.25,68.6,0,2025-04-16,12,823.25,68.6,0,Food,28.0,43.58,2025-04-16,16,4,Spring,0,,0,Spring,318,65,6,39,16,16,4,2025,2,0,0.0,0.0,12.0,12.0,0,0
2025-04-16,ST05,SKU01921,15,267.35,17.82,0,2025-04-16,15,267.35,17.82,0,Clothing,34.45,65.38,2025-04-16,16,4,Spring,0,,0,Spring,280,87,3,81,16,16,4,2025,2,0,0.0,0.0,15.0,15.0,0,0
2025-04-16,ST05,SKU01922,20,898.08,44.9,0,2025-04-16,20,898.08,44.9,0,Clothing,44.06,73.42,2025-04-16,16,4,Spring,0,,0,Spring,183,82,7,38,16,16,4,2025,2,0,0.0,0.0,20.0,20.0,0,0
2025-04-16,ST06,SKU01923,25,399.18,15.97,1,2025-04-16,25,399.18,15.97,1,Clothing,21.74,27.7,2025-04-16,16,4,Spring,0,,0,Spring,268,76,5,50,16,16,4,2025,2,0,0.0,0.0,25.0,25.0,0,1
2025-04-16,ST06,SKU01924,8,567.86,70.98,0,2025-04-16,8,567.86,70.98,0,Toys,16.81,27.99,2025-04-16,16,4,Spring,0,,0,Spring,73,3,10,88,16,16,4,2025,2,0,0.0,0.0,8.0,8.0,0,0
2025-04-16,ST07,SKU01925,30,238.23,7.94,0,2025-04-16,30,238.23,7.94,0,Automotive,15.98,31.53,2025-04-16,16,4,Spring,0,,0,Spring,308,67,11,69,16,16,4,2025,2,0,0.0,0.0,30.0,30.0,0,0
2025-04-16,ST07,SKU01926,12,208.61,17.38,0,2025-04-16,12,208.61,17.38,0,Home & Garden,29.77,47.96,2025-04-16,16,4,Spring,0,,0,Spring,225,53,5,85,16,16,4,2025,2,0,0.0,0.0,12.0,12.0,0,0
2025-04-16,ST08,SKU01927,15,172.85,11.52,0,2025-04-16,15,172.85,11.52,0,Sports,42.69,62.25,2025-04-16,16,4,Spring,0,,0,Spring,157,88,10,97,16,16,4,2025,2,0,0.0,0.0,15.0,15.0,0,0
2025-04-16,ST08,SKU01928,20,2201.13,110.06,0,2025-04-16,20,2201.13,110.06,0,Clothing,28.67,50.19,2025-04-16,16,4,Spring,0,,0,Spring,351,77,13,35,16,16,4,2025,2,0,0.0,0.0,20.0,20.0,0,0
2025-04-16,ST09,SKU01929,25,878.1,35.12,0,2025-04-16,25,878.1,35.12,0,Food,10.38,14.37,2025-04-16,16,4,Spring,0,,0,Spring,322,35,10,31,16,16,4,2025,2,0,0.0,0.0,25.0,25.0,0,0
2025-04-16,ST09,SKU01930,8,140.49,17.56,0,2025-04-16,8,140.49,17.56,0,Food,7.22,10.89,2025-04-16,16,4,Spring,0,,0,Spring,298,76,6,95,16,16,4,2025,2,0,0.0,0.0,8.0,8.0,0,0
2025-04-16,ST10,SKU01931,30,445.26,14.84,0,2025-04-16,30,445.26,14.84,0,Electronics,38.63,47.83,2025-04-16,16,4,Spring,0,,0,Spring,357,91,13,51,16,16,4,2025,2,0,0.0,0.0,30.0,30.0,0,0
2025-04-16,ST10,SKU01932,12,823.25,68.6,0,2025-04-16,12,823.25,68.6,0,Health,19.43,26.31,2025-04-16,16,4,Spring,0,,0,Spring,416,54,5,89,16,16,4,2025,2,0,0.0,0.0,12.0,12.0,0,0
2025-04-17,ST01,SKU01933,15,267.35,17.82,0,2025-04-17,15,267.35,17.82,0,Toys,39.37,63.44,2025-04-17,16,4,Spring,0,,0,Spring,491,11,10,98,17,16,4,2025,3,0,0.0,0.0,15.0,15.0,0,0
2025-04-17,ST01,SKU01934,20,898.08,44.9,1,2025-04-17,20,898.08,44.9,1,Clothing,25.01,41.55,2025-04-17,16,4,Spring,0,,0,Spring,133,38,11,86,17,16,4,2025,3,0,0.0,0.0,20.0,20.0,0,1
2025-04-17,ST02,SKU01935,25,399.18,15.97,0,2025-04-17,25,399.18,15.97,0,Health,40.38,61.55,2025-04-17,16,4,Spring,0,,0,Spring,230,11,10,86,17,16,4,2025,3,0,0.0,0.0,25.0,25.0,0,0
2025-04-17,ST02,SKU01936,8,567.86,70.98,0,2025-04-17,8,567.86,70.98,0,Automotive,37.22,62.75,2025-04-17,16,4,Spring,0,,0,Spring,89,79,5,32,17,16,4,2025,3,0,0.0,0.0,8.0,8.0,0,0
2025-04-17,ST03,SKU01937,30,238.23,7.94,0,2025-04-17,30,238.23,7.94,0,Food,27.32,32.96,2025-04-17,16,4,Spring,0,,0,Spring,425,4,12,40,17,16,4,2025,3,0,0.0,0.0,30.0,30.0,0,0
2025-04-17,ST03,SKU01938,12,208.61,17.38,0,2025-04-17,12,208.61,17.38,0,Clothing,31.83,57.02,2025-04-17,16,4,Spring,0,,0,Spring,431,70,7,85,17,16,4,2025,3,0,0.0,0.0,12.0,12.0,0,0
2025-04-17,ST04,SKU01939,15,172.85,11.52,0,2025-04-17,15,172.85,11.52,0,Clothing,42.87,52.49,2025-04-17,16,4,Spring,0,,0,Spring,443,33,5,60,17,16,4,2025,3,0,0.0,0.0,15.0,15.0,0,0
2025-04-17,ST04,SKU01940,20,2201.13,110.06,0,2025-04-17,20,2201.13,110.06,0,Clothing,23.78,34.43,2025-04-17,16,4,Spring,0,,0,Spring,124,70,4,99,17,16,4,2025,3,0,0.0,0.0,20.0,20.0,0,0
2025-04-17,ST05,SKU01941,25,878.1,35.12,0,2025-04-17,25,878.1,35.12,0,Home & Garden,11.02,21.63,2025-04-17,16,4,Spring,0,,0,Spring,346,62,6,86,17,16,4,2025,3,0,0.0,0.0,25.0,25.0,0,0
2025-04-17,ST05,SKU01942,8,140.49,17.56,0,2025-04-17,8,140.49,17.56,0,Home & Garden,8.1,12.86,2025-04-17,16,4,Spring,0,,0,Spring,275,49,11,41,17,16,4,2025,3,0,0.0,0.0,8.0,8.0,0,0
2025-04-17,ST06,SKU01943,30,445.26,14.84,1,2025-04-17,30,445.26,14.84,1,Electronics,32.91,53.84,2025-04-17,16,4,Spring,0,,0,Spring,248,38,3,74,17,16,4,2025,3,0,0.0,0.0,30.0,30.0,0,1
2025-04-17,ST06,SKU01944,12,823.25,68.6,0,2025-04-17,12,823.25,68.6,0,Sports,9.03,16.0,2025-04-17,16,4,Spring,0,,0,Spring,444,69,9,99,17,16,4,2025,3,0,0.0,0.0,12.0,12.0,0,0
2025-04-17,ST07,SKU01945,15,267.35,17.82,0,2025-04-17,15,267.35,17.82,0,Sports,14.61,22.34,2025-04-17,16,4,Spring,0,,0,Spring,215,1,8,66,17,16,4,2025,3,0,0.0,0.0,15.0,15.0,0,0
2025-04-17,ST07,SKU01946,20,898.08,44.9,0,2025-04-17,20,898.08,44.9,0,Health,5.33,8.57,2025-04-17,16,4,Spring,0,,0,Spring,98,51,3,51,17,16,4,2025,3,0,0.0,0.0,20.0,20.0,0,0
2025-04-17,ST08,SKU01947,25,399.18,15.97,0,2025-04-17,25,399.18,15.97,0,Books,22.59,44.76,2025-04-17,16,4,Spring,0,,0,Spring,163,4,9,47,17,16,4,2025,3,0,0.0,0.0,25.0,25.0,0,0
2025-04-17,ST08,SKU01948,8,567.86,70.98,0,2025-04-17,8,567.86,70.98,0,Home & Garden,41.01,57.14,2025-04-17,16,4,Spring,0,,0,Spring,215,36,5,93,17,16,4,2025,3,0,0.0,0.0,8.0,8.0,0,0
2025-04-17,ST09,SKU01949,30,238.23,7.94,0,2025-04-17,30,238.23,7.94,0,Beauty,37.25,55.38,2025-04-17,16,4,Spring,0,,0,Spring,187,78,12,77,17,16,4,2025,3,0,0.0,0.0,30.0,30.0,0,0
2025-04-17,ST09,SKU01950,12,208.61,17.38,0,2025-04-17,12,208.61,17.38,0,Beauty,27.77,50.6,2025-04-17,16,4,Spring,0,,0,Spring,349,81,9,45,17,16,4,2025,3,0,0.0,0.0,12.0,12.0,0,0
2025-04-17,ST10,SKU01951,15,172.85,11.52,0,2025-04-17,15,172.85,11.52,0,Sports,38.6,46.71,2025-04-17,16,4,Spring,0,,0,Spring,359,34,4,57,17,16,4,2025,3,0,0.0,0.0,15.0,15.0,0,0
2025-04-17,ST10,SKU01952,20,2201.13,110.06,0,2025-04-17,20,2201.13,110.06,0,Toys,35.93,52.1,2025-04-17,16,4,Spring,0,,0,Spring,51,93,11,88,17,16,4,2025,3,0,0.0,0.0,20.0,20.0,0,0
2025-04-18,ST01,SKU01953,25,878.1,35.12,0,2025-04-18,25,878.1,35.12,0,Home & Garden,33.6,67.02,2025-04-18,16,4,Spring,0,,0,Spring,374,91,7,74,18,16,4,2025,4,0,0.0,0.0,25.0,25.0,0,0
2025-04-18,ST01,SKU01954,8,140.49,17.56,1,2025-04-18,8,140.49,17.56,1,Sports,15.16,20.33,2025-04-18,16,4,Spring,0,,0,Spring,197,23,13,87,18,16,4,2025,4,0,0.0,0.0,8.0,8.0,0,1
2025-04-18,ST02,SKU01955,30,445.26,14.84,0,2025-04-18,30,445.26,14.84,0,Health,24.99,32.73,2025-04-18,16,4,Spring,0,,0,Spring,460,25,9,71,18,16,4,2025,4,0,0.0,0.0,30.0,30.0,0,0
2025-04-18,ST02,SKU01956,12,823.25,68.6,0,2025-04-18,12,823.25,68.6,0,Home & Garden,18.23,28.38,2025-04-18,16,4,Spring,0,,0,Spring,96,52,13,67,18,16,4,2025,4,0,0.0,0.0,12.0,12.0,0,0
2025-04-18,ST03,SKU01957,15,267.35,17.82,0,2025-04-18,15,267.35,17.82,0,Beauty,45.94,86.43,2025-04-18,16,4,Spring,0,,0,Spring,275,52,12,77,18,16,4,2025,4,0,0.0,0.0,15.0,15.0,0,0
2025-04-18,ST03,SKU01958,20,898.08,44.9,0,2025-04-18,20,898.08,44.9,0,Automotive,9.7,16.05,2025-04-18,16,4,Spring,0,,0,Spring,400,18,11,93,18,16,4,2025,4,0,0.0,0.0,20.0,20.0,0,0
2025-04-18,ST04,SKU01959,25,399.18,15.97,0,2025-04-18,25,399.18,15.97,0,Beauty,25.61,38.86,2025-04-18,16,4,Spring,0,,0,Spring,398,53,12,80,18,16,4,2025,4,0,0.0,0.0,25.0,25.0,0,0
2025-04-18,ST04,SKU01960,8,567.86,70.98,0,2025-04-18,8,567.86,70.98,0,Toys,30.57,43.4,2025-04-18,16,4,Spring,0,,0,Spring,88,3,5,93,18,16,4,2025,4,0,0.0,0.0,8.0,8.0,0,0
2025-04-18,ST05,SKU01961,30,238.23,7.94,0,2025-04-18,30,238.23,7.94,0,Home & Garden,16.73,27.02,2025-04-18,16,4,Spring,0,,0,Spring,78,10,3,87,18,16,4,2025,4,0,0.0,0.0,30.0,30.0,0,0
2025-04-18,ST05,SKU01962,12,208.61,17.38,0,2025-04-18,12,208.61,17.38,0,Food,12.84,21.02,2025-04-18,16,4,Spring,0,,0,Spring,252,26,3,50,18,16,4,2025,4,0,0.0,0.0,12.0,12.0,0,0
2025-04-18,ST06,SKU01963,15,172.85,11.52,1,2025-04-18,15,172.85,11.52,1,Sports,28.34,35.17,2025-04-18,16,4,Spring,0,,0,Spring,88,94,8,75,18,16,4,2025,4,0,0.0,0.0,15.0,15.0,0,1
2025-04-18,ST06,SKU01964,20,2201.13,110.06,0,2025-04-18,20,2201.13,110.06,0,Food,18.34,35.65,2025-04-18,16,4,Spring,0,,0,Spring,115,90,6,94,18,16,4,2025,4,0,0.0,0.0,20.0,20.0,0,0
2025-04-18,ST07,SKU01965,25,878.1,35.12,0,2025-04-18,25,878.1,35.12,0,Sports,19.53,27.46,2025-04-18,16,4,Spring,0,,0,Spring,496,98,5,60,18,16,4,2025,4,0,0.0,0.0,25.0,25.0,0,0
2025-04-18,ST07,SKU01966,8,140.49,17.56,0,2025-04-18,8,140.49,17.56,0,Automotive,29.93,43.05,2025-04-18,16,4,Spring,0,,0,Spring,461,0,11,72,18,16,4,2025,4,0,0.0,0.0,8.0,8.0,0,0
2025-04-18,ST08,SKU01967,30,445.26,14.84,0,2025-04-18,30,445.26,14.84,0,Toys,36.84,47.34,2025-04-18,16,4,Spring,0,,0,Spring,133,66,5,31,18,16,4,2025,4,0,0.0,0.0,30.0,30.0,0,0
2025-04-18,ST08,SKU01968,12,823.25,68.6,0,2025-04-18,12,823.25,68.6,0,Toys,18.58,35.67,2025-04-18,16,4,Spring,0,,0,Spring,259,63,12,98,18,16,4,2025,4,0,0.0,0.0,12.0,12.0,0,0
2025-04-18,ST09,SKU01969,15,267.35,17.82,0,2025-04-18,15,267.35,17.82,0,Sports,10.13,17.37,2025-04-18,16,4,Spring,0,,0,Spring,314,1,4,89,18,16,4,2025,4,0,0.0,0.0,15.0,15.0,0,0
2025-04-18,ST09,SKU01970,20,898.08,44.9,0,2025-04-18,20,898.08,44.9,0,Beauty,30.98,53.2,2025-04-18,16,4,Spring,0,,0,Spring,279,60,12,65,18,16,4,2025,4,0,0.0,0.0,20.0,20.0,0,0
2025-04-18,ST10,SKU01971,25,399.18,15.97,0,2025-04-18,25,399.18,15.97,0,Toys,41.3,57.89,2025-04-18,16,4,Spring,0,,0,Spring,134,48,8,78,18,16,4,2025,4,0,0.0,0.0,25.0,25.0,0,0
2025-04-18,ST10,SKU01972,8,567.86,70.98,0,2025-04-18,8,567.86,70.98,0,Clothing,33.75,42.7,2025-04-18,16,4,Spring,0,,0,Spring,436,73,7,90,18,16,4,2025,4,0,0.0,0.0,8.0,8.0,0,0
2025-04-19,ST01,SKU01973,30,238.23,7.94,0,2025-04-19,30,238.23,7.94,0,Home & Garden,18.17,29.73,2025-04-19,16,4,Spring,0,,0,Spring,395,25,10,34,19,16,4,2025,5,1,0.0,0.0,30.0,30.0,0,0
2025-04-19,ST01,SKU01974,12,208.61,17.38,1,2025-04-19,12,208.61,17.38,1,Health,24.44,48.86,2025-04-19,16,4,Spring,0,,0,Spring,303,14,13,45,19,16,4,2025,5,1,0.0,0.0,12.0,12.0,0,1
2025-04-19,ST02,SKU01975,15,172.85,11.52,0,2025-04-19,15,172.85,11.52,0,Food,12.35,15.85,2025-04-19,16,4,Spring,0,,0,Spring,306,15,7,32,19,16,4,2025,5,1,0.0,0.0,15.0,15.0,0,0
2025-04-19,ST02,SKU01976,20,2201.13,110.06,0,2025-04-19,20,2201.13,110.06,0,Home & Garden,26.98,43.7,2025-04-19,16,4,Spring,0,,0,Spring,485,46,10,84,19,16,4,2025,5,1,0.0,0.0,20.0,20.0,0,0
2025-04-19,ST03,SKU01977,25,878.1,35.12,0,2025-04-19,25,878.1,35.12,0,Automotive,17.02,32.83,2025-04-19,16,4,Spring,0,,0,Spring,284,20,4,83,19,16,4,2025,5,1,0.0,0.0,25.0,25.0,0,0
2025-04-19,ST03,SKU01978,8,140.49,17.56,0,2025-04-19,8,140.49,17.56,0,Books,10.81,19.39,2025-04-19,16,4,Spring,0,,0,Spring,204,37,12,87,19,16,4,2025,5,1,0.0,0.0,8.0,8.0,0,0
2025-04-19,ST04,SKU01979,30,445.26,14.84,0,2025-04-19,30,445.26,14.84,0,Health,32.97,45.36,2025-04-19,16,4,Spring,0,,0,Spring,367,45,11,40,19,16,4,2025,5,1,0.0,0.0,30.0,30.0,0,0
2025-04-19,ST04,SKU01980,12,823.25,68.6,0,2025-04-19,12,823.25,68.6,0,Food,11.1,15.64,2025-04-19,16,4,Spring,0,,0,Spring,313,96,7,93,19,16,4,2025,5,1,0.0,0.0,12.0,12.0,0,0
2025-04-19,ST05,SKU01981,15,267.35,17.82,0,2025-04-19,15,267.35,17.82,0,Toys,22.4,41.6,2025-04-19,16,4,Spring,0,,0,Spring,70,71,5,92,19,16,4,2025,5,1,0.0,0.0,15.0,15.0,0,0
2025-04-19,ST05,SKU01982,20,898.08,44.9,0,2025-04-19,20,898.08,44.9,0,Books,42.57,75.28,2025-04-19,16,4,Spring,0,,0,Spring,390,63,10,49,19,16,4,2025,5,1,0.0,0.0,20.0,20.0,0,0
2025-04-19,ST06,SKU01983,25,399.18,15.97,1,2025-04-19,25,399.18,15.97,1,Home & Garden,38.12,54.13,2025-04-19,16,4,Spring,0,,0,Spring,313,57,4,38,19,16,4,2025,5,1,0.0,0.0,25.0,25.0,0,1
2025-04-19,ST06,SKU01984,8,567.86,70.98,0,2025-04-19,8,567.86,70.98,0,Health,20.34,40.65,2025-04-19,16,4,Spring,0,,0,Spring,320,93,12,39,19,16,4,2025,5,1,0.0,0.0,8.0,8.0,0,0
2025-04-19,ST07,SKU01985,30,238.23,7.94,0,2025-04-19,30,238.23,7.94,0,Home & Garden,40.51,68.15,2025-04-19,16,4,Spring,0,,0,Spring,334,79,6,66,19,16,4,2025,5,1,0.0,0.0,30.0,30.0,0,0
2025-04-19,ST07,SKU01986,12,208.61,17.38,0,2025-04-19,12,208.61,17.38,0,Electronics,49.92,62.9,2025-04-19,16,4,Spring,0,,0,Spring,391,70,9,70,19,16,4,2025,5,1,0.0,0.0,12.0,12.0,0,0
2025-04-19,ST08,SKU01987,15,172.85,11.52,0,2025-04-19,15,172.85,11.52,0,Electronics,42.64,84.4,2025-04-19,16,4,Spring,0,,0,Spring,281,92,8,57,19,16,4,2025,5,1,0.0,0.0,15.0,15.0,0,0
2025-04-19,ST08,SKU01988,20,2201.13,110.06,0,2025-04-19,20,2201.13,110.06,0,Clothing,7.94,14.74,2025-04-19,16,4,Spring,0,,0,Spring,481,37,7,58,19,16,4,2025,5,1,0.0,0.0,20.0,20.0,0,0
2025-04-19,ST09,SKU01989,25,878.1,35.12,0,2025-04-19,25,878.1,35.12,0,Clothing,44.57,71.82,2025-04-19,16,4,Spring,0,,0,Spring,484,48,13,34,19,16,4,2025,5,1,0.0,0.0,25.0,25.0,0,0
2025-04-19,ST09,SKU01990,8,140.49,17.56,0,2025-04-19,8,140.49,17.56,0,Home & Garden,34.26,68.04,2025-04-19,16,4,Spring,0,,0,Spring,91,6,12,65,19,16,4,2025,5,1,0.0,0.0,8.0,8.0,0,0
2025-04-19,ST10,SKU01991,30,445.26,14.84,0,2025-04-19,30,445.26,14.84,0,Automotive,38.83,64.87,2025-04-19,16,4,Spring,0,,0,Spring,410,26,12,75,19,16,4,2025,5,1,0.0,0.0,30.0,30.0,0,0
2025-04-19,ST10,SKU01992,12,823.25,68.6,0,2025-04-19,12,823.25,68.6,0,Home & Garden,9.37,11.72,2025-04-19,16,4,Spring,0,,0,Spring,371,24,11,56,19,16,4,2025,5,1,0.0,0.0,12.0,12.0,0,0
2025-04-20,ST01,SKU01993,15,267.35,17.82,0,2025-04-20,15,267.35,17.82,0,Health,7.48,11.53,2025-04-20,17,4,Spring,0,,0,Spring,178,86,12,71,20,16,4,2025,6,1,0.0,0.0,15.0,15.0,0,0
2025-04-20,ST01,SKU01994,20,898.08,44.9,1,2025-04-20,20,898.08,44.9,1,Toys,46.78,80.14,2025-04-20,17,4,Spring,0,,0,Spring,485,24,8,96,20,16,4,2025,6,1,0.0,0.0,20.0,20.0,0,1
2025-04-20,ST02,SKU01995,25,399.18,15.97,0,2025-04-20,25,399.18,15.97,0,Sports,28.64,35.88,2025-04-20,17,4,Spring,0,,0,Spring,55,57,8,82,20,16,4,2025,6,1,0.0,0.0,25.0,25.0,0,0
2025-04-20,ST02,SKU01996,8,567.86,70.98,0,2025-04-20,8,567.86,70.98,0,Toys,46.12,91.55,2025-04-20,17,4,Spring,0,,0,Spring,115,57,12,31,20,16,4,2025,6,1,0.0,0.0,8.0,8.0,0,0
2025-04-20,ST03,SKU01997,30,238.23,7.94,0,2025-04-20,30,238.23,7.94,0,Books,20.99,36.64,2025-04-20,17,4,Spring,0,,0,Spring,253,21,7,49,20,16,4,2025,6,1,0.0,0.0,30.0,30.0,0,0
2025-04-20,ST03,SKU01998,12,208.61,17.38,0,2025-04-20,12,208.61,17.38,0,Health,37.19,52.61,2025-04-20,17,4,Spring,0,,0,Spring,152,23,6,94,20,16,4,2025,6,1,0.0,0.0,12.0,12.0,0,0
2025-04-20,ST04,SKU01999,15,172.85,11.52,0,2025-04-20,15,172.85,11.52,0,Beauty,20.44,35.43,2025-04-20,17,4,Spring,0,,0,Spring,498,80,13,30,20,16,4,2025,6,1,0.0,0.0,15.0,15.0,0,0
2025-04-20,ST04,SKU02000,20,2201.13,110.06,0,2025-04-20,20,2201.13,110.06,0,Electronics,5.54,7.26,2025-04-20,17,4,Spring,0,,0,Spring,166,93,11,32,20,16,4,2025,6,1,0.0,0.0,20.0,20.0,0,0
2025-04-20,ST05,SKU02001,25,878.1,35.12,0,2025-04-20,25,878.1,35.12,0,Beauty,49.24,78.54,2025-04-20,17,4,Spring,0,,0,Spring,95,54,13,93,20,16,4,2025,6,1,0.0,0.0,25.0,25.0,0,0
2025-04-20,ST05,SKU02002,8,140.49,17.56,0,2025-04-20,8,140.49,17.56,0,Clothing,35.18,65.34,2025-04-20,17,4,Spring,0,,0,Spring,350,25,3,53,20,16,4,2025,6,1,0.0,0.0,8.0,8.0,0,0
2025-04-20,ST06,SKU02003,30,445.26,14.84,1,2025-04-20,30,445.26,14.84,1,Health,30.77,40.31,2025-04-20,17,4,Spring,0,,0,Spring,84,23,6,45,20,16,4,2025,6,1,0.0,0.0,30.0,30.0,0,1
2025-04-20,ST06,SKU02004,12,823.25,68.6,0,2025-04-20,12,823.25,68.6,0,Automotive,44.47,62.02,2025-04-20,17,4,Spring,0,,0,Spring,108,80,5,83,20,16,4,2025,6,1,0.0,0.0,12.0,12.0,0,0
2025-04-20,ST07,SKU02005,15,267.35,17.82,0,2025-04-20,15,267.35,17.82,0,Books,35.22,51.68,2025-04-20,17,4,Spring,0,,0,Spring,256,15,11,40,20,16,4,2025,6,1,0.0,0.0,15.0,15.0,0,0
2025-04-20,ST07,SKU02006,20,898.08,44.9,0,2025-04-20,20,898.08,44.9,0,Beauty,46.0,85.4,2025-04-20,17,4,Spring,0,,0,Spring,242,78,12,97,20,16,4,2025,6,1,0.0,0.0,20.0,20.0,0,0
2025-04-20,ST08,SKU02007,25,399.18,15.97,0,2025-04-20,25,399.18,15.97,0,Beauty,7.19,13.49,2025-04-20,17,4,Spring,0,,0,Spring,348,68,5,42,20,16,4,2025,6,1,0.0,0.0,25.0,25.0,0,0
2025-04-20,ST08,SKU02008,8,567.86,70.98,0,2025-04-20,8,567.86,70.98,0,Clothing,20.41,33.41,2025-04-20,17,4,Spring,0,,0,Spring,443,74,4,70,20,16,4,2025,6,1,0.0,0.0,8.0,8.0,0,0
2025-04-20,ST09,SKU02009,30,238.23,7.94,0,2025-04-20,30,238.23,7.94,0,Health,38.89,69.3,2025-04-20,17,4,Spring,0,,0,Spring,227,86,9,88,20,16,4,2025,6,1,0.0,0.0,30.0,30.0,0,0
2025-04-20,ST09,SKU02010,12,208.61,17.38,0,2025-04-20,12,208.61,17.38,0,Sports,13.47,18.15,2025-04-20,17,4,Spring,0,,0,Spring,88,2,9,78,20,16,4,2025,6,1,0.0,0.0,12.0,12.0,0,0
2025-04-20,ST10,SKU02011,15,172.85,11.52,0,2025-04-20,15,172.85,11.52,0,Toys,47.65,72.3,2025-04-20,17,4,Spring,0,,0,Spring,75,32,7,77,20,16,4,2025,6,1,0.0,0.0,15.0,15.0,0,0
2025-04-20,ST10,SKU02012,20,2201.13,110.06,0,2025-04-20,20,2201.13,110.06,0,Toys,7.21,11.95,2025-04-20,17,4,Spring,0,,0,Spring,128,1,11,61,20,16,4,2025,6,1,0.0,0.0,20.0,20.0,0,0
2025-04-21,ST01,SKU02013,25,878.1,35.12,0,2025-04-21,25,878.1,35.12,0,Books,19.7,29.15,2025-04-21,17,4,Spring,0,,0,Spring,181,19,4,65,21,17,4,2025,0,0,0.0,0.0,25.0,25.0,0,0
2025-04-21,ST01,SKU02014,8,140.49,17.56,1,2025-04-21,8,140.49,17.56,1,Beauty,48.5,75.29,2025-04-21,17,4,Spring,0,,0,Spring,337,27,3,89,21,17,4,2025,0,0,0.0,0.0,8.0,8.0,0,1
2025-04-21,ST02,SKU02015,30,445.26,14.84,0,2025-04-21,30,445.26,14.84,0,Electronics,33.15,55.19,2025-04-21,17,4,Spring,0,,0,Spring,105,34,8,65,21,17,4,2025,0,0,0.0,0.0,30.0,30.0,0,0
2025-04-21,ST02,SKU02016,12,823.25,68.6,0,2025-04-21,12,823.25,68.6,0,Food,35.91,68.75,2025-04-21,17,4,Spring,0,,0,Spring,488,88,12,94,21,17,4,2025,0,0,0.0,0.0,12.0,12.0,0,0
2025-04-21,ST03,SKU02017,15,267.35,17.82,0,2025-04-21,15,267.35,17.82,0,Health,20.86,27.14,2025-04-21,17,4,Spring,0,,0,Spring,374,50,8,82,21,17,4,2025,0,0,0.0,0.0,15.0,15.0,0,0
2025-04-21,ST03,SKU02018,20,898.08,44.9,0,2025-04-21,20,898.08,44.9,0,Clothing,35.43,66.85,2025-04-21,17,4,Spring,0,,0,Spring,405,35,6,65,21,17,4,2025,0,0,0.0,0.0,20.0,20.0,0,0
2025-04-21,ST04,SKU02019,25,399.18,15.97,0,2025-04-21,25,399.18,15.97,0,Electronics,8.48,13.66,2025-04-21,17,4,Spring,0,,0,Spring,229,52,4,79,21,17,4,2025,0,0,0.0,0.0,25.0,25.0,0,0
2025-04-21,ST04,SKU02020,8,567.86,70.98,0,2025-04-21,8,567.86,70.98,0,Automotive,9.75,18.05,2025-04-21,17,4,Spring,0,,0,Spring,218,17,8,95,21,17,4,2025,0,0,0.0,0.0,8.0,8.0,0,0
2025-04-21,ST05,SKU02021,30,238.23,7.94,0,2025-04-21,30,238.23,7.94,0,Health,32.82,59.91,2025-04-21,17,4,Spring,0,,0,Spring,70,99,9,76,21,17,4,2025,0,0,0.0,0.0,30.0,30.0,0,0
2025-04-21,ST05,SKU02022,12,208.61,17.38,0,2025-04-21,12,208.61,17.38,0,Health,34.72,64.14,2025-04-21,17,4,Spring,0,,0,Spring,88,28,8,46,21,17,4,2025,0,0,0.0,0.0,12.0,12.0,0,0
2025-04-21,ST06,SKU02023,15,172.85,11.52,1,2025-04-21,15,172.85,11.52,1,Toys,38.64,72.67,2025-04-21,17,4,Spring,0,,0,Spring,385,59,5,78,21,17,4,2025,0,0,0.0,0.0,15.0,15.0,0,1
2025-04-21,ST06,SKU02024,20,2201.13,110.06,0,2025-04-21,20,2201.13,110.06,0,Sports,33.82,49.08,2025-04-21,17,4,Spring,0,,0,Spring,150,1,6,77,21,17,4,2025,0,0,0.0,0.0,20.0,20.0,0,0
2025-04-21,ST07,SKU02025,25,878.1,35.12,0,2025-04-21,25,878.1,35.12,0,Electronics,6.49,12.73,2025-04-21,17,4,Spring,0,,0,Spring,287,13,13,87,21,17,4,2025,0,0,0.0,0.0,25.0,25.0,0,0
2025-04-21,ST07,SKU02026,8,140.49,17.56,0,2025-04-21,8,140.49,17.56,0,Automotive,12.49,22.11,2025-04-21,17,4,Spring,0,,0,Spring,408,57,5,31,21,17,4,2025,0,0,0.0,0.0,8.0,8.0,0,0
2025-04-21,ST08,SKU02027,30,445.26,14.84,0,2025-04-21,30,445.26,14.84,0,Beauty,15.59,24.88,2025-04-21,17,4,Spring,0,,0,Spring,292,40,5,45,21,17,4,2025,0,0,0.0,0.0,30.0,30.0,0,0
2025-04-21,ST08,SKU02028,12,823.25,68.6,0,2025-04-21,12,823.25,68.6,0,Health,26.76,32.43,2025-04-21,17,4,Spring,0,,0,Spring,437,11,9,43,21,17,4,2025,0,0,0.0,0.0,12.0,12.0,0,0
2025-04-21,ST09,SKU02029,15,267.35,17.82,0,2025-04-21,15,267.35,17.82,0,Health,39.15,62.67,2025-04-21,17,4,Spring,0,,0,Spring,296,11,5,34,21,17,4,2025,0,0,0.0,0.0,15.0,15.0,0,0
2025-04-21,ST09,SKU02030,20,898.08,44.9,0,2025-04-21,20,898.08,44.9,0,Beauty,11.6,19.91,2025-04-21,17,4,Spring,0,,0,Spring,386,31,12,72,21,17,4,2025,0,0,0.0,0.0,20.0,20.0,0,0
2025-04-21,ST10,SKU02031,25,399.18,15.97,0,2025-04-21,25,399.18,15.97,0,Toys,45.28,75.12,2025-04-21,17,4,Spring,0,,0,Spring,386,68,12,38,21,17,4,2025,0,0,0.0,0.0,25.0,25.0,0,0
2025-04-21,ST10,SKU02032,8,567.86,70.98,0,2025-04-21,8,567.86,70.98,0,Clothing,31.72,57.21,2025-04-21,17,4,Spring,0,,0,Spring,482,32,6,47,21,17,4,2025,0,0,0.0,0.0,8.0,8.0,0,0
2025-04-22,ST01,SKU02033,30,238.23,7.94,0,2025-04-22,30,238.23,7.94,0,Home & Garden,46.02,89.4,2025-04-22,17,4,Spring,0,,0,Spring,58,61,11,58,22,17,4,2025,1,0,0.0,0.0,30.0,30.0,0,0
2025-04-22,ST01,SKU02034,12,208.61,17.38,1,2025-04-22,12,208.61,17.38,1,Health,5.1,10.14,2025-04-22,17,4,Spring,0,,0,Spring,430,77,11,44,22,17,4,2025,1,0,0.0,0.0,12.0,12.0,0,1
2025-04-22,ST02,SKU02035,15,172.85,11.52,0,2025-04-22,15,172.85,11.52,0,Automotive,20.95,34.61,2025-04-22,17,4,Spring,0,,0,Spring,439,41,6,86,22,17,4,2025,1,0,0.0,0.0,15.0,15.0,0,0
2025-04-22,ST02,SKU02036,20,2201.13,110.06,0,2025-04-22,20,2201.13,110.06,0,Food,46.19,65.24,2025-04-22,17,4,Spring,0,,0,Spring,482,43,9,43,22,17,4,2025,1,0,0.0,0.0,20.0,20.0,0,0
2025-04-22,ST03,SKU02037,25,878.1,35.12,0,2025-04-22,25,878.1,35.12,0,Health,13.85,27.12,2025-04-22,17,4,Spring,0,,0,Spring,436,61,12,93,22,17,4,2025,1,0,0.0,0.0,25.0,25.0,0,0
2025-04-22,ST03,SKU02038,8,140.49,17.56,0,2025-04-22,8,140.49,17.56,0,Clothing,45.81,61.16,2025-04-22,17,4,Spring,0,,0,Spring,151,44,12,87,22,17,4,2025,1,0,0.0,0.0,8.0,8.0,0,0
2025-04-22,ST04,SKU02039,30,445.26,14.84,0,2025-04-22,30,445.26,14.84,0,Sports,29.56,51.64,2025-04-22,17,4,Spring,0,,0,Spring,304,19,12,86,22,17,4,2025,1,0,0.0,0.0,30.0,30.0,0,0
2025-04-22,ST04,SKU02040,12,823.25,68.6,0,2025-04-22,12,823.25,68.6,0,Electronics,26.11,32.81,2025-04-22,17,4,Spring,0,,0,Spring,245,77,3,81,22,17,4,2025,1,0,0.0,0.0,12.0,12.0,0,0
2025-04-22,ST05,SKU02041,15,267.35,17.82,0,2025-04-22,15,267.35,17.82,0,Toys,20.11,33.37,2025-04-22,17,4,Spring,0,,0,Spring,342,7,4,34,22,17,4,2025,1,0,0.0,0.0,15.0,15.0,0,0
2025-04-22,ST05,SKU02042,20,898.08,44.9,0,2025-04-22,20,898.08,44.9,0,Health,28.1,36.13,2025-04-22,17,4,Spring,0,,0,Spring,423,68,11,61,22,17,4,2025,1,0,0.0,0.0,20.0,20.0,0,0
2025-04-22,ST06,SKU02043,25,399.18,15.97,1,2025-04-22,25,399.18,15.97,1,Home & Garden,10.86,18.63,2025-04-22,17,4,Spring,0,,0,Spring,338,66,4,58,22,17,4,2025,1,0,0.0,0.0,25.0,25.0,0,1
2025-04-22,ST06,SKU02044,8,567.86,70.98,0,2025-04-22,8,567.86,70.98,0,Sports,42.8,70.02,2025-04-22,17,4,Spring,0,,0,Spring,180,89,11,59,22,17,4,2025,1,0,0.0,0.0,8.0,8.0,0,0
2025-04-22,ST07,SKU02045,30,238.23,7.94,0,2025-04-22,30,238.23,7.94,0,Sports,46.57,86.48,2025-04-22,17,4,Spring,0,,0,Spring,442,25,4,91,22,17,4,2025,1,0,0.0,0.0,30.0,30.0,0,0
2025-04-22,ST07,SKU02046,12,208.61,17.38,0,2025-04-22,12,208.61,17.38,0,Clothing,10.61,15.83,2025-04-22,17,4,Spring,0,,0,Spring,52,45,6,54,22,17,4,2025,1,0,0.0,0.0,12.0,12.0,0,0
2025-04-22,ST08,SKU02047,15,172.85,11.52,0,2025-04-22,15,172.85,11.52,0,Clothing,35.47,61.94,2025-04-22,17,4,Spring,0,,0,Spring,228,12,9,73,22,17,4,2025,1,0,0.0,0.0,15.0,15.0,0,0
2025-04-22,ST08,SKU02048,20,2201.13,110.06,0,2025-04-22,20,2201.13,110.06,0,Food,5.8,7.43,2025-04-22,17,4,Spring,0,,0,Spring,212,54,9,38,22,17,4,2025,1,0,0.0,0.0,20.0,20.0,0,0
2025-04-22,ST09,SKU02049,25,878.1,35.12,0,2025-04-22,25,878.1,35.12,0,Health,25.5,48.78,2025-04-22,17,4,Spring,0,,0,Spring,179,60,8,70,22,17,4,2025,1,0,0.0,0.0,25.0,25.0,0,0
2025-04-22,ST09,SKU02050,8,140.49,17.56,0,2025-04-22,8,140.49,17.56,0,Home & Garden,42.46,84.63,2025-04-22,17,4,Spring,0,,0,Spring,221,63,4,98,22,17,4,2025,1,0,0.0,0.0,8.0,8.0,0,0
2025-04-22,ST10,SKU02051,30,445.26,14.84,0,2025-04-22,30,445.26,14.84,0,Books,13.25,15.98,2025-04-22,17,4,Spring,0,,0,Spring,107,43,12,85,22,17,4,2025,1,0,0.0,0.0,30.0,30.0,0,0
2025-04-22,ST10,SKU02052,12,823.25,68.6,0,2025-04-22,12,823.25,68.6,0,Electronics,49.35,86.33,2025-04-22,17,4,Spring,0,,0,Spring,220,88,4,59,22,17,4,2025,1,0,0.0,0.0,12.0,12.0,0,0
2025-04-23,ST01,SKU02053,15,267.35,17.82,0,2025-04-23,15,267.35,17.82,0,Home & Garden,40.94,52.63,2025-04-23,17,4,Spring,0,,0,Spring,120,69,8,84,23,17,4,2025,2,0,0.0,0.0,15.0,15.0,0,0
2025-04-23,ST01,SKU02054,20,898.08,44.9,1,2025-04-23,20,898.08,44.9,1,Home & Garden,43.57,80.76,2025-04-23,17,4,Spring,0,,0,Spring,372,12,5,55,23,17,4,2025,2,0,0.0,0.0,20.0,20.0,0,1
2025-04-23,ST02,SKU02055,25,399.18,15.97,0,2025-04-23,25,399.18,15.97,0,Sports,33.38,51.54,2025-04-23,17,4,Spring,0,,0,Spring,362,23,7,99,23,17,4,2025,2,0,0.0,0.0,25.0,25.0,0,0
2025-04-23,ST02,SKU02056,8,567.86,70.98,0,2025-04-23,8,567.86,70.98,0,Food,8.52,14.14,2025-04-23,17,4,Spring,0,,0,Spring,348,59,12,78,23,17,4,2025,2,0,0.0,0.0,8.0,8.0,0,0
2025-04-23,ST03,SKU02057,30,238.23,7.94,0,2025-04-23,30,238.23,7.94,0,Health,47.13,92.02,2025-04-23,17,4,Spring,0,,0,Spring,347,75,3,95,23,17,4,2025,2,0,0.0,0.0,30.0,30.0,0,0
2025-04-23,ST03,SKU02058,12,208.61,17.38,0,2025-04-23,12,208.61,17.38,0,Electronics,47.88,66.62,2025-04-23,17,4,Spring,0,,0,Spring,60,97,12,47,23,17,4,2025,2,0,0.0,0.0,12.0,12.0,0,0
2025-04-23,ST04,SKU02059,15,172.85,11.52,0,2025-04-23,15,172.85,11.52,0,Electronics,16.38,20.53,2025-04-23,17,4,Spring,0,,0,Spring,134,99,10,81,23,17,4,2025,2,0,0.0,0.0,15.0,15.0,0,0
2025-04-23,ST04,SKU02060,20,2201.13,110.06,0,2025-04-23,20,2201.13,110.06,0,Automotive,17.21,20.71,2025-04-23,17,4,Spring,0,,0,Spring,95,43,8,82,23,17,4,2025,2,0,0.0,0.0,20.0,20.0,0,0
2025-04-23,ST05,SKU02061,25,878.1,35.12,0,2025-04-23,25,878.1,35.12,0,Clothing,37.45,52.64,2025-04-23,17,4,Spring,0,,0,Spring,236,93,4,59,23,17,4,2025,2,0,0.0,0.0,25.0,25.0,0,0
2025-04-23,ST05,SKU02062,8,140.49,17.56,0,2025-04-23,8,140.49,17.56,0,Beauty,40.61,70.84,2025-04-23,17,4,Spring,0,,0,Spring,313,97,11,49,23,17,4,2025,2,0,0.0,0.0,8.0,8.0,0,0
2025-04-23,ST06,SKU02063,30,445.26,14.84,1,2025-04-23,30,445.26,14.84,1,Sports,33.2,43.73,2025-04-23,17,4,Spring,0,,0,Spring,330,18,7,56,23,17,4,2025,2,0,0.0,0.0,30.0,30.0,0,1
2025-04-23,ST06,SKU02064,12,823.25,68.6,0,2025-04-23,12,823.25,68.6,0,Food,15.58,26.82,2025-04-23,17,4,Spring,0,,0,Spring,89,95,12,56,23,17,4,2025,2,0,0.0,0.0,12.0,12.0,0,0
2025-04-23,ST07,SKU02065,15,267.35,17.82,0,2025-04-23,15,267.35,17.82,0,Home & Garden,44.08,59.04,2025-04-23,17,4,Spring,0,,0,Spring,239,82,4,71,23,17,4,2025,2,0,0.0,0.0,15.0,15.0,0,0
2025-04-23,ST07,SKU02066,20,898.08,44.9,0,2025-04-23,20,898.08,44.9,0,Toys,5.76,11.11,2025-04-23,17,4,Spring,0,,0,Spring,462,38,11,62,23,17,4,2025,2,0,0.0,0.0,20.0,20.0,0,0
2025-04-23,ST08,SKU02067,25,399.18,15.97,0,2025-04-23,25,399.18,15.97,0,Sports,41.89,83.75,2025-04-23,17,4,Spring,0,,0,Spring,278,82,3,45,23,17,4,2025,2,0,0.0,0.0,25.0,25.0,0,0
2025-04-23,ST08,SKU02068,8,567.86,70.98,0,2025-04-23,8,567.86,70.98,0,Toys,8.46,12.95,2025-04-23,17,4,Spring,0,,0,Spring,328,6,12,41,23,17,4,2025,2,0,0.0,0.0,8.0,8.0,0,0
2025-04-23,ST09,SKU02069,30,238.23,7.94,0,2025-04-23,30,238.23,7.94,0,Electronics,48.45,93.63,2025-04-23,17,4,Spring,0,,0,Spring,121,4,12,98,23,17,4,2025,2,0,0.0,0.0,30.0,30.0,0,0
2025-04-23,ST09,SKU02070,12,208.61,17.38,0,2025-04-23,12,208.61,17.38,0,Clothing,40.78,53.36,2025-04-23,17,4,Spring,0,,0,Spring,226,25,7,51,23,17,4,2025,2,0,0.0,0.0,12.0,12.0,0,0
2025-04-23,ST10,SKU02071,15,172.85,11.52,0,2025-04-23,15,172.85,11.52,0,Automotive,7.78,13.91,2025-04-23,17,4,Spring,0,,0,Spring,318,27,3,52,23,17,4,2025,2,0,0.0,0.0,15.0,15.0,0,0
2025-04-23,ST10,SKU02072,20,2201.13,110.06,0,2025-04-23,20,2201.13,110.06,0,Home & Garden,9.51,13.47,2025-04-23,17,4,Spring,0,,0,Spring,402,17,4,59,23,17,4,2025,2,0,0.0,0.0,20.0,20.0,0,0
2025-04-24,ST01,SKU02073,25,878.1,35.12,0,2025-04-24,25,878.1,35.12,0,Home & Garden,14.17,19.96,2025-04-24,17,4,Spring,0,,0,Spring,331,15,9,62,24,17,4,2025,3,0,0.0,0.0,25.0,25.0,0,0
2025-04-24,ST01,SKU02074,8,140.49,17.56,1,2025-04-24,8,140.49,17.56,1,Automotive,20.4,40.5,2025-04-24,17,4,Spring,0,,0,Spring,203,47,3,67,24,17,4,2025,3,0,0.0,0.0,8.0,8.0,0,1
2025-04-24,ST02,SKU02075,30,445.26,14.84,0,2025-04-24,30,445.26,14.84,0,Sports,23.73,31.63,2025-04-24,17,4,Spring,0,,0,Spring,435,5,4,67,24,17,4,2025,3,0,0.0,0.0,30.0,30.0,0,0
2025-04-24,ST02,SKU02076,12,823.25,68.6,0,2025-04-24,12,823.25,68.6,0,Home & Garden,41.94,59.77,2025-04-24,17,4,Spring,0,,0,Spring,155,87,4,56,24,17,4,2025,3,0,0.0,0.0,12.0,12.0,0,0
2025-04-24,ST03,SKU02077,15,267.35,17.82,0,2025-04-24,15,267.35,17.82,0,Toys,7.55,9.78,2025-04-24,17,4,Spring,0,,0,Spring,474,71,12,46,24,17,4,2025,3,0,0.0,0.0,15.0,15.0,0,0
2025-04-24,ST03,SKU02078,20,898.08,44.9,0,2025-04-24,20,898.08,44.9,0,Clothing,15.97,23.07,2025-04-24,17,4,Spring,0,,0,Spring,296,61,12,99,24,17,4,2025,3,0,0.0,0.0,20.0,20.0,0,0
2025-04-24,ST04,SKU02079,25,399.18,15.97,0,2025-04-24,25,399.18,15.97,0,Books,25.06,44.29,2025-04-24,17,4,Spring,0,,0,Spring,199,5,12,68,24,17,4,2025,3,0,0.0,0.0,25.0,25.0,0,0
2025-04-24,ST04,SKU02080,8,567.86,70.98,0,2025-04-24,8,567.86,70.98,0,Beauty,12.83,19.1,2025-04-24,17,4,Spring,0,,0,Spring,189,98,8,80,24,17,4,2025,3,0,0.0,0.0,8.0,8.0,0,0
2025-04-24,ST05,SKU02081,30,238.23,7.94,0,2025-04-24,30,238.23,7.94,0,Books,27.5,35.81,2025-04-24,17,4,Spring,0,,0,Spring,200,47,9,79,24,17,4,2025,3,0,0.0,0.0,30.0,30.0,0,0
2025-04-24,ST05,SKU02082,12,208.61,17.38,0,2025-04-24,12,208.61,17.38,0,Toys,29.07,58.04,2025-04-24,17,4,Spring,0,,0,Spring,138,12,7,39,24,17,4,2025,3,0,0.0,0.0,12.0,12.0,0,0
2025-04-24,ST06,SKU02083,15,172.85,11.52,1,2025-04-24,15,172.85,11.52,1,Health,33.57,63.35,2025-04-24,17,4,Spring,0,,0,Spring,232,8,6,31,24,17,4,2025,3,0,0.0,0.0,15.0,15.0,0,1
2025-04-24,ST06,SKU02084,20,2201.13,110.06,0,2025-04-24,20,2201.13,110.06,0,Toys,40.84,68.46,2025-04-24,17,4,Spring,0,,0,Spring,458,12,4,80,24,17,4,2025,3,0,0.0,0.0,20.0,20.0,0,0
2025-04-24,ST07,SKU02085,25,878.1,35.12,0,2025-04-24,25,878.1,35.12,0,Health,41.61,73.74,2025-04-24,17,4,Spring,0,,0,Spring,235,33,5,32,24,17,4,2025,3,0,0.0,0.0,25.0,25.0,0,0
2025-04-24,ST07,SKU02086,8,140.49,17.56,0,2025-04-24,8,140.49,17.56,0,Food,45.96,60.83,2025-04-24,17,4,Spring,0,,0,Spring,169,58,8,77,24,17,4,2025,3,0,0.0,0.0,8.0,8.0,0,0
2025-04-24,ST08,SKU02087,30,445.26,14.84,0,2025-04-24,30,445.26,14.84,0,Sports,9.21,11.18,2025-04-24,17,4,Spring,0,,0,Spring,241,18,5,34,24,17,4,2025,3,0,0.0,0.0,30.0,30.0,0,0
2025-04-24,ST08,SKU02088,12,823.25,68.6,0,2025-04-24,12,823.25,68.6,0,Toys,17.47,27.25,2025-04-24,17,4,Spring,0,,0,Spring,372,10,11,97,24,17,4,2025,3,0,0.0,0.0,12.0,12.0,0,0
2025-04-24,ST09,SKU02089,15,267.35,17.82,0,2025-04-24,15,267.35,17.82,0,Beauty,44.69,87.92,2025-04-24,17,4,Spring,0,,0,Spring,178,90,4,41,24,17,4,2025,3,0,0.0,0.0,15.0,15.0,0,0
2025-04-24,ST09,SKU02090,20,898.08,44.9,0,2025-04-24,20,898.08,44.9,0,Home & Garden,43.32,81.92,2025-04-24,17,4,Spring,0,,0,Spring,382,40,4,66,24,17,4,2025,3,0,0.0,0.0,20.0,20.0,0,0
2025-04-24,ST10,SKU02091,25,399.18,15.97,0,2025-04-24,25,399.18,15.97,0,Books,20.45,24.85,2025-04-24,17,4,Spring,0,,0,Spring,222,79,10,51,24,17,4,2025,3,0,0.0,0.0,25.0,25.0,0,0
2025-04-24,ST10,SKU02092,8,567.86,70.98,0,2025-04-24,8,567.86,70.98,0,Home & Garden,5.39,6.55,2025-04-24,17,4,Spring,0,,0,Spring,405,10,9,87,24,17,4,2025,3,0,0.0,0.0,8.0,8.0,0,0
2025-04-25,ST01,SKU02093,30,238.23,7.94,0,2025-04-25,30,238.23,7.94,0,Health,24.59,39.84,2025-04-25,17,4,Spring,0,,0,Spring,223,28,5,44,25,17,4,2025,4,0,0.0,0.0,30.0,30.0,0,0
2025-04-25,ST01,SKU02094,12,208.61,17.38,1,2025-04-25,12,208.61,17.38,1,Clothing,5.34,8.21,2025-04-25,17,4,Spring,0,,0,Spring,365,94,12,72,25,17,4,2025,4,0,0.0,0.0,12.0,12.0,0,1
2025-04-25,ST02,SKU02095,15,172.85,11.52,0,2025-04-25,15,172.85,11.52,0,Automotive,11.55,21.97,2025-04-25,17,4,Spring,0,,0,Spring,257,73,3,93,25,17,4,2025,4,0,0.0,0.0,15.0,15.0,0,0
2025-04-25,ST02,SKU02096,20,2201.13,110.06,0,2025-04-25,20,2201.13,110.06,0,Electronics,15.49,28.66,2025-04-25,17,4,Spring,0,,0,Spring,209,63,5,31,25,17,4,2025,4,0,0.0,0.0,20.0,20.0,0,0
2025-04-25,ST03,SKU02097,25,878.1,35.12,0,2025-04-25,25,878.1,35.12,0,Health,13.0,19.26,2025-04-25,17,4,Spring,0,,0,Spring,201,86,4,67,25,17,4,2025,4,0,0.0,0.0,25.0,25.0,0,0
2025-04-25,ST03,SKU02098,8,140.49,17.56,0,2025-04-25,8,140.49,17.56,0,Health,33.26,62.0,2025-04-25,17,4,Spring,0,,0,Spring,80,25,5,54,25,17,4,2025,4,0,0.0,0.0,8.0,8.0,0,0
2025-04-25,ST04,SKU02099,30,445.26,14.84,0,2025-04-25,30,445.26,14.84,0,Health,31.89,57.13,2025-04-25,17,4,Spring,0,,0,Spring,353,64,7,96,25,17,4,2025,4,0,0.0,0.0,30.0,30.0,0,0
2025-04-25,ST04,SKU02100,12,823.25,68.6,0,2025-04-25,12,823.25,68.6,0,Electronics,29.36,36.47,2025-04-25,17,4,Spring,0,,0,Spring,395,17,11,67,25,17,4,2025,4,0,0.0,0.0,12.0,12.0,0,0
2025-04-25,ST05,SKU02101,15,267.35,17.82,0,2025-04-25,15,267.35,17.82,0,Clothing,14.19,24.15,2025-04-25,17,4,Spring,0,,0,Spring,136,20,11,94,25,17,4,2025,4,0,0.0,0.0,15.0,15.0,0,0
2025-04-25,ST05,SKU02102,20,898.08,44.9,0,2025-04-25,20,898.08,44.9,0,Food,27.83,43.23,2025-04-25,17,4,Spring,0,,0,Spring,454,26,12,99,25,17,4,2025,4,0,0.0,0.0,20.0,20.0,0,0
2025-04-25,ST06,SKU02103,25,399.18,15.97,1,2025-04-25,25,399.18,15.97,1,Electronics,30.46,58.9,2025-04-25,17,4,Spring,0,,0,Spring,93,99,3,69,25,17,4,2025,4,0,0.0,0.0,25.0,25.0,0,1
2025-04-25,ST06,SKU02104,8,567.86,70.98,0,2025-04-25,8,567.86,70.98,0,Clothing,25.3,44.91,2025-04-25,17,4,Spring,0,,0,Spring,293,2,9,95,25,17,4,2025,4,0,0.0,0.0,8.0,8.0,0,0
2025-04-25,ST07,SKU02105,30,238.23,7.94,0,2025-04-25,30,238.23,7.94,0,Automotive,27.16,36.77,2025-04-25,17,4,Spring,0,,0,Spring,297,45,8,59,25,17,4,2025,4,0,0.0,0.0,30.0,30.0,0,0
2025-04-25,ST07,SKU02106,12,208.61,17.38,0,2025-04-25,12,208.61,17.38,0,Food,14.8,20.72,2025-04-25,17,4,Spring,0,,0,Spring,118,8,7,40,25,17,4,2025,4,0,0.0,0.0,12.0,12.0,0,0
2025-04-25,ST08,SKU02107,15,172.85,11.52,0,2025-04-25,15,172.85,11.52,0,Toys,25.84,41.08,2025-04-25,17,4,Spring,0,,0,Spring,118,98,13,95,25,17,4,2025,4,0,0.0,0.0,15.0,15.0,0,0
2025-04-25,ST08,SKU02108,20,2201.13,110.06,0,2025-04-25,20,2201.13,110.06,0,Home & Garden,33.67,64.61,2025-04-25,17,4,Spring,0,,0,Spring,265,30,3,68,25,17,4,2025,4,0,0.0,0.0,20.0,20.0,0,0
2025-04-25,ST09,SKU02109,25,878.1,35.12,0,2025-04-25,25,878.1,35.12,0,Food,11.72,22.79,2025-04-25,17,4,Spring,0,,0,Spring,143,45,7,89,25,17,4,2025,4,0,0.0,0.0,25.0,25.0,0,0
2025-04-25,ST09,SKU02110,8,140.49,17.56,0,2025-04-25,8,140.49,17.56,0,Books,25.11,45.76,2025-04-25,17,4,Spring,0,,0,Spring,80,10,9,31,25,17,4,2025,4,0,0.0,0.0,8.0,8.0,0,0
2025-04-25,ST10,SKU02111,30,445.26,14.84,0,2025-04-25,30,445.26,14.84,0,Automotive,12.41,18.92,2025-04-25,17,4,Spring,0,,0,Spring,154,26,5,31,25,17,4,2025,4,0,0.0,0.0,30.0,30.0,0,0
2025-04-25,ST10,SKU02112,12,823.25,68.6,0,2025-04-25,12,823.25,68.6,0,Clothing,36.97,56.75,2025-04-25,17,4,Spring,0,,0,Spring,408,20,12,34,25,17,4,2025,4,0,0.0,0.0,12.0,12.0,0,0
2025-04-26,ST01,SKU02113,15,267.35,17.82,0,2025-04-26,15,267.35,17.82,0,Toys,22.19,27.13,2025-04-26,17,4,Spring,0,,0,Spring,229,44,7,49,26,17,4,2025,5,1,0.0,0.0,15.0,15.0,0,0
2025-04-26,ST01,SKU02114,20,898.08,44.9,1,2025-04-26,20,898.08,44.9,1,Toys,21.14,36.05,2025-04-26,17,4,Spring,0,,0,Spring,304,60,8,49,26,17,4,2025,5,1,0.0,0.0,20.0,20.0,0,1
2025-04-26,ST02,SKU02115,25,399.18,15.97,0,2025-04-26,25,399.18,15.97,0,Home & Garden,9.93,19.58,2025-04-26,17,4,Spring,0,,0,Spring,74,1,11,61,26,17,4,2025,5,1,0.0,0.0,25.0,25.0,0,0
2025-04-26,ST02,SKU02116,8,567.86,70.98,0,2025-04-26,8,567.86,70.98,0,Sports,48.3,95.23,2025-04-26,17,4,Spring,0,,0,Spring,75,69,11,96,26,17,4,2025,5,1,0.0,0.0,8.0,8.0,0,0
2025-04-26,ST03,SKU02117,30,238.23,7.94,0,2025-04-26,30,238.23,7.94,0,Automotive,37.29,67.92,2025-04-26,17,4,Spring,0,,0,Spring,274,0,5,34,26,17,4,2025,5,1,0.0,0.0,30.0,30.0,0,0
2025-04-26,ST03,SKU02118,12,208.61,17.38,0,2025-04-26,12,208.61,17.38,0,Clothing,9.52,15.3,2025-04-26,17,4,Spring,0,,0,Spring,62,18,11,86,26,17,4,2025,5,1,0.0,0.0,12.0,12.0,0,0
2025-04-26,ST04,SKU02119,15,172.85,11.52,0,2025-04-26,15,172.85,11.52,0,Books,16.17,32.19,2025-04-26,17,4,Spring,0,,0,Spring,420,34,7,51,26,17,4,2025,5,1,0.0,0.0,15.0,15.0,0,0
2025-04-26,ST04,SKU02120,20,2201.13,110.06,0,2025-04-26,20,2201.13,110.06,0,Home & Garden,29.0,57.9,2025-04-26,17,4,Spring,0,,0,Spring,408,76,11,76,26,17,4,2025,5,1,0.0,0.0,20.0,20.0,0,0
2025-04-26,ST05,SKU02121,25,878.1,35.12,0,2025-04-26,25,878.1,35.12,0,Health,14.54,20.23,2025-04-26,17,4,Spring,0,,0,Spring,487,2,7,60,26,17,4,2025,5,1,0.0,0.0,25.0,25.0,0,0
2025-04-26,ST05,SKU02122,8,140.49,17.56,0,2025-04-26,8,140.49,17.56,0,Toys,6.87,9.38,2025-04-26,17,4,Spring,0,,0,Spring,118,87,10,62,26,17,4,2025,5,1,0.0,0.0,8.0,8.0,0,0
2025-04-26,ST06,SKU02123,30,445.26,14.84,1,2025-04-26,30,445.26,14.84,1,Automotive,5.88,11.2,2025-04-26,17,4,Spring,0,,0,Spring,249,87,4,45,26,17,4,2025,5,1,0.0,0.0,30.0,30.0,0,1
2025-04-26,ST06,SKU02124,12,823.25,68.6,0,2025-04-26,12,823.25,68.6,0,Home & Garden,20.23,24.39,2025-04-26,17,4,Spring,0,,0,Spring,421,75,12,68,26,17,4,2025,5,1,0.0,0.0,12.0,12.0,0,0
2025-04-26,ST07,SKU02125,15,267.35,17.82,0,2025-04-26,15,267.35,17.82,0,Toys,43.62,66.57,2025-04-26,17,4,Spring,0,,0,Spring,138,45,10,76,26,17,4,2025,5,1,0.0,0.0,15.0,15.0,0,0
2025-04-26,ST07,SKU02126,20,898.08,44.9,0,2025-04-26,20,898.08,44.9,0,Home & Garden,34.26,61.44,2025-04-26,17,4,Spring,0,,0,Spring,221,8,10,79,26,17,4,2025,5,1,0.0,0.0,20.0,20.0,0,0
2025-04-26,ST08,SKU02127,25,399.18,15.97,0,2025-04-26,25,399.18,15.97,0,Electronics,10.47,17.87,2025-04-26,17,4,Spring,0,,0,Spring,126,59,13,44,26,17,4,2025,5,1,0.0,0.0,25.0,25.0,0,0
2025-04-26,ST08,SKU02128,8,567.86,70.98,0,2025-04-26,8,567.86,70.98,0,Clothing,21.59,39.21,2025-04-26,17,4,Spring,0,,0,Spring,341,62,7,70,26,17,4,2025,5,1,0.0,0.0,8.0,8.0,0,0
2025-04-26,ST09,SKU02129,30,238.23,7.94,0,2025-04-26,30,238.23,7.94,0,Automotive,10.21,19.15,2025-04-26,17,4,Spring,0,,0,Spring,379,23,4,78,26,17,4,2025,5,1,0.0,0.0,30.0,30.0,0,0
2025-04-26,ST09,SKU02130,12,208.61,17.38,0,2025-04-26,12,208.61,17.38,0,Toys,28.41,34.94,2025-04-26,17,4,Spring,0,,0,Spring,195,6,6,98,26,17,4,2025,5,1,0.0,0.0,12.0,12.0,0,0
2025-04-26,ST10,SKU02131,15,172.85,11.52,0,2025-04-26,15,172.85,11.52,0,Electronics,45.85,58.23,2025-04-26,17,4,Spring,0,,0,Spring,109,54,5,58,26,17,4,2025,5,1,0.0,0.0,15.0,15.0,0,0
2025-04-26,ST10,SKU02132,20,2201.13,110.06,0,2025-04-26,20,2201.13,110.06,0,Sports,14.7,27.21,2025-04-26,17,4,Spring,0,,0,Spring,200,13,3,62,26,17,4,2025,5,1,0.0,0.0,20.0,20.0,0,0
2025-04-27,ST01,SKU02133,25,878.1,35.12,0,2025-04-27,25,878.1,35.12,0,Clothing,14.04,25.89,2025-04-27,18,4,Spring,0,,0,Spring,202,20,3,52,27,17,4,2025,6,1,0.0,0.0,25.0,25.0,0,0
2025-04-27,ST01,SKU02134,8,140.49,17.56,1,2025-04-27,8,140.49,17.56,1,Books,18.01,35.34,2025-04-27,18,4,Spring,0,,0,Spring,106,80,12,43,27,17,4,2025,6,1,0.0,0.0,8.0,8.0,0,1
2025-04-27,ST02,SKU02135,30,445.26,14.84,0,2025-04-27,30,445.26,14.84,0,Home & Garden,30.53,45.85,2025-04-27,18,4,Spring,0,,0,Spring,142,19,5,82,27,17,4,2025,6,1,0.0,0.0,30.0,30.0,0,0
2025-04-27,ST02,SKU02136,12,823.25,68.6,0,2025-04-27,12,823.25,68.6,0,Electronics,17.31,26.31,2025-04-27,18,4,Spring,0,,0,Spring,408,55,4,52,27,17,4,2025,6,1,0.0,0.0,12.0,12.0,0,0
2025-04-27,ST03,SKU02137,15,267.35,17.82,0,2025-04-27,15,267.35,17.82,0,Home & Garden,48.22,59.58,2025-04-27,18,4,Spring,0,,0,Spring,495,32,9,47,27,17,4,2025,6,1,0.0,0.0,15.0,15.0,0,0
2025-04-27,ST03,SKU02138,20,898.08,44.9,0,2025-04-27,20,898.08,44.9,0,Food,16.6,29.23,2025-04-27,18,4,Spring,0,,0,Spring,122,32,8,46,27,17,4,2025,6,1,0.0,0.0,20.0,20.0,0,0
2025-04-27,ST04,SKU02139,25,399.18,15.97,0,2025-04-27,25,399.18,15.97,0,Home & Garden,7.23,12.14,2025-04-27,18,4,Spring,0,,0,Spring,68,90,8,63,27,17,4,2025,6,1,0.0,0.0,25.0,25.0,0,0
2025-04-27,ST04,SKU02140,8,567.86,70.98,0,2025-04-27,8,567.86,70.98,0,Health,5.6,9.14,2025-04-27,18,4,Spring,0,,0,Spring,133,24,6,40,27,17,4,2025,6,1,0.0,0.0,8.0,8.0,0,0
2025-04-27,ST05,SKU02141,30,238.23,7.94,0,2025-04-27,30,238.23,7.94,0,Sports,27.45,34.53,2025-04-27,18,4,Spring,0,,0,Spring,396,15,12,90,27,17,4,2025,6,1,0.0,0.0,30.0,30.0,0,0
2025-04-27,ST05,SKU02142,12,208.61,17.38,0,2025-04-27,12,208.61,17.38,0,Clothing,10.65,19.3,2025-04-27,18,4,Spring,0,,0,Spring,302,93,3,36,27,17,4,2025,6,1,0.0,0.0,12.0,12.0,0,0
2025-04-27,ST06,SKU02143,15,172.85,11.52,1,2025-04-27,15,172.85,11.52,1,Health,26.84,35.41,2025-04-27,18,4,Spring,0,,0,Spring,321,98,12,45,27,17,4,2025,6,1,0.0,0.0,15.0,15.0,0,1
2025-04-27,ST06,SKU02144,20,2201.13,110.06,0,2025-04-27,20,2201.13,110.06,0,Electronics,29.14,55.02,2025-04-27,18,4,Spring,0,,0,Spring,473,11,5,50,27,17,4,2025,6,1,0.0,0.0,20.0,20.0,0,0
2025-04-27,ST07,SKU02145,25,878.1,35.12,0,2025-04-27,25,878.1,35.12,0,Home & Garden,32.59,43.21,2025-04-27,18,4,Spring,0,,0,Spring,227,42,6,46,27,17,4,2025,6,1,0.0,0.0,25.0,25.0,0,0
2025-04-27,ST07,SKU02146,8,140.49,17.56,0,2025-04-27,8,140.49,17.56,0,Home & Garden,33.94,61.43,2025-04-27,18,4,Spring,0,,0,Spring,337,40,8,56,27,17,4,2025,6,1,0.0,0.0,8.0,8.0,0,0
2025-04-27,ST08,SKU02147,30,445.26,14.84,0,2025-04-27,30,445.26,14.84,0,Clothing,33.21,46.58,2025-04-27,18,4,Spring,0,,0,Spring,453,24,4,38,27,17,4,2025,6,1,0.0,0.0,30.0,30.0,0,0
2025-04-27,ST08,SKU02148,12,823.25,68.6,0,2025-04-27,12,823.25,68.6,0,Toys,41.8,82.9,2025-04-27,18,4,Spring,0,,0,Spring,141,52,8,32,27,17,4,2025,6,1,0.0,0.0,12.0,12.0,0,0
2025-04-27,ST09,SKU02149,15,267.35,17.82,0,2025-04-27,15,267.35,17.82,0,Books,25.47,45.92,2025-04-27,18,4,Spring,0,,0,Spring,152,96,9,30,27,17,4,2025,6,1,0.0,0.0,15.0,15.0,0,0
2025-04-27,ST09,SKU02150,20,898.08,44.9,0,2025-04-27,20,898.08,44.9,0,Beauty,28.44,49.35,2025-04-27,18,4,Spring,0,,0,Spring,150,69,4,76,27,17,4,2025,6,1,0.0,0.0,20.0,20.0,0,0
2025-04-27,ST10,SKU02151,25,399.18,15.97,0,2025-04-27,25,399.18,15.97,0,Clothing,16.73,24.05,2025-04-27,18,4,Spring,0,,0,Spring,286,25,11,43,27,17,4,2025,6,1,0.0,0.0,25.0,25.0,0,0
2025-04-27,ST10,SKU02152,8,567.86,70.98,0,2025-04-27,8,567.86,70.98,0,Health,43.53,55.69,2025-04-27,18,4,Spring,0,,0,Spring,231,70,12,60,27,17,4,2025,6,1,0.0,0.0,8.0,8.0,0,0
2025-04-28,ST01,SKU02153,30,238.23,7.94,0,2025-04-28,30,238.23,7.94,0,Beauty,8.56,13.33,2025-04-28,18,4,Spring,0,,0,Spring,364,94,12,46,28,18,4,2025,0,0,0.0,0.0,30.0,30.0,0,0
2025-04-28,ST01,SKU02154,12,208.61,17.38,1,2025-04-28,12,208.61,17.38,1,Beauty,37.4,47.91,2025-04-28,18,4,Spring,0,,0,Spring,447,35,12,53,28,18,4,2025,0,0,0.0,0.0,12.0,12.0,0,1
2025-04-28,ST02,SKU02155,15,172.85,11.52,0,2025-04-28,15,172.85,11.52,0,Clothing,36.35,46.44,2025-04-28,18,4,Spring,0,,0,Spring,158,62,8,54,28,18,4,2025,0,0,0.0,0.0,15.0,15.0,0,0
2025-04-28,ST02,SKU02156,20,2201.13,110.06,0,2025-04-28,20,2201.13,110.06,0,Books,15.61,27.64,2025-04-28,18,4,Spring,0,,0,Spring,236,31,6,47,28,18,4,2025,0,0,0.0,0.0,20.0,20.0,0,0
2025-04-28,ST03,SKU02157,25,878.1,35.12,0,2025-04-28,25,878.1,35.12,0,Beauty,41.1,61.98,2025-04-28,18,4,Spring,0,,0,Spring,86,25,11,93,28,18,4,2025,0,0,0.0,0.0,25.0,25.0,0,0
2025-04-28,ST03,SKU02158,8,140.49,17.56,0,2025-04-28,8,140.49,17.56,0,Sports,31.71,41.28,2025-04-28,18,4,Spring,0,,0,Spring,377,19,8,59,28,18,4,2025,0,0,0.0,0.0,8.0,8.0,0,0
2025-04-28,ST04,SKU02159,30,445.26,14.84,0,2025-04-28,30,445.26,14.84,0,Home & Garden,12.24,21.54,2025-04-28,18,4,Spring,0,,0,Spring,102,91,5,92,28,18,4,2025,0,0,0.0,0.0,30.0,30.0,0,0
2025-04-28,ST04,SKU02160,12,823.25,68.6,0,2025-04-28,12,823.25,68.6,0,Food,43.39,72.25,2025-04-28,18,4,Spring,0,,0,Spring,316,30,3,48,28,18,4,2025,0,0,0.0,0.0,12.0,12.0,0,0
2025-04-28,ST05,SKU02161,15,267.35,17.82,0,2025-04-28,15,267.35,17.82,0,Electronics,41.66,81.19,2025-04-28,18,4,Spring,0,,0,Spring,445,14,13,66,28,18,4,2025,0,0,0.0,0.0,15.0,15.0,0,0
2025-04-28,ST05,SKU02162,20,898.08,44.9,0,2025-04-28,20,898.08,44.9,0,Automotive,21.27,31.62,2025-04-28,18,4,Spring,0,,0,Spring,78,25,4,44,28,18,4,2025,0,0,0.0,0.0,20.0,20.0,0,0
2025-04-28,ST06,SKU02163,25,399.18,15.97,1,2025-04-28,25,399.18,15.97,1,Sports,31.3,57.51,2025-04-28,18,4,Spring,0,,0,Spring,293,3,8,79,28,18,4,2025,0,0,0.0,0.0,25.0,25.0,0,1
2025-04-28,ST06,SKU02164,8,567.86,70.98,0,2025-04-28,8,567.86,70.98,0,Beauty,26.24,41.77,2025-04-28,18,4,Spring,0,,0,Spring,215,22,13,57,28,18,4,2025,0,0,0.0,0.0,8.0,8.0,0,0
2025-04-28,ST07,SKU02165,30,238.23,7.94,0,2025-04-28,30,238.23,7.94,0,Electronics,42.44,64.62,2025-04-28,18,4,Spring,0,,0,Spring,243,7,13,47,28,18,4,2025,0,0,0.0,0.0,30.0,30.0,0,0
2025-04-28,ST07,SKU02166,12,208.61,17.38,0,2025-04-28,12,208.61,17.38,0,Electronics,47.05,83.8,2025-04-28,18,4,Spring,0,,0,Spring,488,49,8,38,28,18,4,2025,0,0,0.0,0.0,12.0,12.0,0,0
2025-04-28,ST08,SKU02167,15,172.85,11.52,0,2025-04-28,15,172.85,11.52,0,Home & Garden,15.73,28.86,2025-04-28,18,4,Spring,0,,0,Spring,444,62,5,82,28,18,4,2025,0,0,0.0,0.0,15.0,15.0,0,0
2025-04-28,ST08,SKU02168,20,2201.13,110.06,0,2025-04-28,20,2201.13,110.06,0,Books,28.75,47.32,2025-04-28,18,4,Spring,0,,0,Spring,472,77,10,57,28,18,4,2025,0,0,0.0,0.0,20.0,20.0,0,0
2025-04-28,ST09,SKU02169,25,878.1,35.12,0,2025-04-28,25,878.1,35.12,0,Health,15.75,30.86,2025-04-28,18,4,Spring,0,,0,Spring,124,38,11,50,28,18,4,2025,0,0,0.0,0.0,25.0,25.0,0,0
2025-04-28,ST09,SKU02170,8,140.49,17.56,0,2025-04-28,8,140.49,17.56,0,Health,12.67,19.74,2025-04-28,18,4,Spring,0,,0,Spring,443,42,5,77,28,18,4,2025,0,0,0.0,0.0,8.0,8.0,0,0
2025-04-28,ST10,SKU02171,30,445.26,14.84,0,2025-04-28,30,445.26,14.84,0,Electronics,6.58,9.6,2025-04-28,18,4,Spring,0,,0,Spring,135,20,6,79,28,18,4,2025,0,0,0.0,0.0,30.0,30.0,0,0
2025-04-28,ST10,SKU02172,12,823.25,68.6,0,2025-04-28,12,823.25,68.6,0,Health,18.07,22.86,2025-04-28,18,4,Spring,0,,0,Spring,200,12,7,33,28,18,4,2025,0,0,0.0,0.0,12.0,12.0,0,0
2025-04-29,ST01,SKU02173,15,267.35,17.82,0,2025-04-29,15,267.35,17.82,0,Home & Garden,25.13,49.56,2025-04-29,18,4,Spring,0,,0,Spring,383,71,11,64,29,18,4,2025,1,0,0.0,0.0,15.0,15.0,0,0
2025-04-29,ST01,SKU02174,20,898.08,44.9,1,2025-04-29,20,898.08,44.9,1,Sports,17.52,23.6,2025-04-29,18,4,Spring,0,,0,Spring,150,20,12,47,29,18,4,2025,1,0,0.0,0.0,20.0,20.0,0,1
2025-04-29,ST02,SKU02175,25,399.18,15.97,0,2025-04-29,25,399.18,15.97,0,Toys,25.6,46.27,2025-04-29,18,4,Spring,0,,0,Spring,402,71,5,72,29,18,4,2025,1,0,0.0,0.0,25.0,25.0,0,0
2025-04-29,ST02,SKU02176,8,567.86,70.98,0,2025-04-29,8,567.86,70.98,0,Clothing,8.45,14.63,2025-04-29,18,4,Spring,0,,0,Spring,144,97,8,96,29,18,4,2025,1,0,0.0,0.0,8.0,8.0,0,0
2025-04-29,ST03,SKU02177,30,238.23,7.94,0,2025-04-29,30,238.23,7.94,0,Toys,23.85,43.43,2025-04-29,18,4,Spring,0,,0,Spring,445,99,4,31,29,18,4,2025,1,0,0.0,0.0,30.0,30.0,0,0
2025-04-29,ST03,SKU02178,12,208.61,17.38,0,2025-04-29,12,208.61,17.38,0,Electronics,37.52,73.41,2025-04-29,18,4,Spring,0,,0,Spring,448,22,3,36,29,18,4,2025,1,0,0.0,0.0,12.0,12.0,0,0
2025-04-29,ST04,SKU02179,15,172.85,11.52,0,2025-04-29,15,172.85,11.52,0,Clothing,31.25,49.07,2025-04-29,18,4,Spring,0,,0,Spring,271,27,3,61,29,18,4,2025,1,0,0.0,0.0,15.0,15.0,0,0
2025-04-29,ST04,SKU02180,20,2201.13,110.06,0,2025-04-29,20,2201.13,110.06,0,Automotive,13.92,26.44,2025-04-29,18,4,Spring,0,,0,Spring,375,87,8,56,29,18,4,2025,1,0,0.0,0.0,20.0,20.0,0,0
2025-04-29,ST05,SKU02181,25,878.1,35.12,0,2025-04-29,25,878.1,35.12,0,Health,24.3,32.83,2025-04-29,18,4,Spring,0,,0,Spring,387,87,7,53,29,18,4,2025,1,0,0.0,0.0,25.0,25.0,0,0
2025-04-29,ST05,SKU02182,8,140.49,17.56,0,2025-04-29,8,140.49,17.56,0,Health,17.04,27.52,2025-04-29,18,4,Spring,0,,0,Spring,407,33,10,76,29,18,4,2025,1,0,0.0,0.0,8.0,8.0,0,0
2025-04-29,ST06,SKU02183,30,445.26,14.84,1,2025-04-29,30,445.26,14.84,1,Sports,8.69,11.79,2025-04-29,18,4,Spring,0,,0,Spring,252,85,8,53,29,18,4,2025,1,0,0.0,0.0,30.0,30.0,0,1
2025-04-29,ST06,SKU02184,12,823.25,68.6,0,2025-04-29,12,823.25,68.6,0,Toys,38.06,55.47,2025-04-29,18,4,Spring,0,,0,Spring,370,17,11,57,29,18,4,2025,1,0,0.0,0.0,12.0,12.0,0,0
2025-04-29,ST07,SKU02185,15,267.35,17.82,0,2025-04-29,15,267.35,17.82,0,Sports,29.52,41.79,2025-04-29,18,4,Spring,0,,0,Spring,429,70,9,63,29,18,4,2025,1,0,0.0,0.0,15.0,15.0,0,0
2025-04-29,ST07,SKU02186,20,898.08,44.9,0,2025-04-29,20,898.08,44.9,0,Health,27.21,42.52,2025-04-29,18,4,Spring,0,,0,Spring,444,85,12,64,29,18,4,2025,1,0,0.0,0.0,20.0,20.0,0,0
2025-04-29,ST08,SKU02187,25,399.18,15.97,0,2025-04-29,25,399.18,15.97,0,Beauty,16.93,29.41,2025-04-29,18,4,Spring,0,,0,Spring,165,92,12,57,29,18,4,2025,1,0,0.0,0.0,25.0,25.0,0,0
2025-04-29,ST08,SKU02188,8,567.86,70.98,0,2025-04-29,8,567.86,70.98,0,Home & Garden,14.09,18.15,2025-04-29,18,4,Spring,0,,0,Spring,428,81,4,53,29,18,4,2025,1,0,0.0,0.0,8.0,8.0,0,0
2025-04-29,ST09,SKU02189,30,238.23,7.94,0,2025-04-29,30,238.23,7.94,0,Electronics,40.4,64.96,2025-04-29,18,4,Spring,0,,0,Spring,185,52,10,33,29,18,4,2025,1,0,0.0,0.0,30.0,30.0,0,0
2025-04-29,ST09,SKU02190,12,208.61,17.38,0,2025-04-29,12,208.61,17.38,0,Food,10.18,17.01,2025-04-29,18,4,Spring,0,,0,Spring,149,4,3,78,29,18,4,2025,1,0,0.0,0.0,12.0,12.0,0,0
2025-04-29,ST10,SKU02191,15,172.85,11.52,0,2025-04-29,15,172.85,11.52,0,Books,14.03,26.72,2025-04-29,18,4,Spring,0,,0,Spring,403,29,10,92,29,18,4,2025,1,0,0.0,0.0,15.0,15.0,0,0
2025-04-29,ST10,SKU02192,20,2201.13,110.06,0,2025-04-29,20,2201.13,110.06,0,Health,19.11,32.41,2025-04-29,18,4,Spring,0,,0,Spring,224,25,11,66,29,18,4,2025,1,0,0.0,0.0,20.0,20.0,0,0
2025-04-30,ST01,SKU02193,25,878.1,35.12,0,2025-04-30,25,878.1,35.12,0,Sports,23.47,45.69,2025-04-30,18,4,Spring,0,,0,Spring,275,6,10,68,30,18,4,2025,2,0,0.0,0.0,25.0,25.0,0,0
2025-04-30,ST01,SKU02194,8,140.49,17.56,1,2025-04-30,8,140.49,17.56,1,Food,43.23,70.3,2025-04-30,18,4,Spring,0,,0,Spring,239,91,7,33,30,18,4,2025,2,0,0.0,0.0,8.0,8.0,0,1
2025-04-30,ST02,SKU02195,30,445.26,14.84,0,2025-04-30,30,445.26,14.84,0,Beauty,49.15,88.09,2025-04-30,18,4,Spring,0,,0,Spring,413,24,9,57,30,18,4,2025,2,0,0.0,0.0,30.0,30.0,0,0
2025-04-30,ST02,SKU02196,12,823.25,68.6,0,2025-04-30,12,823.25,68.6,0,Books,39.04,49.83,2025-04-30,18,4,Spring,0,,0,Spring,246,66,12,49,30,18,4,2025,2,0,0.0,0.0,12.0,12.0,0,0
2025-04-30,ST03,SKU02197,15,267.35,17.82,0,2025-04-30,15,267.35,17.82,0,Toys,23.16,46.21,2025-04-30,18,4,Spring,0,,0,Spring,132,10,10,96,30,18,4,2025,2,0,0.0,0.0,15.0,15.0,0,0
2025-04-30,ST03,SKU02198,20,898.08,44.9,0,2025-04-30,20,898.08,44.9,0,Home & Garden,7.26,9.08,2025-04-30,18,4,Spring,0,,0,Spring,312,22,9,63,30,18,4,2025,2,0,0.0,0.0,20.0,20.0,0,0
2025-04-30,ST04,SKU02199,25,399.18,15.97,0,2025-04-30,25,399.18,15.97,0,Food,14.13,25.38,2025-04-30,18,4,Spring,0,,0,Spring,411,18,12,38,30,18,4,2025,2,0,0.0,0.0,25.0,25.0,0,0
2025-04-30,ST04,SKU02200,8,567.86,70.98,0,2025-04-30,8,567.86,70.98,0,Home & Garden,34.95,55.74,2025-04-30,18,4,Spring,0,,0,Spring,353,81,11,77,30,18,4,2025,2,0,0.0,0.0,8.0,8.0,0,0
2025-04-30,ST05,SKU02201,30,238.23,7.94,0,2025-04-30,30,238.23,7.94,0,Sports,18.55,25.96,2025-04-30,18,4,Spring,0,,0,Spring,222,24,6,54,30,18,4,2025,2,0,0.0,0.0,30.0,30.0,0,0
2025-04-30,ST05,SKU02202,12,208.61,17.38,0,2025-04-30,12,208.61,17.38,0,Books,16.46,26.19,2025-04-30,18,4,Spring,0,,0,Spring,452,38,9,56,30,18,4,2025,2,0,0.0,0.0,12.0,12.0,0,0
2025-04-30,ST06,SKU02203,15,172.85,11.52,1,2025-04-30,15,172.85,11.52,1,Automotive,14.21,23.5,2025-04-30,18,4,Spring,0,,0,Spring,153,73,6,48,30,18,4,2025,2,0,0.0,0.0,15.0,15.0,0,1
2025-04-30,ST06,SKU02204,20,2201.13,110.06,0,2025-04-30,20,2201.13,110.06,0,Books,11.4,14.16,2025-04-30,18,4,Spring,0,,0,Spring,304,27,7,62,30,18,4,2025,2,0,0.0,0.0,20.0,20.0,0,0
2025-04-30,ST07,SKU02205,25,878.1,35.12,0,2025-04-30,25,878.1,35.12,0,Home & Garden,17.57,26.28,2025-04-30,18,4,Spring,0,,0,Spring,289,9,5,59,30,18,4,2025,2,0,0.0,0.0,25.0,25.0,0,0
2025-04-30,ST07,SKU02206,8,140.49,17.56,0,2025-04-30,8,140.49,17.56,0,Clothing,44.85,54.18,2025-04-30,18,4,Spring,0,,0,Spring,71,2,7,77,30,18,4,2025,2,0,0.0,0.0,8.0,8.0,0,0
2025-04-30,ST08,SKU02207,30,445.26,14.84,0,2025-04-30,30,445.26,14.84,0,Sports,30.73,45.02,2025-04-30,18,4,Spring,0,,0,Spring,307,75,8,35,30,18,4,2025,2,0,0.0,0.0,30.0,30.0,0,0
2025-04-30,ST08,SKU02208,12,823.25,68.6,0,2025-04-30,12,823.25,68.6,0,Food,27.85,44.54,2025-04-30,18,4,Spring,0,,0,Spring,156,39,13,31,30,18,4,2025,2,0,0.0,0.0,12.0,12.0,0,0
2025-04-30,ST09,SKU02209,15,267.35,17.82,0,2025-04-30,15,267.35,17.82,0,Electronics,5.71,8.49,2025-04-30,18,4,Spring,0,,0,Spring,250,1,3,84,30,18,4,2025,2,0,0.0,0.0,15.0,15.0,0,0
2025-04-30,ST09,SKU02210,20,898.08,44.9,0,2025-04-30,20,898.08,44.9,0,Beauty,11.1,14.62,2025-04-30,18,4,Spring,0,,0,Spring,249,59,3,35,30,18,4,2025,2,0,0.0,0.0,20.0,20.0,0,0
2025-04-30,ST10,SKU02211,25,399.18,15.97,0,2025-04-30,25,399.18,15.97,0,Books,9.54,12.97,2025-04-30,18,4,Spring,0,,0,Spring,285,18,13,30,30,18,4,2025,2,0,0.0,0.0,25.0,25.0,0,0
2025-04-30,ST10,SKU02212,8,567.86,70.98,0,2025-04-30,8,567.86,70.98,0,Beauty,47.19,82.74,2025-04-30,18,4,Spring,0,,0,Spring,284,32,10,61,30,18,4,2025,2,0,0.0,0.0,8.0,8.0,0,0
