SKU,Current_Stock,Forecast,Stockout_Risk,Overstock_Risk,Risk_Score,Recommendation,Category
SKU00001,215.0,12.0,None,High,75,Markdown/Clear,Home & Kitchen
SKU00002,0.0,8.0,High,None,75,Reorder Now,Dairy & Bakery
SKU00003,49.0,4.96,None,High,75,Markdown/Clear,Stationery & Office
SKU00004,148.0,15.0,None,High,75,Markdown/Clear,Dairy & Bakery
SKU00005,104.0,10.0,None,High,75,Markdown/Clear,Home Care
SKU00006,58.0,3.0,None,High,75,Markdown/Clear,Health & Wellness
SKU00007,40.0,20.0,Low,High,75,Watch,Beverages
SKU00008,,8.0,None,None,0,Healthy,Frozen Foods
SKU00009,33.0,15.0,None,High,75,Markdown/Clear,Frozen Foods
SKU00010,,5.02,None,None,0,Healthy,Apparel & Footwear
SKU00011,3.0,25.0,High,None,75,Reorder Now,Stationery & Office
SKU00012,,10.0,None,None,0,Healthy,Health & Wellness
SKU00013,56.0,18.0,None,High,75,Markdown/Clear,Personal Care
SKU00014,33.0,30.0,Medium,Low,50,Reorder Now,Personal Care
SKU00015,79.0,12.0,None,High,75,Markdown/Clear,Home Care
SKU00016,27.0,8.0,None,High,75,Markdown/Clear,Apparel & Footwear
SKU00017,13.0,20.0,High,None,75,Reorder Now,Dairy & Bakery
SKU00018,8.0,15.0,High,None,75,Reorder Now,Snacks & Confectionery
SKU00019,120.0,6.48,None,High,75,Markdown/Clear,Personal Care
SKU00020,0.0,25.0,High,None,75,Reorder Now,Grocery
SKU00021,163.0,18.0,None,High,75,Markdown/Clear,Beverages
SKU00022,,15.0,None,None,0,Healthy,Beverages
SKU00023,20.0,5.85,None,High,75,Markdown/Clear,Apparel & Footwear
SKU00024,326.0,10.0,None,High,75,Markdown/Clear,Electronics & Accessories
SKU00025,151.0,8.0,None,High,75,Markdown/Clear,Electronics & Accessories
SKU00026,81.0,20.0,None,High,75,Markdown/Clear,Home Care
SKU00027,4.0,12.0,High,None,75,Reorder Now,Electronics & Accessories
SKU00028,45.0,25.0,Low,High,75,Watch,Beverages
SKU00029,,5.1,None,None,0,Healthy,Home & Kitchen
SKU00030,39.0,15.0,None,High,75,Markdown/Clear,Frozen Foods
SKU00031,173.0,10.0,None,High,75,Markdown/Clear,Stationery & Office
SKU00032,52.0,30.0,Low,High,75,Watch,Beverages
SKU00033,136.0,8.0,None,High,75,Markdown/Clear,Home Care
SKU00034,45.0,5.96,None,High,75,Markdown/Clear,Electronics & Accessories
SKU00035,128.0,12.0,None,High,75,Markdown/Clear,Home Care
SKU00036,134.0,10.0,None,High,75,Markdown/Clear,Home Care
SKU00037,230.0,20.0,None,High,75,Markdown/Clear,Beverages
SKU00038,18.0,15.0,Medium,Medium,50,Reorder Now,Personal Care
SKU00039,162.0,25.0,None,High,75,Markdown/Clear,Snacks & Confectionery
SKU00040,101.0,18.0,None,High,75,Markdown/Clear,Dairy & Bakery
SKU00041,41.0,10.0,None,High,75,Markdown/Clear,Electronics & Accessories
SKU00042,,8.0,None,None,0,Healthy,Health & Wellness
SKU00043,107.0,15.0,None,High,75,Markdown/Clear,Health & Wellness
SKU00044,47.0,20.0,None,High,75,Markdown/Clear,Personal Care
SKU00045,50.0,12.0,None,High,75,Markdown/Clear,Stationery & Office
SKU00046,52.0,8.0,None,High,75,Markdown/Clear,Beverages
SKU00047,54.0,10.0,None,High,75,Markdown/Clear,Personal Care
SKU00048,114.0,25.0,None,High,75,Markdown/Clear,Beverages
SKU00049,50.0,15.0,None,High,75,Markdown/Clear,Personal Care
SKU00050,1.0,30.0,High,None,75,Reorder Now,Stationery & Office
SKU00051,123.0,18.0,None,High,75,Markdown/Clear,Personal Care
SKU00052,20.0,10.0,Low,High,75,Watch,Home & Kitchen
SKU00053,60.0,20.0,None,High,75,Markdown/Clear,Home Care
SKU00054,,8.0,None,None,0,Healthy,Electronics & Accessories
SKU00055,,12.0,None,None,0,Healthy,Home Care
SKU00056,4.0,15.0,High,None,75,Reorder Now,Dairy & Bakery
SKU00057,30.0,10.0,None,High,75,Markdown/Clear,Apparel & Footwear
SKU00058,149.0,25.0,None,High,75,Markdown/Clear,Stationery & Office
SKU00059,164.0,20.0,None,High,75,Markdown/Clear,Dairy & Bakery
SKU00060,183.0,15.0,None,High,75,Markdown/Clear,Apparel & Footwear
SKU00061,216.0,8.0,None,High,75,Markdown/Clear,Dairy & Bakery
SKU00062,44.0,12.0,None,High,75,Markdown/Clear,Electronics & Accessories
SKU00063,84.0,10.0,None,High,75,Markdown/Clear,Apparel & Footwear
SKU00064,150.0,20.0,None,High,75,Markdown/Clear,Home Care
SKU00065,215.0,15.0,None,High,75,Markdown/Clear,Electronics & Accessories
SKU00066,48.0,25.0,Low,High,75,Watch,Dairy & Bakery
SKU00067,164.0,10.0,None,High,75,Markdown/Clear,Grocery
SKU00068,8.0,8.0,High,Low,75,Reorder Now,Beverages
SKU00069,6.0,30.0,High,None,75,Reorder Now,Home Care
SKU00070,20.0,12.0,Low,High,75,Watch,Home & Kitchen
SKU00071,113.0,15.0,None,High,75,Markdown/Clear,Beverages
SKU00072,,20.0,None,None,0,Healthy,Home Care
SKU00073,126.0,8.0,None,High,75,Markdown/Clear,Electronics & Accessories
SKU00074,23.0,25.0,High,None,75,Reorder Now,Snacks & Confectionery
SKU00075,261.0,10.0,None,High,75,Markdown/Clear,Electronics & Accessories
SKU00076,120.0,15.0,None,High,75,Markdown/Clear,Dairy & Bakery
SKU00077,32.0,12.0,None,High,75,Markdown/Clear,Apparel & Footwear
SKU00078,69.0,20.0,None,High,75,Markdown/Clear,Frozen Foods
SKU00079,138.0,10.0,None,High,75,Markdown/Clear,Frozen Foods
SKU00080,1.0,25.0,High,None,75,Reorder Now,Snacks & Confectionery
SKU00081,235.0,15.0,None,High,75,Markdown/Clear,Home Care
SKU00082,71.0,20.0,None,High,75,Markdown/Clear,Home & Kitchen
SKU00083,27.0,12.0,None,High,75,Markdown/Clear,Grocery
SKU00084,22.0,8.0,None,High,75,Markdown/Clear,Apparel & Footwear
SKU00085,238.0,25.0,None,High,75,Markdown/Clear,Home Care
SKU00086,30.0,10.0,None,High,75,Markdown/Clear,Electronics & Accessories
SKU00087,28.0,15.0,Low,High,75,Watch,Health & Wellness
SKU00088,,30.0,None,None,0,Healthy,Home Care
SKU00089,,20.0,None,None,0,Healthy,Dairy & Bakery
SKU00090,192.0,12.0,None,High,75,Markdown/Clear,Health & Wellness
SKU00091,31.0,25.0,Medium,Medium,50,Reorder Now,Beverages
SKU00092,127.0,10.0,None,High,75,Markdown/Clear,Health & Wellness
SKU00093,104.0,15.0,None,High,75,Markdown/Clear,Beverages
SKU00094,49.0,8.0,None,High,75,Markdown/Clear,Health & Wellness
SKU00095,98.0,20.0,None,High,75,Markdown/Clear,Health & Wellness
SKU00096,127.0,12.0,None,High,75,Markdown/Clear,Beverages
SKU00097,232.0,25.0,None,High,75,Markdown/Clear,Apparel & Footwear
SKU00098,224.0,15.0,None,High,75,Markdown/Clear,Personal Care
SKU00099,18.0,10.0,Low,High,75,Watch,Apparel & Footwear
SKU00100,67.0,20.0,None,High,75,Markdown/Clear,Grocery
SKU00101,,12.0,None,None,0,Healthy,Snacks & Confectionery
SKU00102,107.0,25.0,None,High,75,Markdown/Clear,Home Care
SKU00103,34.0,15.0,None,High,75,Markdown/Clear,Snacks & Confectionery
SKU00104,195.0,8.0,None,High,75,Markdown/Clear,Dairy & Bakery
SKU00105,16.0,20.0,High,None,75,Reorder Now,Health & Wellness
SKU00106,1.0,30.0,High,None,75,Reorder Now,Beverages
SKU00107,127.0,12.0,None,High,75,Markdown/Clear,Electronics & Accessories
SKU00108,205.0,25.0,None,High,75,Markdown/Clear,Beverages
SKU00109,,10.0,None,None,0,Healthy,Snacks & Confectionery
SKU00110,132.0,15.0,None,High,75,Markdown/Clear,Health & Wellness
SKU00111,237.0,8.0,None,High,75,Markdown/Clear,Apparel & Footwear
SKU00112,63.0,20.0,None,High,75,Markdown/Clear,Snacks & Confectionery
SKU00113,201.0,12.0,None,High,75,Markdown/Clear,Dairy & Bakery
SKU00114,17.0,25.0,High,None,75,Reorder Now,Stationery & Office
SKU00115,128.0,10.0,None,High,75,Markdown/Clear,Stationery & Office
SKU00116,10.0,15.0,High,None,75,Reorder Now,Frozen Foods
SKU00117,12.0,20.0,High,None,75,Reorder Now,Home Care
SKU00118,80.0,25.0,None,High,75,Markdown/Clear,Personal Care
SKU00119,5.0,12.0,High,None,75,Reorder Now,Health & Wellness
SKU00120,121.0,30.0,None,High,75,Markdown/Clear,Health & Wellness
SKU00121,,8.0,None,None,0,Healthy,Dairy & Bakery
SKU00122,24.0,15.0,Low,High,75,Watch,Grocery
SKU00123,23.0,20.0,Medium,Low,50,Reorder Now,Beverages
SKU00124,15.0,25.0,High,None,75,Reorder Now,Stationery & Office
SKU00125,59.0,12.0,None,High,75,Markdown/Clear,Home Care
SKU00126,40.0,10.0,None,High,75,Markdown/Clear,Home Care
SKU00127,1.0,15.0,High,None,75,Reorder Now,Home Care
SKU00128,124.0,20.0,None,High,75,Markdown/Clear,Apparel & Footwear
SKU00129,83.0,25.0,None,High,75,Markdown/Clear,Grocery
SKU00130,47.0,8.0,None,High,75,Markdown/Clear,Grocery
SKU00131,156.0,30.0,None,High,75,Markdown/Clear,Dairy & Bakery
SKU00132,,12.0,None,None,0,Healthy,Home Care
SKU00133,182.0,10.0,None,High,75,Markdown/Clear,Electronics & Accessories
SKU00134,21.0,25.0,High,None,75,Reorder Now,Home Care
SKU00135,105.0,15.0,None,High,75,Markdown/Clear,Home Care
SKU00136,112.0,20.0,None,High,75,Markdown/Clear,Stationery & Office
SKU00137,156.0,12.0,None,High,75,Markdown/Clear,Beverages
SKU00138,10.0,25.0,High,None,75,Reorder Now,Frozen Foods
SKU00139,,8.0,None,None,0,Healthy,Frozen Foods
SKU00140,112.0,30.0,None,High,75,Markdown/Clear,Home Care
SKU00141,97.0,15.0,None,High,75,Markdown/Clear,Apparel & Footwear
SKU00142,151.0,20.0,None,High,75,Markdown/Clear,Dairy & Bakery
SKU00143,79.0,25.0,None,High,75,Markdown/Clear,Stationery & Office
SKU00144,95.0,12.0,None,High,75,Markdown/Clear,Dairy & Bakery
SKU00145,28.0,10.0,None,High,75,Markdown/Clear,Frozen Foods
SKU00146,225.0,15.0,None,High,75,Markdown/Clear,Frozen Foods
SKU00147,14.0,20.0,High,None,75,Reorder Now,Home & Kitchen
SKU00148,,25.0,None,None,0,Healthy,Home Care
SKU00149,87.0,30.0,None,High,75,Markdown/Clear,Dairy & Bakery
SKU00150,233.0,8.0,None,High,75,Markdown/Clear,Grocery
SKU00151,261.0,12.0,None,High,75,Markdown/Clear,Personal Care
SKU00152,,20.0,None,None,0,Healthy,Apparel & Footwear
SKU00153,82.0,25.0,None,High,75,Markdown/Clear,Grocery
SKU00154,46.0,10.0,None,High,75,Markdown/Clear,Home & Kitchen
SKU00155,97.0,15.0,None,High,75,Markdown/Clear,Frozen Foods
SKU00156,120.0,20.0,None,High,75,Markdown/Clear,Beverages
SKU00157,161.0,25.0,None,High,75,Markdown/Clear,Dairy & Bakery
SKU00158,,8.0,None,None,0,Healthy,Frozen Foods
SKU00159,201.0,30.0,None,High,75,Markdown/Clear,Dairy & Bakery
SKU00160,76.0,12.0,None,High,75,Markdown/Clear,Beverages
SKU00161,52.0,15.0,None,High,75,Markdown/Clear,Health & Wellness
SKU00162,84.0,20.0,None,High,75,Markdown/Clear,Electronics & Accessories
SKU00163,179.0,25.0,None,High,75,Markdown/Clear,Beverages
SKU00164,,8.0,None,None,0,Healthy,Dairy & Bakery
SKU00165,,30.0,None,None,0,Healthy,Snacks & Confectionery
SKU00166,139.0,12.0,None,High,75,Markdown/Clear,Health & Wellness
SKU00167,221.0,20.0,None,High,75,Markdown/Clear,Electronics & Accessories
SKU00168,52.0,15.0,None,High,75,Markdown/Clear,Electronics & Accessories
SKU00169,0.0,25.0,High,None,75,Reorder Now,Stationery & Office
SKU00170,188.0,8.0,None,High,75,Markdown/Clear,Apparel & Footwear
SKU00171,113.0,12.0,None,High,75,Markdown/Clear,Dairy & Bakery
SKU00172,,30.0,None,None,0,Healthy,Beverages
SKU00173,84.0,15.0,None,High,75,Markdown/Clear,Health & Wellness
SKU00174,,20.0,None,None,0,Healthy,Home & Kitchen
SKU00175,25.0,25.0,High,Low,75,Reorder Now,Stationery & Office
SKU00176,,8.0,None,None,0,Healthy,Snacks & Confectionery
SKU00177,54.0,30.0,Low,High,75,Watch,Snacks & Confectionery
SKU00178,127.0,12.0,None,High,75,Markdown/Clear,Grocery
SKU00179,36.0,20.0,Low,High,75,Watch,Beverages
SKU00180,81.0,25.0,None,High,75,Markdown/Clear,Frozen Foods
SKU00181,109.0,8.0,None,High,75,Markdown/Clear,Frozen Foods
SKU00182,45.0,15.0,None,High,75,Markdown/Clear,Personal Care
SKU00183,84.0,10.0,None,High,75,Markdown/Clear,Dairy & Bakery
SKU00184,96.0,30.0,None,High,75,Markdown/Clear,Apparel & Footwear
SKU00185,225.0,12.0,None,High,75,Markdown/Clear,Home Care
SKU00186,104.0,25.0,None,High,75,Markdown/Clear,Apparel & Footwear
SKU00187,,20.0,None,None,0,Healthy,Stationery & Office
SKU00188,101.0,8.0,None,High,75,Markdown/Clear,Dairy & Bakery
SKU00189,96.0,30.0,None,High,75,Markdown/Clear,Snacks & Confectionery
SKU00190,0.0,12.0,High,None,75,Reorder Now,Stationery & Office
SKU00191,23.0,15.0,Low,High,75,Watch,Health & Wellness
SKU00192,116.0,20.0,None,High,75,Markdown/Clear,Dairy & Bakery
SKU00193,79.0,25.0,None,High,75,Markdown/Clear,Health & Wellness
SKU00194,20.0,8.0,None,High,75,Markdown/Clear,Frozen Foods
SKU00195,26.0,30.0,High,None,75,Reorder Now,Home & Kitchen
SKU00196,148.0,12.0,None,High,75,Markdown/Clear,Dairy & Bakery
SKU00197,61.0,20.0,None,High,75,Markdown/Clear,Stationery & Office
SKU00198,240.0,25.0,None,High,75,Markdown/Clear,Stationery & Office
SKU00199,62.0,8.0,None,High,75,Markdown/Clear,Snacks & Confectionery
SKU00200,5.0,30.0,High,None,75,Reorder Now,Beverages
SKU00201,53.0,12.0,None,High,75,Markdown/Clear,Frozen Foods
SKU00202,132.0,15.0,None,High,75,Markdown/Clear,Grocery
SKU00203,17.0,20.0,High,None,75,Reorder Now,Dairy & Bakery
SKU00204,20.0,25.0,High,None,75,Reorder Now,Home Care
SKU00205,45.0,8.0,None,High,75,Markdown/Clear,Stationery & Office
SKU00206,185.0,30.0,None,High,75,Markdown/Clear,Stationery & Office
SKU00207,,12.0,None,None,0,Healthy,Beverages
SKU00208,,15.0,None,None,0,Healthy,Home & Kitchen
SKU00209,89.0,20.0,None,High,75,Markdown/Clear,Beverages
SKU00210,117.0,25.0,None,High,75,Markdown/Clear,Electronics & Accessories
SKU00211,,8.0,None,None,0,Healthy,Home & Kitchen
SKU00212,61.0,30.0,None,High,75,Markdown/Clear,Home & Kitchen
SKU00213,77.0,12.0,None,High,75,Markdown/Clear,Snacks & Confectionery
SKU00214,9.0,25.0,High,None,75,Reorder Now,Home & Kitchen
SKU00215,18.0,20.0,High,None,75,Reorder Now,Beverages
SKU00216,62.0,15.0,None,High,75,Markdown/Clear,Frozen Foods
SKU00217,,25.0,None,None,0,Healthy,Home Care
SKU00218,116.0,8.0,None,High,75,Markdown/Clear,Dairy & Bakery
SKU00219,195.0,30.0,None,High,75,Markdown/Clear,Grocery
SKU00220,111.0,12.0,None,High,75,Markdown/Clear,Apparel & Footwear
SKU00221,123.0,15.0,None,High,75,Markdown/Clear,Personal Care
SKU00222,25.0,20.0,Medium,Medium,50,Reorder Now,Health & Wellness
SKU00223,148.0,25.0,None,High,75,Markdown/Clear,Personal Care
SKU00224,218.0,8.0,None,High,75,Markdown/Clear,Personal Care
SKU00225,68.0,30.0,None,High,75,Markdown/Clear,Home & Kitchen
SKU00226,93.0,12.0,None,High,75,Markdown/Clear,Beverages
SKU00227,29.0,20.0,Low,Medium,50,Watch,Electronics & Accessories
SKU00228,188.0,15.0,None,High,75,Markdown/Clear,Electronics & Accessories
SKU00229,51.0,25.0,None,High,75,Markdown/Clear,Personal Care
SKU00230,44.0,8.0,None,High,75,Markdown/Clear,Dairy & Bakery
SKU00231,53.0,30.0,Low,High,75,Watch,Grocery
SKU00232,175.0,12.0,None,High,75,Markdown/Clear,Stationery & Office
SKU00233,48.0,15.0,None,High,75,Markdown/Clear,Stationery & Office
SKU00234,12.0,20.0,High,None,75,Reorder Now,Snacks & Confectionery
SKU00235,33.0,25.0,Low,Medium,50,Watch,Grocery
SKU00236,59.0,8.0,None,High,75,Markdown/Clear,Beverages
SKU00237,167.0,30.0,None,High,75,Markdown/Clear,Grocery
SKU00238,57.0,12.0,None,High,75,Markdown/Clear,Apparel & Footwear
SKU00239,203.0,25.0,None,High,75,Markdown/Clear,Home & Kitchen
SKU00240,36.0,20.0,Low,High,75,Watch,Beverages
SKU00241,141.0,15.0,None,High,75,Markdown/Clear,Electronics & Accessories
SKU00242,119.0,8.0,None,High,75,Markdown/Clear,Snacks & Confectionery
SKU00243,53.0,30.0,Low,High,75,Watch,Personal Care
SKU00244,35.0,12.0,None,High,75,Markdown/Clear,Health & Wellness
SKU00245,29.0,25.0,Medium,Low,50,Reorder Now,Electronics & Accessories
SKU00246,50.0,20.0,None,High,75,Markdown/Clear,Home & Kitchen
SKU00247,152.0,15.0,None,High,75,Markdown/Clear,Grocery
SKU00248,285.0,8.0,None,High,75,Markdown/Clear,Snacks & Confectionery
SKU00249,92.0,30.0,None,High,75,Markdown/Clear,Dairy & Bakery
SKU00250,,12.0,None,None,0,Healthy,Dairy & Bakery
SKU00251,266.0,25.0,None,High,75,Markdown/Clear,Stationery & Office
SKU00252,127.0,20.0,None,High,75,Markdown/Clear,Apparel & Footwear
SKU00253,11.0,15.0,High,None,75,Reorder Now,Dairy & Bakery
SKU00254,79.0,8.0,None,High,75,Markdown/Clear,Stationery & Office
SKU00255,15.0,30.0,High,None,75,Reorder Now,Home Care
SKU00256,114.0,12.0,None,High,75,Markdown/Clear,Frozen Foods
SKU00257,,15.0,None,None,0,Healthy,Home Care
SKU00258,,20.0,None,None,0,Healthy,Beverages
SKU00259,95.0,25.0,None,High,75,Markdown/Clear,Stationery & Office
SKU00260,41.0,8.0,None,High,75,Markdown/Clear,Grocery
SKU00261,,30.0,None,None,0,Healthy,Snacks & Confectionery
SKU00262,148.0,12.0,None,High,75,Markdown/Clear,Snacks & Confectionery
SKU00263,110.0,15.0,None,High,75,Markdown/Clear,Dairy & Bakery
SKU00264,223.0,20.0,None,High,75,Markdown/Clear,Beverages
SKU00265,118.0,25.0,None,High,75,Markdown/Clear,Grocery
SKU00266,31.0,8.0,None,High,75,Markdown/Clear,Electronics & Accessories
SKU00267,61.0,30.0,None,High,75,Markdown/Clear,Stationery & Office
SKU00268,101.0,12.0,None,High,75,Markdown/Clear,Beverages
SKU00269,158.0,15.0,None,High,75,Markdown/Clear,Dairy & Bakery
SKU00270,178.0,20.0,None,High,75,Markdown/Clear,Frozen Foods
SKU00271,,25.0,None,None,0,Healthy,Stationery & Office
SKU00272,0.0,8.0,High,None,75,Reorder Now,Electronics & Accessories
SKU00273,87.0,30.0,None,High,75,Markdown/Clear,Apparel & Footwear
SKU00274,21.0,12.0,Low,High,75,Watch,Frozen Foods
SKU00275,9.0,15.0,High,None,75,Reorder Now,Home Care
SKU00276,85.0,20.0,None,High,75,Markdown/Clear,Snacks & Confectionery
SKU00277,34.0,25.0,Low,Medium,50,Watch,Home & Kitchen
SKU00278,26.0,8.0,None,High,75,Markdown/Clear,Apparel & Footwear
SKU00279,76.0,30.0,None,High,75,Markdown/Clear,Grocery
SKU00280,33.0,12.0,None,High,75,Markdown/Clear,Electronics & Accessories
SKU00281,,15.0,None,None,0,Healthy,Beverages
SKU00282,,20.0,None,None,0,Healthy,Electronics & Accessories
SKU00283,108.0,25.0,None,High,75,Markdown/Clear,Apparel & Footwear
SKU00284,,8.0,None,None,0,Healthy,Beverages
SKU00285,70.0,30.0,None,High,75,Markdown/Clear,Home Care
SKU00286,161.0,12.0,None,High,75,Markdown/Clear,Beverages
SKU00287,73.0,15.0,None,High,75,Markdown/Clear,Frozen Foods
SKU00288,165.0,20.0,None,High,75,Markdown/Clear,Stationery & Office
SKU00289,145.0,25.0,None,High,75,Markdown/Clear,Grocery
SKU00290,,8.0,None,None,0,Healthy,Personal Care
SKU00291,59.0,30.0,Low,High,75,Watch,Stationery & Office
SKU00292,242.0,12.0,None,High,75,Markdown/Clear,Dairy & Bakery
SKU00293,27.0,15.0,Low,High,75,Watch,Beverages
SKU00294,12.0,20.0,High,None,75,Reorder Now,Home Care
SKU00295,91.0,25.0,None,High,75,Markdown/Clear,Frozen Foods
SKU00296,230.0,8.0,None,High,75,Markdown/Clear,Health & Wellness
SKU00297,,30.0,None,None,0,Healthy,Dairy & Bakery
SKU00298,151.0,12.0,None,High,75,Markdown/Clear,Stationery & Office
SKU00299,46.0,15.0,None,High,75,Markdown/Clear,Frozen Foods
SKU00300,,20.0,None,None,0,Healthy,Dairy & Bakery
SKU00301,58.0,25.0,None,High,75,Markdown/Clear,Stationery & Office
SKU00302,163.0,8.0,None,High,75,Markdown/Clear,Stationery & Office
SKU00303,48.0,30.0,Low,High,75,Watch,Home Care
SKU00304,31.0,12.0,None,High,75,Markdown/Clear,Grocery
SKU00305,122.0,15.0,None,High,75,Markdown/Clear,Health & Wellness
SKU00306,56.0,20.0,None,High,75,Markdown/Clear,Frozen Foods
SKU00307,140.0,25.0,None,High,75,Markdown/Clear,Beverages
SKU00308,98.0,8.0,None,High,75,Markdown/Clear,Health & Wellness
SKU00309,95.0,30.0,None,High,75,Markdown/Clear,Home & Kitchen
SKU00310,106.0,12.0,None,High,75,Markdown/Clear,Beverages
SKU00311,87.0,15.0,None,High,75,Markdown/Clear,Electronics & Accessories
SKU00312,162.0,20.0,None,High,75,Markdown/Clear,Beverages
SKU00313,128.0,25.0,None,High,75,Markdown/Clear,Electronics & Accessories
SKU00314,25.0,12.0,None,High,75,Markdown/Clear,Home Care
SKU00315,72.0,20.0,None,High,75,Markdown/Clear,Grocery
SKU00316,31.0,8.0,None,High,75,Markdown/Clear,Stationery & Office
SKU00317,396.0,25.0,None,High,75,Markdown/Clear,Beverages
SKU00318,50.0,15.0,None,High,75,Markdown/Clear,Health & Wellness
SKU00319,94.0,30.0,None,High,75,Markdown/Clear,Snacks & Confectionery
SKU00320,53.0,12.0,None,High,75,Markdown/Clear,Stationery & Office
SKU00321,110.0,20.0,None,High,75,Markdown/Clear,Electronics & Accessories
SKU00322,95.0,25.0,None,High,75,Markdown/Clear,Apparel & Footwear
SKU00323,138.0,8.0,None,High,75,Markdown/Clear,Home Care
SKU00324,29.0,30.0,High,None,75,Reorder Now,Home Care
SKU00325,27.0,12.0,None,High,75,Markdown/Clear,Health & Wellness
SKU00326,162.0,15.0,None,High,75,Markdown/Clear,Apparel & Footwear
SKU00327,185.0,20.0,None,High,75,Markdown/Clear,Home & Kitchen
SKU00328,9.0,25.0,High,None,75,Reorder Now,Grocery
SKU00329,,8.0,None,None,0,Healthy,Health & Wellness
SKU00330,484.0,30.0,None,High,75,Markdown/Clear,Beverages
SKU00331,317.0,12.0,None,High,75,Markdown/Clear,Dairy & Bakery
SKU00332,98.0,15.0,None,High,75,Markdown/Clear,Apparel & Footwear
SKU00333,123.0,20.0,None,High,75,Markdown/Clear,Dairy & Bakery
SKU00334,138.0,25.0,None,High,75,Markdown/Clear,Apparel & Footwear
SKU00335,224.0,8.0,None,High,75,Markdown/Clear,Home Care
SKU00336,118.0,30.0,None,High,75,Markdown/Clear,Snacks & Confectionery
SKU00337,197.0,12.0,None,High,75,Markdown/Clear,Personal Care
SKU00338,114.0,15.0,None,High,75,Markdown/Clear,Frozen Foods
SKU00339,107.0,20.0,None,High,75,Markdown/Clear,Apparel & Footwear
SKU00340,70.0,25.0,None,High,75,Markdown/Clear,Health & Wellness
SKU00341,,8.0,None,None,0,Healthy,Stationery & Office
SKU00342,19.0,30.0,High,None,75,Reorder Now,Home & Kitchen
SKU00343,48.0,12.0,None,High,75,Markdown/Clear,Apparel & Footwear
SKU00344,201.0,15.0,None,High,75,Markdown/Clear,Health & Wellness
SKU00345,,20.0,None,None,0,Healthy,Dairy & Bakery
SKU00346,49.0,25.0,Low,High,75,Watch,Personal Care
SKU00347,75.0,8.0,None,High,75,Markdown/Clear,Beverages
SKU00348,79.0,30.0,None,High,75,Markdown/Clear,Personal Care
SKU00349,9.0,12.0,High,None,75,Reorder Now,Stationery & Office
SKU00350,338.0,15.0,None,High,75,Markdown/Clear,Home Care
SKU00351,13.0,20.0,High,None,75,Reorder Now,Beverages
SKU00352,,25.0,None,None,0,Healthy,Health & Wellness
SKU00353,14.0,30.0,High,None,75,Reorder Now,Stationery & Office
SKU00354,174.0,12.0,None,High,75,Markdown/Clear,Home & Kitchen
SKU00355,213.0,15.0,None,High,75,Markdown/Clear,Dairy & Bakery
SKU00356,221.0,20.0,None,High,75,Markdown/Clear,Home Care
SKU00357,73.0,25.0,None,High,75,Markdown/Clear,Frozen Foods
SKU00358,115.0,8.0,None,High,75,Markdown/Clear,Snacks & Confectionery
SKU00359,,30.0,None,None,0,Healthy,Dairy & Bakery
SKU00360,4.0,12.0,High,None,75,Reorder Now,Snacks & Confectionery
SKU00361,153.0,15.0,None,High,75,Markdown/Clear,Stationery & Office
SKU00362,,20.0,None,None,0,Healthy,Electronics & Accessories
SKU00363,0.0,25.0,High,None,75,Reorder Now,Home & Kitchen
SKU00364,74.0,8.0,None,High,75,Markdown/Clear,Apparel & Footwear
SKU00365,88.0,30.0,None,High,75,Markdown/Clear,Stationery & Office
SKU00366,23.0,12.0,Low,High,75,Watch,Beverages
SKU00367,205.0,15.0,None,High,75,Markdown/Clear,Home & Kitchen
SKU00368,92.0,20.0,None,High,75,Markdown/Clear,Grocery
SKU00369,54.0,25.0,None,High,75,Markdown/Clear,Home Care
SKU00370,,8.0,None,None,0,Healthy,Health & Wellness
SKU00371,25.0,30.0,High,None,75,Reorder Now,Personal Care
SKU00372,57.0,12.0,None,High,75,Markdown/Clear,Beverages
SKU00373,133.0,15.0,None,High,75,Markdown/Clear,Snacks & Confectionery
SKU00374,16.0,20.0,High,None,75,Reorder Now,Apparel & Footwear
SKU00375,207.0,25.0,None,High,75,Markdown/Clear,Dairy & Bakery
SKU00376,76.0,8.0,None,High,75,Markdown/Clear,Dairy & Bakery
SKU00377,147.0,30.0,None,High,75,Markdown/Clear,Stationery & Office
SKU00378,24.0,12.0,Low,High,75,Watch,Beverages
SKU00379,75.0,15.0,None,High,75,Markdown/Clear,Home & Kitchen
SKU00380,99.0,20.0,None,High,75,Markdown/Clear,Stationery & Office
SKU00381,141.0,25.0,None,High,75,Markdown/Clear,Health & Wellness
SKU00382,193.0,8.0,None,High,75,Markdown/Clear,Beverages
SKU00383,181.0,30.0,None,High,75,Markdown/Clear,Beverages
SKU00384,186.0,12.0,None,High,75,Markdown/Clear,Dairy & Bakery
SKU00385,62.0,15.0,None,High,75,Markdown/Clear,Frozen Foods
SKU00386,19.0,20.0,High,None,75,Reorder Now,Beverages
SKU00387,89.0,25.0,None,High,75,Markdown/Clear,Home Care
SKU00388,14.0,8.0,Low,High,75,Watch,Beverages
SKU00389,42.0,30.0,Low,Medium,50,Watch,Frozen Foods
SKU00390,73.0,12.0,None,High,75,Markdown/Clear,Grocery
SKU00391,202.0,15.0,None,High,75,Markdown/Clear,Electronics & Accessories
SKU00392,,20.0,None,None,0,Healthy,Grocery
SKU00393,115.0,25.0,None,High,75,Markdown/Clear,Snacks & Confectionery
SKU00394,70.0,8.0,None,High,75,Markdown/Clear,Snacks & Confectionery
SKU00395,42.0,30.0,Low,Medium,50,Watch,Apparel & Footwear
SKU00396,111.0,12.0,None,High,75,Markdown/Clear,Grocery
SKU00397,0.0,15.0,High,None,75,Reorder Now,Home Care
SKU00398,179.0,20.0,None,High,75,Markdown/Clear,Health & Wellness
SKU00399,,25.0,None,None,0,Healthy,Frozen Foods
SKU00400,90.0,8.0,None,High,75,Markdown/Clear,Electronics & Accessories
SKU00401,391.0,30.0,None,High,75,Markdown/Clear,Apparel & Footwear
SKU00402,45.0,12.0,None,High,75,Markdown/Clear,Personal Care
SKU00403,89.0,15.0,None,High,75,Markdown/Clear,Apparel & Footwear
SKU00404,131.0,20.0,None,High,75,Markdown/Clear,Dairy & Bakery
SKU00405,117.0,25.0,None,High,75,Markdown/Clear,Stationery & Office
SKU00406,,8.0,None,None,0,Healthy,Frozen Foods
SKU00407,181.0,30.0,None,High,75,Markdown/Clear,Electronics & Accessories
SKU00408,170.0,12.0,None,High,75,Markdown/Clear,Home & Kitchen
SKU00409,107.0,15.0,None,High,75,Markdown/Clear,Apparel & Footwear
SKU00410,24.0,20.0,Medium,Medium,50,Reorder Now,Home & Kitchen
SKU00411,135.0,25.0,None,High,75,Markdown/Clear,Frozen Foods
SKU00412,,8.0,None,None,0,Healthy,Grocery
SKU00413,84.0,30.0,None,High,75,Markdown/Clear,Home Care
SKU00414,81.0,12.0,None,High,75,Markdown/Clear,Snacks & Confectionery
SKU00415,146.0,15.0,None,High,75,Markdown/Clear,Home & Kitchen
SKU00416,0.0,20.0,High,None,75,Reorder Now,Snacks & Confectionery
SKU00417,122.0,25.0,None,High,75,Markdown/Clear,Snacks & Confectionery
SKU00418,89.0,8.0,None,High,75,Markdown/Clear,Snacks & Confectionery
SKU00419,61.0,30.0,None,High,75,Markdown/Clear,Health & Wellness
SKU00420,5.0,12.0,High,None,75,Reorder Now,Frozen Foods
SKU00421,68.0,15.0,None,High,75,Markdown/Clear,Stationery & Office
SKU00422,,20.0,None,None,0,Healthy,Personal Care
SKU00423,45.0,25.0,Low,High,75,Watch,Dairy & Bakery
SKU00424,48.0,8.0,None,High,75,Markdown/Clear,Grocery
SKU00425,,30.0,None,None,0,Healthy,Grocery
SKU00426,115.0,12.0,None,High,75,Markdown/Clear,Personal Care
SKU00427,8.0,15.0,High,None,75,Reorder Now,Stationery & Office
SKU00428,30.0,20.0,Low,High,75,Watch,Frozen Foods
SKU00429,84.0,25.0,None,High,75,Markdown/Clear,Home & Kitchen
SKU00430,13.0,8.0,Low,High,75,Watch,Beverages
SKU00431,48.0,30.0,Low,High,75,Watch,Beverages
SKU00432,275.0,12.0,None,High,75,Markdown/Clear,Home & Kitchen
SKU00433,,15.0,None,None,0,Healthy,Beverages
SKU00434,114.0,20.0,None,High,75,Markdown/Clear,Grocery
SKU00435,,25.0,None,None,0,Healthy,Personal Care
SKU00436,72.0,8.0,None,High,75,Markdown/Clear,Stationery & Office
SKU00437,3.0,30.0,High,None,75,Reorder Now,Electronics & Accessories
SKU00438,125.0,12.0,None,High,75,Markdown/Clear,Beverages
SKU00439,41.0,15.0,None,High,75,Markdown/Clear,Home & Kitchen
SKU00440,60.0,20.0,None,High,75,Markdown/Clear,Home & Kitchen
SKU00441,191.0,25.0,None,High,75,Markdown/Clear,Apparel & Footwear
SKU00442,97.0,8.0,None,High,75,Markdown/Clear,Home & Kitchen
SKU00443,158.0,30.0,None,High,75,Markdown/Clear,Snacks & Confectionery
SKU00444,116.0,12.0,None,High,75,Markdown/Clear,Stationery & Office
SKU00445,142.0,15.0,None,High,75,Markdown/Clear,Dairy & Bakery
SKU00446,240.0,20.0,None,High,75,Markdown/Clear,Apparel & Footwear
SKU00447,,25.0,None,None,0,Healthy,Frozen Foods
SKU00448,137.0,8.0,None,High,75,Markdown/Clear,Apparel & Footwear
SKU00449,20.0,30.0,High,None,75,Reorder Now,Health & Wellness
SKU00450,73.0,12.0,None,High,75,Markdown/Clear,Health & Wellness
SKU00451,74.0,15.0,None,High,75,Markdown/Clear,Health & Wellness
SKU00452,150.0,20.0,None,High,75,Markdown/Clear,Apparel & Footwear
SKU00453,16.0,25.0,High,None,75,Reorder Now,Electronics & Accessories
SKU00454,125.0,8.0,None,High,75,Markdown/Clear,Beverages
SKU00455,60.0,30.0,Low,High,75,Watch,Apparel & Footwear
SKU00456,1.0,12.0,High,None,75,Reorder Now,Frozen Foods
SKU00457,30.0,15.0,Low,High,75,Watch,Dairy & Bakery
SKU00458,35.0,20.0,Low,High,75,Watch,Frozen Foods
SKU00459,,25.0,None,None,0,Healthy,Stationery & Office
SKU00460,125.0,8.0,None,High,75,Markdown/Clear,Home & Kitchen
SKU00461,223.0,30.0,None,High,75,Markdown/Clear,Home & Kitchen
SKU00462,84.0,12.0,None,High,75,Markdown/Clear,Home Care
SKU00463,53.0,15.0,None,High,75,Markdown/Clear,Apparel & Footwear
SKU00464,95.0,20.0,None,High,75,Markdown/Clear,Personal Care
SKU00465,41.0,25.0,Low,High,75,Watch,Electronics & Accessories
SKU00466,228.0,8.0,None,High,75,Markdown/Clear,Health & Wellness
SKU00467,63.0,30.0,None,High,75,Markdown/Clear,Snacks & Confectionery
SKU00468,,12.0,None,None,0,Healthy,Dairy & Bakery
SKU00469,165.0,15.0,None,High,75,Markdown/Clear,Grocery
SKU00470,,20.0,None,None,0,Healthy,Beverages
SKU00471,13.0,25.0,High,None,75,Reorder Now,Home Care
SKU00472,39.0,8.0,None,High,75,Markdown/Clear,Home Care
SKU00473,73.0,30.0,None,High,75,Markdown/Clear,Beverages
SKU00474,53.0,12.0,None,High,75,Markdown/Clear,Home Care
SKU00475,48.0,15.0,None,High,75,Markdown/Clear,Health & Wellness
SKU00476,249.0,20.0,None,High,75,Markdown/Clear,Snacks & Confectionery
SKU00477,59.0,25.0,None,High,75,Markdown/Clear,Personal Care
SKU00478,36.0,8.0,None,High,75,Markdown/Clear,Personal Care
SKU00479,57.0,30.0,Low,High,75,Watch,Frozen Foods
SKU00480,47.0,12.0,None,High,75,Markdown/Clear,Personal Care
SKU00481,0.0,15.0,High,None,75,Reorder Now,Electronics & Accessories
SKU00482,14.0,20.0,High,None,75,Reorder Now,Dairy & Bakery
SKU00483,,25.0,None,None,0,Healthy,Home Care
SKU00484,46.0,8.0,None,High,75,Markdown/Clear,Personal Care
SKU00485,174.0,30.0,None,High,75,Markdown/Clear,Snacks & Confectionery
SKU00486,81.0,12.0,None,High,75,Markdown/Clear,Electronics & Accessories
SKU00487,149.0,15.0,None,High,75,Markdown/Clear,Snacks & Confectionery
SKU00488,198.0,20.0,None,High,75,Markdown/Clear,Dairy & Bakery
SKU00489,9.0,25.0,High,None,75,Reorder Now,Apparel & Footwear
SKU00490,58.0,8.0,None,High,75,Markdown/Clear,Stationery & Office
SKU00491,110.0,30.0,None,High,75,Markdown/Clear,Electronics & Accessories
SKU00492,4.0,12.0,High,None,75,Reorder Now,Home & Kitchen
SKU00493,22.0,15.0,Low,Medium,50,Watch,Home & Kitchen
SKU00494,42.0,20.0,None,High,75,Markdown/Clear,Home Care
SKU00495,59.0,25.0,None,High,75,Markdown/Clear,Apparel & Footwear
SKU00496,21.0,8.0,None,High,75,Markdown/Clear,Dairy & Bakery
SKU00497,239.0,30.0,None,High,75,Markdown/Clear,Home Care
SKU00498,462.0,12.0,None,High,75,Markdown/Clear,Frozen Foods
SKU00499,238.0,15.0,None,High,75,Markdown/Clear,Stationery & Office
SKU00500,100.0,20.0,None,High,75,Markdown/Clear,Home & Kitchen
SKU00501,194.0,25.0,None,High,75,Markdown/Clear,Home Care
SKU00502,227.0,8.0,None,High,75,Markdown/Clear,Health & Wellness
SKU00503,40.0,30.0,Low,Medium,50,Watch,Snacks & Confectionery
SKU00504,51.0,12.0,None,High,75,Markdown/Clear,Apparel & Footwear
SKU00505,,15.0,None,None,0,Healthy,Frozen Foods
SKU00506,102.0,20.0,None,High,75,Markdown/Clear,Frozen Foods
SKU00507,97.0,25.0,None,High,75,Markdown/Clear,Apparel & Footwear
SKU00508,28.0,8.0,None,High,75,Markdown/Clear,Health & Wellness
SKU00509,153.0,30.0,None,High,75,Markdown/Clear,Grocery
SKU00510,75.0,12.0,None,High,75,Markdown/Clear,Dairy & Bakery
SKU00511,196.0,15.0,None,High,75,Markdown/Clear,Snacks & Confectionery
SKU00512,166.0,20.0,None,High,75,Markdown/Clear,Electronics & Accessories
SKU00513,127.0,25.0,None,High,75,Markdown/Clear,Grocery
SKU00514,,8.0,None,None,0,Healthy,Snacks & Confectionery
SKU00515,,30.0,None,None,0,Healthy,Health & Wellness
SKU00516,158.0,12.0,None,High,75,Markdown/Clear,Electronics & Accessories
SKU00517,28.0,15.0,Low,High,75,Watch,Frozen Foods
SKU00518,,20.0,None,None,0,Healthy,Home & Kitchen
SKU00519,56.0,25.0,None,High,75,Markdown/Clear,Stationery & Office
SKU00520,40.0,8.0,None,High,75,Markdown/Clear,Beverages
SKU00521,103.0,30.0,None,High,75,Markdown/Clear,Stationery & Office
SKU00522,79.0,12.0,None,High,75,Markdown/Clear,Health & Wellness
SKU00523,137.0,15.0,None,High,75,Markdown/Clear,Health & Wellness
SKU00524,259.0,20.0,None,High,75,Markdown/Clear,Beverages
SKU00525,92.0,25.0,None,High,75,Markdown/Clear,Health & Wellness
SKU00526,61.0,8.0,None,High,75,Markdown/Clear,Electronics & Accessories
SKU00527,96.0,30.0,None,High,75,Markdown/Clear,Frozen Foods
SKU00528,246.0,12.0,None,High,75,Markdown/Clear,Beverages
SKU00529,127.0,15.0,None,High,75,Markdown/Clear,Frozen Foods
SKU00530,67.0,20.0,None,High,75,Markdown/Clear,Stationery & Office
SKU00531,67.0,25.0,None,High,75,Markdown/Clear,Electronics & Accessories
SKU00532,457.0,8.0,None,High,75,Markdown/Clear,Beverages
SKU00533,164.0,30.0,None,High,75,Markdown/Clear,Stationery & Office
SKU00534,58.0,12.0,None,High,75,Markdown/Clear,Stationery & Office
SKU00535,351.0,15.0,None,High,75,Markdown/Clear,Snacks & Confectionery
SKU00536,93.0,20.0,None,High,75,Markdown/Clear,Apparel & Footwear
SKU00537,45.0,25.0,Low,High,75,Watch,Personal Care
SKU00538,104.0,8.0,None,High,75,Markdown/Clear,Health & Wellness
SKU00539,72.0,30.0,None,High,75,Markdown/Clear,Home Care
SKU00540,129.0,12.0,None,High,75,Markdown/Clear,Apparel & Footwear
SKU00541,,15.0,None,None,0,Healthy,Stationery & Office
SKU00542,232.0,20.0,None,High,75,Markdown/Clear,Apparel & Footwear
SKU00543,212.0,25.0,None,High,75,Markdown/Clear,Stationery & Office
SKU00544,65.0,8.0,None,High,75,Markdown/Clear,Stationery & Office
SKU00545,127.0,30.0,None,High,75,Markdown/Clear,Beverages
SKU00546,407.0,12.0,None,High,75,Markdown/Clear,Dairy & Bakery
SKU00547,77.0,15.0,None,High,75,Markdown/Clear,Electronics & Accessories
SKU00548,,20.0,None,None,0,Healthy,Health & Wellness
SKU00549,,25.0,None,None,0,Healthy,Grocery
SKU00550,238.0,8.0,None,High,75,Markdown/Clear,Beverages
SKU00551,5.0,30.0,High,None,75,Reorder Now,Frozen Foods
SKU00552,,12.0,None,None,0,Healthy,Health & Wellness
SKU00553,320.0,15.0,None,High,75,Markdown/Clear,Snacks & Confectionery
SKU00554,2.0,20.0,High,None,75,Reorder Now,Snacks & Confectionery
SKU00555,55.0,25.0,None,High,75,Markdown/Clear,Beverages
SKU00556,109.0,8.0,None,High,75,Markdown/Clear,Frozen Foods
SKU00557,,30.0,None,None,0,Healthy,Grocery
SKU00558,72.0,12.0,None,High,75,Markdown/Clear,Frozen Foods
SKU00559,42.0,15.0,None,High,75,Markdown/Clear,Home Care
SKU00560,76.0,20.0,None,High,75,Markdown/Clear,Home Care
SKU00561,,25.0,None,None,0,Healthy,Electronics & Accessories
SKU00562,94.0,8.0,None,High,75,Markdown/Clear,Frozen Foods
SKU00563,175.0,30.0,None,High,75,Markdown/Clear,Electronics & Accessories
SKU00564,,12.0,None,None,0,Healthy,Apparel & Footwear
SKU00565,108.0,15.0,None,High,75,Markdown/Clear,Stationery & Office
SKU00566,28.0,20.0,Low,Medium,50,Watch,Apparel & Footwear
SKU00567,22.0,25.0,High,None,75,Reorder Now,Frozen Foods
SKU00568,111.0,8.0,None,High,75,Markdown/Clear,Home Care
SKU00569,14.0,30.0,High,None,75,Reorder Now,Snacks & Confectionery
SKU00570,233.0,12.0,None,High,75,Markdown/Clear,Health & Wellness
SKU00571,68.0,15.0,None,High,75,Markdown/Clear,Beverages
SKU00572,198.0,20.0,None,High,75,Markdown/Clear,Stationery & Office
SKU00573,83.0,25.0,None,High,75,Markdown/Clear,Home & Kitchen
SKU00574,268.0,8.0,None,High,75,Markdown/Clear,Beverages
SKU00575,68.0,30.0,None,High,75,Markdown/Clear,Apparel & Footwear
SKU00576,11.0,12.0,High,None,75,Reorder Now,Beverages
SKU00577,179.0,15.0,None,High,75,Markdown/Clear,Electronics & Accessories
SKU00578,97.0,20.0,None,High,75,Markdown/Clear,Beverages
SKU00579,,25.0,None,None,0,Healthy,Home Care
SKU00580,199.0,8.0,None,High,75,Markdown/Clear,Health & Wellness
SKU00581,119.0,30.0,None,High,75,Markdown/Clear,Electronics & Accessories
SKU00582,15.0,12.0,Medium,Medium,50,Reorder Now,Home Care
SKU00583,77.0,15.0,None,High,75,Markdown/Clear,Stationery & Office
SKU00584,92.0,20.0,None,High,75,Markdown/Clear,Apparel & Footwear
SKU00585,64.0,25.0,None,High,75,Markdown/Clear,Snacks & Confectionery
SKU00586,17.0,8.0,None,High,75,Markdown/Clear,Electronics & Accessories
SKU00587,,30.0,None,None,0,Healthy,Electronics & Accessories
SKU00588,76.0,12.0,None,High,75,Markdown/Clear,Personal Care
SKU00589,4.0,15.0,High,None,75,Reorder Now,Electronics & Accessories
SKU00590,112.0,20.0,None,High,75,Markdown/Clear,Home & Kitchen
SKU00591,19.0,25.0,High,None,75,Reorder Now,Apparel & Footwear
SKU00592,311.0,8.0,None,High,75,Markdown/Clear,Apparel & Footwear
SKU00593,62.0,30.0,None,High,75,Markdown/Clear,Health & Wellness
SKU00594,16.0,12.0,Low,Medium,50,Watch,Dairy & Bakery
SKU00595,187.0,15.0,None,High,75,Markdown/Clear,Apparel & Footwear
SKU00596,28.0,20.0,Low,Medium,50,Watch,Personal Care
SKU00597,47.0,25.0,Low,High,75,Watch,Frozen Foods
SKU00598,,8.0,None,None,0,Healthy,Dairy & Bakery
SKU00599,111.0,30.0,None,High,75,Markdown/Clear,Dairy & Bakery
SKU00600,,12.0,None,None,0,Healthy,Beverages
SKU00601,26.0,15.0,Low,High,75,Watch,Stationery & Office
SKU00602,60.0,20.0,None,High,75,Markdown/Clear,Beverages
SKU00603,226.0,25.0,None,High,75,Markdown/Clear,Beverages
SKU00604,147.0,8.0,None,High,75,Markdown/Clear,Stationery & Office
SKU00605,49.0,30.0,Low,High,75,Watch,Frozen Foods
SKU00606,197.0,12.0,None,High,75,Markdown/Clear,Home Care
SKU00607,27.0,15.0,Low,High,75,Watch,Electronics & Accessories
SKU00608,27.0,20.0,Low,Medium,50,Watch,Personal Care
SKU00609,37.0,25.0,Low,Medium,50,Watch,Beverages
SKU00610,48.0,8.0,None,High,75,Markdown/Clear,Electronics & Accessories
SKU00611,12.0,30.0,High,None,75,Reorder Now,Snacks & Confectionery
SKU00612,29.0,12.0,None,High,75,Markdown/Clear,Frozen Foods
SKU00613,82.0,15.0,None,High,75,Markdown/Clear,Stationery & Office
SKU00614,104.0,20.0,None,High,75,Markdown/Clear,Stationery & Office
SKU00615,1.0,25.0,High,None,75,Reorder Now,Personal Care
SKU00616,78.0,8.0,None,High,75,Markdown/Clear,Apparel & Footwear
SKU00617,107.0,30.0,None,High,75,Markdown/Clear,Health & Wellness
SKU00618,186.0,12.0,None,High,75,Markdown/Clear,Home Care
SKU00619,126.0,15.0,None,High,75,Markdown/Clear,Beverages
SKU00620,215.0,20.0,None,High,75,Markdown/Clear,Personal Care
SKU00621,27.0,25.0,Medium,Low,50,Reorder Now,Health & Wellness
SKU00622,140.0,8.0,None,High,75,Markdown/Clear,Stationery & Office
SKU00623,27.0,30.0,High,None,75,Reorder Now,Grocery
SKU00624,141.0,12.0,None,High,75,Markdown/Clear,Electronics & Accessories
SKU00625,19.0,15.0,Low,Medium,50,Watch,Home & Kitchen
SKU00626,54.0,20.0,None,High,75,Markdown/Clear,Stationery & Office
SKU00627,,25.0,None,None,0,Healthy,Home Care
SKU00628,42.0,8.0,None,High,75,Markdown/Clear,Beverages
SKU00629,15.0,30.0,High,None,75,Reorder Now,Dairy & Bakery
SKU00630,87.0,12.0,None,High,75,Markdown/Clear,Home & Kitchen
SKU00631,220.0,15.0,None,High,75,Markdown/Clear,Home & Kitchen
SKU00632,57.0,20.0,None,High,75,Markdown/Clear,Health & Wellness
SKU00633,265.0,25.0,None,High,75,Markdown/Clear,Beverages
SKU00634,208.0,8.0,None,High,75,Markdown/Clear,Beverages
SKU00635,135.0,30.0,None,High,75,Markdown/Clear,Home Care
SKU00636,,12.0,None,None,0,Healthy,Health & Wellness
SKU00637,132.0,15.0,None,High,75,Markdown/Clear,Grocery
SKU00638,111.0,20.0,None,High,75,Markdown/Clear,Electronics & Accessories
SKU00639,52.0,25.0,None,High,75,Markdown/Clear,Frozen Foods
SKU00640,,8.0,None,None,0,Healthy,Grocery
SKU00641,75.0,30.0,None,High,75,Markdown/Clear,Beverages
SKU00642,64.0,12.0,None,High,75,Markdown/Clear,Home Care
SKU00643,22.0,15.0,Low,Medium,50,Watch,Electronics & Accessories
SKU00644,162.0,20.0,None,High,75,Markdown/Clear,Apparel & Footwear
SKU00645,315.0,25.0,None,High,75,Markdown/Clear,Home Care
SKU00646,30.0,8.0,None,High,75,Markdown/Clear,Dairy & Bakery
SKU00647,107.0,30.0,None,High,75,Markdown/Clear,Stationery & Office
SKU00648,73.0,12.0,None,High,75,Markdown/Clear,Home Care
SKU00649,379.0,15.0,None,High,75,Markdown/Clear,Dairy & Bakery
SKU00650,42.0,20.0,None,High,75,Markdown/Clear,Home Care
SKU00651,69.0,25.0,None,High,75,Markdown/Clear,Grocery
SKU00652,180.0,8.0,None,High,75,Markdown/Clear,Dairy & Bakery
SKU00653,40.0,30.0,Low,Medium,50,Watch,Frozen Foods
SKU00654,44.0,12.0,None,High,75,Markdown/Clear,Stationery & Office
SKU00655,22.0,15.0,Low,Medium,50,Watch,Electronics & Accessories
SKU00656,,20.0,None,None,0,Healthy,Apparel & Footwear
SKU00657,0.0,25.0,High,None,75,Reorder Now,Frozen Foods
SKU00658,,8.0,None,None,0,Healthy,Beverages
SKU00659,,30.0,None,None,0,Healthy,Personal Care
SKU00660,3.0,12.0,High,None,75,Reorder Now,Stationery & Office
SKU00661,,15.0,None,None,0,Healthy,Grocery
SKU00662,24.0,20.0,Medium,Medium,50,Reorder Now,Home & Kitchen
SKU00663,,25.0,None,None,0,Healthy,Electronics & Accessories
SKU00664,9.0,8.0,Medium,Low,50,Reorder Now,Dairy & Bakery
SKU00665,49.0,30.0,Low,High,75,Watch,Apparel & Footwear
SKU00666,17.0,12.0,Low,Medium,50,Watch,Home & Kitchen
SKU00667,40.0,15.0,None,High,75,Markdown/Clear,Grocery
SKU00668,137.0,20.0,None,High,75,Markdown/Clear,Beverages
SKU00669,96.0,25.0,None,High,75,Markdown/Clear,Health & Wellness
SKU00670,134.0,8.0,None,High,75,Markdown/Clear,Stationery & Office
SKU00671,155.0,30.0,None,High,75,Markdown/Clear,Grocery
SKU00672,129.0,12.0,None,High,75,Markdown/Clear,Health & Wellness
SKU00673,24.0,15.0,Low,High,75,Watch,Beverages
SKU00674,158.0,20.0,None,High,75,Markdown/Clear,Health & Wellness
SKU00675,,25.0,None,None,0,Healthy,Health & Wellness
SKU00676,69.0,8.0,None,High,75,Markdown/Clear,Beverages
SKU00677,56.0,30.0,Low,High,75,Watch,Electronics & Accessories
SKU00678,270.0,12.0,None,High,75,Markdown/Clear,Home & Kitchen
SKU00679,314.0,15.0,None,High,75,Markdown/Clear,Home & Kitchen
SKU00680,29.0,20.0,Low,Medium,50,Watch,Grocery
SKU00681,125.0,25.0,None,High,75,Markdown/Clear,Snacks & Confectionery
SKU00682,403.0,8.0,None,High,75,Markdown/Clear,Snacks & Confectionery
SKU00683,78.0,30.0,None,High,75,Markdown/Clear,Home Care
SKU00684,7.0,12.0,High,None,75,Reorder Now,Beverages
SKU00685,4.0,15.0,High,None,75,Reorder Now,Home & Kitchen
SKU00686,273.0,20.0,None,High,75,Markdown/Clear,Apparel & Footwear
SKU00687,12.0,25.0,High,None,75,Reorder Now,Apparel & Footwear
SKU00688,46.0,8.0,None,High,75,Markdown/Clear,Snacks & Confectionery
SKU00689,,30.0,None,None,0,Healthy,Grocery
SKU00690,115.0,12.0,None,High,75,Markdown/Clear,Home & Kitchen
SKU00691,8.0,15.0,High,None,75,Reorder Now,Dairy & Bakery
SKU00692,0.0,20.0,High,None,75,Reorder Now,Health & Wellness
SKU00693,76.0,25.0,None,High,75,Markdown/Clear,Home & Kitchen
SKU00694,0.0,8.0,High,None,75,Reorder Now,Grocery
SKU00695,,30.0,None,None,0,Healthy,Grocery
SKU00696,32.0,12.0,None,High,75,Markdown/Clear,Grocery
SKU00697,17.0,15.0,Medium,Low,50,Reorder Now,Beverages
SKU00698,63.0,20.0,None,High,75,Markdown/Clear,Grocery
SKU00699,258.0,25.0,None,High,75,Markdown/Clear,Apparel & Footwear
SKU00700,18.0,8.0,None,High,75,Markdown/Clear,Health & Wellness
SKU00701,179.0,30.0,None,High,75,Markdown/Clear,Stationery & Office
SKU00702,141.0,12.0,None,High,75,Markdown/Clear,Apparel & Footwear
SKU00703,259.0,15.0,None,High,75,Markdown/Clear,Stationery & Office
SKU00704,50.0,20.0,None,High,75,Markdown/Clear,Snacks & Confectionery
SKU00705,86.0,25.0,None,High,75,Markdown/Clear,Dairy & Bakery
SKU00706,131.0,8.0,None,High,75,Markdown/Clear,Home & Kitchen
SKU00707,44.0,30.0,Low,Medium,50,Watch,Snacks & Confectionery
SKU00708,85.0,12.0,None,High,75,Markdown/Clear,Grocery
SKU00709,,15.0,None,None,0,Healthy,Electronics & Accessories
SKU00710,89.0,20.0,None,High,75,Markdown/Clear,Apparel & Footwear
SKU00711,1.0,25.0,High,None,75,Reorder Now,Stationery & Office
SKU00712,28.0,8.0,None,High,75,Markdown/Clear,Stationery & Office
SKU00713,118.0,30.0,None,High,75,Markdown/Clear,Beverages
SKU00714,19.0,12.0,Low,High,75,Watch,Apparel & Footwear
SKU00715,32.0,15.0,None,High,75,Markdown/Clear,Home & Kitchen
SKU00716,51.0,20.0,None,High,75,Markdown/Clear,Electronics & Accessories
SKU00717,114.0,25.0,None,High,75,Markdown/Clear,Apparel & Footwear
SKU00718,,8.0,None,None,0,Healthy,Home & Kitchen
SKU00719,37.0,30.0,Medium,Medium,50,Reorder Now,Home Care
SKU00720,95.0,12.0,None,High,75,Markdown/Clear,Grocery
SKU00721,187.0,15.0,None,High,75,Markdown/Clear,Home Care
SKU00722,91.0,20.0,None,High,75,Markdown/Clear,Snacks & Confectionery
SKU00723,124.0,25.0,None,High,75,Markdown/Clear,Beverages
SKU00724,78.0,8.0,None,High,75,Markdown/Clear,Beverages
SKU00725,,30.0,None,None,0,Healthy,Electronics & Accessories
SKU00726,1.0,12.0,High,None,75,Reorder Now,Frozen Foods
SKU00727,123.0,15.0,None,High,75,Markdown/Clear,Frozen Foods
SKU00728,108.0,20.0,None,High,75,Markdown/Clear,Electronics & Accessories
SKU00729,37.0,25.0,Low,Medium,50,Watch,Frozen Foods
SKU00730,,8.0,None,None,0,Healthy,Health & Wellness
SKU00731,,30.0,None,None,0,Healthy,Beverages
SKU00732,394.0,12.0,None,High,75,Markdown/Clear,Home & Kitchen
SKU00733,16.0,15.0,Medium,Low,50,Reorder Now,Home Care
SKU00734,441.0,20.0,None,High,75,Markdown/Clear,Beverages
SKU00735,111.0,25.0,None,High,75,Markdown/Clear,Apparel & Footwear
SKU00736,55.0,8.0,None,High,75,Markdown/Clear,Electronics & Accessories
SKU00737,4.0,30.0,High,None,75,Reorder Now,Grocery
SKU00738,42.0,12.0,None,High,75,Markdown/Clear,Snacks & Confectionery
SKU00739,144.0,15.0,None,High,75,Markdown/Clear,Grocery
SKU00740,152.0,20.0,None,High,75,Markdown/Clear,Dairy & Bakery
SKU00741,23.0,25.0,High,None,75,Reorder Now,Beverages
SKU00742,162.0,8.0,None,High,75,Markdown/Clear,Electronics & Accessories
SKU00743,93.0,30.0,None,High,75,Markdown/Clear,Frozen Foods
SKU00744,60.0,12.0,None,High,75,Markdown/Clear,Stationery & Office
SKU00745,99.0,15.0,None,High,75,Markdown/Clear,Electronics & Accessories
SKU00746,37.0,20.0,Low,High,75,Watch,Health & Wellness
SKU00747,74.0,25.0,None,High,75,Markdown/Clear,Frozen Foods
SKU00748,54.0,8.0,None,High,75,Markdown/Clear,Grocery
SKU00749,202.0,30.0,None,High,75,Markdown/Clear,Grocery
SKU00750,,12.0,None,None,0,Healthy,Health & Wellness
SKU00751,240.0,15.0,None,High,75,Markdown/Clear,Grocery
SKU00752,50.0,20.0,None,High,75,Markdown/Clear,Grocery
SKU00753,,25.0,None,None,0,Healthy,Snacks & Confectionery
SKU00754,196.0,8.0,None,High,75,Markdown/Clear,Home & Kitchen
SKU00755,138.0,30.0,None,High,75,Markdown/Clear,Home Care
SKU00756,197.0,12.0,None,High,75,Markdown/Clear,Electronics & Accessories
SKU00757,,15.0,None,None,0,Healthy,Personal Care
SKU00758,224.0,20.0,None,High,75,Markdown/Clear,Snacks & Confectionery
SKU00759,59.0,25.0,None,High,75,Markdown/Clear,Personal Care
SKU00760,41.0,8.0,None,High,75,Markdown/Clear,Beverages
SKU00761,181.0,30.0,None,High,75,Markdown/Clear,Apparel & Footwear
SKU00762,229.0,12.0,None,High,75,Markdown/Clear,Snacks & Confectionery
SKU00763,73.0,15.0,None,High,75,Markdown/Clear,Personal Care
SKU00764,112.0,20.0,None,High,75,Markdown/Clear,Stationery & Office
SKU00765,208.0,25.0,None,High,75,Markdown/Clear,Health & Wellness
SKU00766,61.0,8.0,None,High,75,Markdown/Clear,Home Care
SKU00767,161.0,30.0,None,High,75,Markdown/Clear,Frozen Foods
SKU00768,0.0,12.0,High,None,75,Reorder Now,Apparel & Footwear
SKU00769,26.0,15.0,Low,High,75,Watch,Dairy & Bakery
SKU00770,53.0,20.0,None,High,75,Markdown/Clear,Health & Wellness
SKU00771,,25.0,None,None,0,Healthy,Home & Kitchen
SKU00772,14.0,8.0,Low,High,75,Watch,Frozen Foods
SKU00773,120.0,30.0,None,High,75,Markdown/Clear,Home Care
SKU00774,0.0,12.0,High,None,75,Reorder Now,Beverages
SKU00775,130.0,15.0,None,High,75,Markdown/Clear,Snacks & Confectionery
SKU00776,76.0,20.0,None,High,75,Markdown/Clear,Stationery & Office
SKU00777,78.0,25.0,None,High,75,Markdown/Clear,Frozen Foods
SKU00778,96.0,8.0,None,High,75,Markdown/Clear,Dairy & Bakery
SKU00779,50.0,30.0,Low,High,75,Watch,Home Care
SKU00780,95.0,12.0,None,High,75,Markdown/Clear,Frozen Foods
SKU00781,97.0,15.0,None,High,75,Markdown/Clear,Frozen Foods
SKU00782,134.0,20.0,None,High,75,Markdown/Clear,Electronics & Accessories
SKU00783,207.0,25.0,None,High,75,Markdown/Clear,Dairy & Bakery
SKU00784,61.0,8.0,None,High,75,Markdown/Clear,Health & Wellness
SKU00785,53.0,30.0,Low,High,75,Watch,Home Care
SKU00786,84.0,12.0,None,High,75,Markdown/Clear,Stationery & Office
SKU00787,122.0,15.0,None,High,75,Markdown/Clear,Beverages
SKU00788,61.0,20.0,None,High,75,Markdown/Clear,Beverages
SKU00789,117.0,25.0,None,High,75,Markdown/Clear,Home Care
SKU00790,,8.0,None,None,0,Healthy,Frozen Foods
SKU00791,199.0,30.0,None,High,75,Markdown/Clear,Electronics & Accessories
SKU00792,19.0,12.0,Low,High,75,Watch,Personal Care
SKU00793,77.0,15.0,None,High,75,Markdown/Clear,Home & Kitchen
SKU00794,92.0,20.0,None,High,75,Markdown/Clear,Home Care
SKU00795,59.0,25.0,None,High,75,Markdown/Clear,Beverages
SKU00796,9.0,8.0,Medium,Low,50,Reorder Now,Beverages
SKU00797,85.0,30.0,None,High,75,Markdown/Clear,Stationery & Office
SKU00798,32.0,12.0,None,High,75,Markdown/Clear,Beverages
SKU00799,208.0,15.0,None,High,75,Markdown/Clear,Stationery & Office
SKU00800,231.0,20.0,None,High,75,Markdown/Clear,Dairy & Bakery
SKU00801,180.0,25.0,None,High,75,Markdown/Clear,Beverages
SKU00802,39.0,8.0,None,High,75,Markdown/Clear,Dairy & Bakery
SKU00803,150.0,30.0,None,High,75,Markdown/Clear,Health & Wellness
SKU00804,72.0,12.0,None,High,75,Markdown/Clear,Home Care
SKU00805,35.0,15.0,None,High,75,Markdown/Clear,Apparel & Footwear
SKU00806,55.0,20.0,None,High,75,Markdown/Clear,Health & Wellness
SKU00807,44.0,25.0,Low,High,75,Watch,Personal Care
SKU00808,4.0,8.0,High,None,75,Reorder Now,Health & Wellness
SKU00809,35.0,30.0,Medium,Low,50,Reorder Now,Stationery & Office
SKU00810,49.0,12.0,None,High,75,Markdown/Clear,Personal Care
SKU00811,189.0,15.0,None,High,75,Markdown/Clear,Beverages
SKU00812,,20.0,None,None,0,Healthy,Personal Care
SKU00813,60.0,25.0,None,High,75,Markdown/Clear,Home & Kitchen
SKU00814,,8.0,None,None,0,Healthy,Snacks & Confectionery
SKU00815,102.0,30.0,None,High,75,Markdown/Clear,Stationery & Office
SKU00816,2.0,12.0,High,None,75,Reorder Now,Health & Wellness
SKU00817,,15.0,None,None,0,Healthy,Health & Wellness
SKU00818,49.0,20.0,None,High,75,Markdown/Clear,Dairy & Bakery
SKU00819,238.0,25.0,None,High,75,Markdown/Clear,Stationery & Office
SKU00820,269.0,8.0,None,High,75,Markdown/Clear,Grocery
SKU00821,266.0,30.0,None,High,75,Markdown/Clear,Dairy & Bakery
SKU00822,90.0,12.0,None,High,75,Markdown/Clear,Home Care
SKU00823,160.0,15.0,None,High,75,Markdown/Clear,Home Care
SKU00824,35.0,20.0,Low,High,75,Watch,Home Care
SKU00825,33.0,25.0,Low,Medium,50,Watch,Beverages
SKU00826,,8.0,None,None,0,Healthy,Snacks & Confectionery
SKU00827,190.0,30.0,None,High,75,Markdown/Clear,Beverages
SKU00828,114.0,12.0,None,High,75,Markdown/Clear,Frozen Foods
SKU00829,63.0,15.0,None,High,75,Markdown/Clear,Personal Care
SKU00830,0.0,20.0,High,None,75,Reorder Now,Frozen Foods
SKU00831,10.0,25.0,High,None,75,Reorder Now,Health & Wellness
SKU00832,0.0,8.0,High,None,75,Reorder Now,Electronics & Accessories
SKU00833,125.0,30.0,None,High,75,Markdown/Clear,Frozen Foods
SKU00834,218.0,12.0,None,High,75,Markdown/Clear,Health & Wellness
SKU00835,5.0,15.0,High,None,75,Reorder Now,Health & Wellness
SKU00836,,20.0,None,None,0,Healthy,Health & Wellness
SKU00837,301.0,25.0,None,High,75,Markdown/Clear,Health & Wellness
SKU00838,23.0,8.0,None,High,75,Markdown/Clear,Dairy & Bakery
SKU00839,9.0,30.0,High,None,75,Reorder Now,Snacks & Confectionery
SKU00840,66.0,12.0,None,High,75,Markdown/Clear,Apparel & Footwear
SKU00841,100.0,15.0,None,High,75,Markdown/Clear,Personal Care
SKU00842,134.0,20.0,None,High,75,Markdown/Clear,Frozen Foods
SKU00843,28.0,25.0,Medium,Low,50,Reorder Now,Snacks & Confectionery
SKU00844,109.0,8.0,None,High,75,Markdown/Clear,Home Care
SKU00845,39.0,30.0,Low,Medium,50,Watch,Frozen Foods
SKU00846,188.0,12.0,None,High,75,Markdown/Clear,Health & Wellness
SKU00847,,15.0,None,None,0,Healthy,Frozen Foods
SKU00848,19.0,20.0,High,None,75,Reorder Now,Personal Care
SKU00849,37.0,25.0,Low,Medium,50,Watch,Stationery & Office
SKU00850,83.0,8.0,None,High,75,Markdown/Clear,Frozen Foods
SKU00851,50.0,30.0,Low,High,75,Watch,Apparel & Footwear
SKU00852,24.0,12.0,Low,High,75,Watch,Electronics & Accessories
SKU00853,63.0,15.0,None,High,75,Markdown/Clear,Frozen Foods
SKU00854,208.0,20.0,None,High,75,Markdown/Clear,Home & Kitchen
SKU00855,75.0,25.0,None,High,75,Markdown/Clear,Beverages
SKU00856,8.0,8.0,High,Low,75,Reorder Now,Stationery & Office
SKU00857,21.0,30.0,High,None,75,Reorder Now,Home & Kitchen
SKU00858,40.0,12.0,None,High,75,Markdown/Clear,Frozen Foods
SKU00859,42.0,15.0,None,High,75,Markdown/Clear,Electronics & Accessories
SKU00860,35.0,20.0,Low,High,75,Watch,Frozen Foods
SKU00861,24.0,25.0,High,None,75,Reorder Now,Dairy & Bakery
SKU00862,,8.0,None,None,0,Healthy,Apparel & Footwear
SKU00863,49.0,30.0,Low,High,75,Watch,Snacks & Confectionery
SKU00864,248.0,12.0,None,High,75,Markdown/Clear,Dairy & Bakery
SKU00865,221.0,15.0,None,High,75,Markdown/Clear,Frozen Foods
SKU00866,245.0,20.0,None,High,75,Markdown/Clear,Home & Kitchen
SKU00867,49.0,25.0,Low,High,75,Watch,Personal Care
SKU00868,287.0,8.0,None,High,75,Markdown/Clear,Home Care
SKU00869,189.0,30.0,None,High,75,Markdown/Clear,Grocery
SKU00870,119.0,12.0,None,High,75,Markdown/Clear,Beverages
SKU00871,,15.0,None,None,0,Healthy,Grocery
SKU00872,47.0,20.0,None,High,75,Markdown/Clear,Grocery
SKU00873,69.0,25.0,None,High,75,Markdown/Clear,Home & Kitchen
SKU00874,320.0,8.0,None,High,75,Markdown/Clear,Home & Kitchen
SKU00875,164.0,30.0,None,High,75,Markdown/Clear,Apparel & Footwear
SKU00876,105.0,12.0,None,High,75,Markdown/Clear,Grocery
SKU00877,14.0,15.0,High,None,75,Reorder Now,Grocery
SKU00878,18.0,20.0,High,None,75,Reorder Now,Dairy & Bakery
SKU00879,30.0,25.0,Medium,Medium,50,Reorder Now,Frozen Foods
SKU00880,48.0,8.0,None,High,75,Markdown/Clear,Personal Care
SKU00881,188.0,30.0,None,High,75,Markdown/Clear,Home Care
SKU00882,166.0,12.0,None,High,75,Markdown/Clear,Snacks & Confectionery
SKU00883,144.0,15.0,None,High,75,Markdown/Clear,Electronics & Accessories
SKU00884,53.0,20.0,None,High,75,Markdown/Clear,Dairy & Bakery
SKU00885,138.0,25.0,None,High,75,Markdown/Clear,Grocery
SKU00886,3.0,8.0,High,None,75,Reorder Now,Electronics & Accessories
SKU00887,87.0,30.0,None,High,75,Markdown/Clear,Home & Kitchen
SKU00888,119.0,12.0,None,High,75,Markdown/Clear,Grocery
SKU00889,275.0,15.0,None,High,75,Markdown/Clear,Home Care
SKU00890,79.0,20.0,None,High,75,Markdown/Clear,Apparel & Footwear
SKU00891,113.0,25.0,None,High,75,Markdown/Clear,Electronics & Accessories
SKU00892,37.0,8.0,None,High,75,Markdown/Clear,Home & Kitchen
SKU00893,54.0,30.0,Low,High,75,Watch,Personal Care
SKU00894,123.0,12.0,None,High,75,Markdown/Clear,Personal Care
SKU00895,96.0,15.0,None,High,75,Markdown/Clear,Electronics & Accessories
SKU00896,77.0,20.0,None,High,75,Markdown/Clear,Beverages
SKU00897,132.0,25.0,None,High,75,Markdown/Clear,Snacks & Confectionery
SKU00898,130.0,8.0,None,High,75,Markdown/Clear,Health & Wellness
SKU00899,184.0,30.0,None,High,75,Markdown/Clear,Electronics & Accessories
SKU00900,49.0,12.0,None,High,75,Markdown/Clear,Beverages
SKU00901,153.0,15.0,None,High,75,Markdown/Clear,Frozen Foods
SKU00902,244.0,20.0,None,High,75,Markdown/Clear,Personal Care
SKU00903,,25.0,None,None,0,Healthy,Frozen Foods
SKU00904,207.0,8.0,None,High,75,Markdown/Clear,Stationery & Office
SKU00905,74.0,30.0,None,High,75,Markdown/Clear,Grocery
SKU00906,262.0,12.0,None,High,75,Markdown/Clear,Stationery & Office
SKU00907,,15.0,None,None,0,Healthy,Home Care
SKU00908,30.0,20.0,Low,High,75,Watch,Apparel & Footwear
SKU00909,5.0,25.0,High,None,75,Reorder Now,Home Care
SKU00910,,8.0,None,None,0,Healthy,Dairy & Bakery
SKU00911,36.0,30.0,Medium,Medium,50,Reorder Now,Apparel & Footwear
SKU00912,114.0,12.0,None,High,75,Markdown/Clear,Electronics & Accessories
SKU00913,117.0,15.0,None,High,75,Markdown/Clear,Beverages
SKU00914,127.0,20.0,None,High,75,Markdown/Clear,Electronics & Accessories
SKU00915,146.0,25.0,None,High,75,Markdown/Clear,Apparel & Footwear
SKU00916,282.0,8.0,None,High,75,Markdown/Clear,Personal Care
SKU00917,172.0,30.0,None,High,75,Markdown/Clear,Stationery & Office
SKU00918,95.0,12.0,None,High,75,Markdown/Clear,Health & Wellness
SKU00919,148.0,15.0,None,High,75,Markdown/Clear,Personal Care
SKU00920,0.0,20.0,High,None,75,Reorder Now,Grocery
SKU00921,86.0,25.0,None,High,75,Markdown/Clear,Electronics & Accessories
SKU00922,0.0,8.0,High,None,75,Reorder Now,Snacks & Confectionery
SKU00923,98.0,30.0,None,High,75,Markdown/Clear,Apparel & Footwear
SKU00924,23.0,12.0,Low,High,75,Watch,Frozen Foods
SKU00925,211.0,15.0,None,High,75,Markdown/Clear,Home Care
SKU00926,129.0,20.0,None,High,75,Markdown/Clear,Beverages
SKU00927,49.0,25.0,Low,High,75,Watch,Electronics & Accessories
SKU00928,36.0,8.0,None,High,75,Markdown/Clear,Beverages
SKU00929,171.0,30.0,None,High,75,Markdown/Clear,Home Care
SKU00930,104.0,12.0,None,High,75,Markdown/Clear,Home & Kitchen
SKU00931,9.0,15.0,High,None,75,Reorder Now,Stationery & Office
SKU00932,231.0,20.0,None,High,75,Markdown/Clear,Stationery & Office
SKU00933,115.0,25.0,None,High,75,Markdown/Clear,Stationery & Office
SKU00934,78.0,8.0,None,High,75,Markdown/Clear,Frozen Foods
SKU00935,287.0,30.0,None,High,75,Markdown/Clear,Snacks & Confectionery
SKU00936,,12.0,None,None,0,Healthy,Home & Kitchen
SKU00937,143.0,15.0,None,High,75,Markdown/Clear,Apparel & Footwear
SKU00938,12.0,20.0,High,None,75,Reorder Now,Stationery & Office
SKU00939,73.0,25.0,None,High,75,Markdown/Clear,Health & Wellness
SKU00940,192.0,8.0,None,High,75,Markdown/Clear,Beverages
SKU00941,,30.0,None,None,0,Healthy,Frozen Foods
SKU00942,111.0,12.0,None,High,75,Markdown/Clear,Home Care
SKU00943,,15.0,None,None,0,Healthy,Home & Kitchen
SKU00944,52.0,20.0,None,High,75,Markdown/Clear,Personal Care
SKU00945,277.0,25.0,None,High,75,Markdown/Clear,Dairy & Bakery
SKU00946,31.0,8.0,None,High,75,Markdown/Clear,Grocery
SKU00947,,30.0,None,None,0,Healthy,Home & Kitchen
SKU00948,37.0,12.0,None,High,75,Markdown/Clear,Apparel & Footwear
SKU00949,20.0,15.0,Low,Medium,50,Watch,Grocery
SKU00950,221.0,20.0,None,High,75,Markdown/Clear,Home Care
SKU00951,65.0,25.0,None,High,75,Markdown/Clear,Home Care
SKU00952,,8.0,None,None,0,Healthy,Home Care
SKU00953,143.0,30.0,None,High,75,Markdown/Clear,Stationery & Office
SKU00954,136.0,12.0,None,High,75,Markdown/Clear,Beverages
SKU00955,185.0,15.0,None,High,75,Markdown/Clear,Dairy & Bakery
SKU00956,2.0,20.0,High,None,75,Reorder Now,Snacks & Confectionery
SKU00957,211.0,25.0,None,High,75,Markdown/Clear,Snacks & Confectionery
SKU00958,290.0,8.0,None,High,75,Markdown/Clear,Home & Kitchen
SKU00959,51.0,30.0,Low,High,75,Watch,Stationery & Office
SKU00960,118.0,12.0,None,High,75,Markdown/Clear,Grocery
SKU00961,198.0,15.0,None,High,75,Markdown/Clear,Health & Wellness
SKU00962,141.0,20.0,None,High,75,Markdown/Clear,Snacks & Confectionery
SKU00963,195.0,25.0,None,High,75,Markdown/Clear,Snacks & Confectionery
SKU00964,37.0,8.0,None,High,75,Markdown/Clear,Dairy & Bakery
SKU00965,233.0,30.0,None,High,75,Markdown/Clear,Snacks & Confectionery
SKU00966,162.0,12.0,None,High,75,Markdown/Clear,Home Care
SKU00967,119.0,15.0,None,High,75,Markdown/Clear,Stationery & Office
SKU00968,25.0,20.0,Medium,Medium,50,Reorder Now,Health & Wellness
SKU00969,,25.0,None,None,0,Healthy,Electronics & Accessories
SKU00970,127.0,8.0,None,High,75,Markdown/Clear,Home Care
SKU00971,51.0,30.0,Low,High,75,Watch,Grocery
SKU00972,230.0,12.0,None,High,75,Markdown/Clear,Beverages
SKU00973,50.0,15.0,None,High,75,Markdown/Clear,Dairy & Bakery
SKU00974,0.0,20.0,High,None,75,Reorder Now,Snacks & Confectionery
SKU00975,140.0,25.0,None,High,75,Markdown/Clear,Home & Kitchen
SKU00976,234.0,8.0,None,High,75,Markdown/Clear,Home & Kitchen
SKU00977,135.0,30.0,None,High,75,Markdown/Clear,Home & Kitchen
SKU00978,384.0,12.0,None,High,75,Markdown/Clear,Health & Wellness
SKU00979,26.0,15.0,Low,High,75,Watch,Frozen Foods
SKU00980,57.0,20.0,None,High,75,Markdown/Clear,Health & Wellness
SKU00981,184.0,25.0,None,High,75,Markdown/Clear,Personal Care
SKU00982,121.0,8.0,None,High,75,Markdown/Clear,Electronics & Accessories
SKU00983,188.0,30.0,None,High,75,Markdown/Clear,Apparel & Footwear
SKU00984,20.0,12.0,Low,High,75,Watch,Apparel & Footwear
SKU00985,,15.0,None,None,0,Healthy,Health & Wellness
SKU00986,268.0,20.0,None,High,75,Markdown/Clear,Grocery
SKU00987,371.0,25.0,None,High,75,Markdown/Clear,Electronics & Accessories
SKU00988,61.0,8.0,None,High,75,Markdown/Clear,Personal Care
SKU00989,167.0,30.0,None,High,75,Markdown/Clear,Electronics & Accessories
SKU00990,108.0,12.0,None,High,75,Markdown/Clear,Frozen Foods
SKU00991,137.0,15.0,None,High,75,Markdown/Clear,Home & Kitchen
SKU00992,122.0,20.0,None,High,75,Markdown/Clear,Personal Care
SKU00993,64.0,25.0,None,High,75,Markdown/Clear,Stationery & Office
SKU00994,0.0,8.0,High,None,75,Reorder Now,Home & Kitchen
SKU00995,,30.0,None,None,0,Healthy,Dairy & Bakery
SKU00996,24.0,12.0,Low,High,75,Watch,Home Care
SKU00997,60.0,15.0,None,High,75,Markdown/Clear,Frozen Foods
SKU00998,109.0,20.0,None,High,75,Markdown/Clear,Apparel & Footwear
SKU00999,,25.0,None,None,0,Healthy,Electronics & Accessories
SKU01000,,8.0,None,None,0,Healthy,Home & Kitchen
SKU01001,94.0,30.0,None,High,75,Markdown/Clear,Personal Care
SKU01002,52.0,12.0,None,High,75,Markdown/Clear,Frozen Foods
SKU01003,91.0,15.0,None,High,75,Markdown/Clear,Home Care
SKU01004,209.0,20.0,None,High,75,Markdown/Clear,Home & Kitchen
SKU01005,37.0,25.0,Low,Medium,50,Watch,Dairy & Bakery
SKU01006,124.0,8.0,None,High,75,Markdown/Clear,Health & Wellness
SKU01007,61.0,30.0,None,High,75,Markdown/Clear,Beverages
SKU01008,118.0,12.0,None,High,75,Markdown/Clear,Home & Kitchen
SKU01009,0.0,15.0,High,None,75,Reorder Now,Personal Care
SKU01010,13.0,20.0,High,None,75,Reorder Now,Personal Care
SKU01011,1.0,25.0,High,None,75,Reorder Now,Frozen Foods
SKU01012,123.0,8.0,None,High,75,Markdown/Clear,Home Care
SKU01013,,30.0,None,None,0,Healthy,Home & Kitchen
SKU01014,,12.0,None,None,0,Healthy,Frozen Foods
SKU01015,30.0,15.0,Low,High,75,Watch,Frozen Foods
SKU01016,,20.0,None,None,0,Healthy,Beverages
SKU01017,70.0,25.0,None,High,75,Markdown/Clear,Grocery
SKU01018,130.0,8.0,None,High,75,Markdown/Clear,Personal Care
SKU01019,125.0,30.0,None,High,75,Markdown/Clear,Stationery & Office
SKU01020,0.0,12.0,High,None,75,Reorder Now,Stationery & Office
SKU01021,0.0,15.0,High,None,75,Reorder Now,Health & Wellness
SKU01022,83.0,20.0,None,High,75,Markdown/Clear,Health & Wellness
SKU01023,133.0,25.0,None,High,75,Markdown/Clear,Personal Care
SKU01024,64.0,8.0,None,High,75,Markdown/Clear,Snacks & Confectionery
SKU01025,210.0,30.0,None,High,75,Markdown/Clear,Grocery
SKU01026,,12.0,None,None,0,Healthy,Personal Care
SKU01027,124.0,15.0,None,High,75,Markdown/Clear,Dairy & Bakery
SKU01028,11.0,20.0,High,None,75,Reorder Now,Snacks & Confectionery
SKU01029,28.0,25.0,Medium,Low,50,Reorder Now,Dairy & Bakery
SKU01030,0.0,8.0,High,None,75,Reorder Now,Grocery
SKU01031,22.0,30.0,High,None,75,Reorder Now,Health & Wellness
SKU01032,11.0,12.0,High,None,75,Reorder Now,Stationery & Office
SKU01033,36.0,15.0,None,High,75,Markdown/Clear,Electronics & Accessories
SKU01034,343.0,20.0,None,High,75,Markdown/Clear,Home Care
SKU01035,,25.0,None,None,0,Healthy,Home Care
SKU01036,118.0,8.0,None,High,75,Markdown/Clear,Dairy & Bakery
SKU01037,0.0,30.0,High,None,75,Reorder Now,Beverages
SKU01038,291.0,12.0,None,High,75,Markdown/Clear,Health & Wellness
SKU01039,40.0,15.0,None,High,75,Markdown/Clear,Frozen Foods
SKU01040,,20.0,None,None,0,Healthy,Grocery
SKU01041,21.0,25.0,High,None,75,Reorder Now,Personal Care
SKU01042,37.0,8.0,None,High,75,Markdown/Clear,Dairy & Bakery
SKU01043,72.0,30.0,None,High,75,Markdown/Clear,Snacks & Confectionery
SKU01044,88.0,12.0,None,High,75,Markdown/Clear,Electronics & Accessories
SKU01045,0.0,15.0,High,None,75,Reorder Now,Frozen Foods
SKU01046,440.0,20.0,None,High,75,Markdown/Clear,Health & Wellness
SKU01047,94.0,25.0,None,High,75,Markdown/Clear,Electronics & Accessories
SKU01048,70.0,8.0,None,High,75,Markdown/Clear,Stationery & Office
SKU01049,85.0,30.0,None,High,75,Markdown/Clear,Apparel & Footwear
SKU01050,64.0,12.0,None,High,75,Markdown/Clear,Health & Wellness
SKU01051,,15.0,None,None,0,Healthy,Home & Kitchen
SKU01052,16.0,20.0,High,None,75,Reorder Now,Home Care
SKU01053,144.0,25.0,None,High,75,Markdown/Clear,Stationery & Office
SKU01054,19.0,8.0,None,High,75,Markdown/Clear,Apparel & Footwear
SKU01055,21.0,30.0,High,None,75,Reorder Now,Health & Wellness
SKU01056,190.0,12.0,None,High,75,Markdown/Clear,Home & Kitchen
SKU01057,46.0,15.0,None,High,75,Markdown/Clear,Frozen Foods
SKU01058,91.0,20.0,None,High,75,Markdown/Clear,Electronics & Accessories
SKU01059,108.0,25.0,None,High,75,Markdown/Clear,Dairy & Bakery
SKU01060,,8.0,None,None,0,Healthy,Stationery & Office
SKU01061,84.0,30.0,None,High,75,Markdown/Clear,Health & Wellness
SKU01062,,12.0,None,None,0,Healthy,Apparel & Footwear
SKU01063,84.0,15.0,None,High,75,Markdown/Clear,Home Care
SKU01064,186.0,20.0,None,High,75,Markdown/Clear,Home & Kitchen
SKU01065,16.0,25.0,High,None,75,Reorder Now,Grocery
SKU01066,123.0,8.0,None,High,75,Markdown/Clear,Beverages
SKU01067,118.0,30.0,None,High,75,Markdown/Clear,Frozen Foods
SKU01068,406.0,12.0,None,High,75,Markdown/Clear,Electronics & Accessories
SKU01069,30.0,15.0,Low,High,75,Watch,Apparel & Footwear
SKU01070,24.0,20.0,Medium,Medium,50,Reorder Now,Home Care
SKU01071,58.0,25.0,None,High,75,Markdown/Clear,Health & Wellness
SKU01072,14.0,8.0,Low,High,75,Watch,Frozen Foods
SKU01073,245.0,30.0,None,High,75,Markdown/Clear,Stationery & Office
SKU01074,106.0,12.0,None,High,75,Markdown/Clear,Health & Wellness
SKU01075,125.0,15.0,None,High,75,Markdown/Clear,Home Care
SKU01076,26.0,20.0,Low,Medium,50,Watch,Stationery & Office
SKU01077,11.0,25.0,High,None,75,Reorder Now,Beverages
SKU01078,17.0,8.0,None,High,75,Markdown/Clear,Stationery & Office
SKU01079,,30.0,None,None,0,Healthy,Beverages
SKU01080,,12.0,None,None,0,Healthy,Dairy & Bakery
SKU01081,233.0,15.0,None,High,75,Markdown/Clear,Apparel & Footwear
SKU01082,71.0,20.0,None,High,75,Markdown/Clear,Electronics & Accessories
SKU01083,13.0,25.0,High,None,75,Reorder Now,Stationery & Office
SKU01084,,8.0,None,None,0,Healthy,Electronics & Accessories
SKU01085,124.0,30.0,None,High,75,Markdown/Clear,Health & Wellness
SKU01086,78.0,12.0,None,High,75,Markdown/Clear,Personal Care
SKU01087,9.0,15.0,High,None,75,Reorder Now,Grocery
SKU01088,12.0,20.0,High,None,75,Reorder Now,Beverages
SKU01089,,25.0,None,None,0,Healthy,Dairy & Bakery
SKU01090,16.0,8.0,Low,High,75,Watch,Grocery
SKU01091,62.0,30.0,None,High,75,Markdown/Clear,Frozen Foods
SKU01092,72.0,12.0,None,High,75,Markdown/Clear,Apparel & Footwear
SKU01093,19.0,15.0,Low,Medium,50,Watch,Stationery & Office
SKU01094,103.0,20.0,None,High,75,Markdown/Clear,Home Care
SKU01095,170.0,25.0,None,High,75,Markdown/Clear,Home & Kitchen
SKU01096,118.0,8.0,None,High,75,Markdown/Clear,Stationery & Office
SKU01097,54.0,30.0,Low,High,75,Watch,Home & Kitchen
SKU01098,,12.0,None,None,0,Healthy,Home Care
SKU01099,63.0,15.0,None,High,75,Markdown/Clear,Dairy & Bakery
SKU01100,128.0,20.0,None,High,75,Markdown/Clear,Stationery & Office
SKU01101,64.0,25.0,None,High,75,Markdown/Clear,Snacks & Confectionery
SKU01102,83.0,8.0,None,High,75,Markdown/Clear,Personal Care
SKU01103,34.0,30.0,Medium,Low,50,Reorder Now,Grocery
SKU01104,24.0,12.0,Low,High,75,Watch,Apparel & Footwear
SKU01105,,15.0,None,None,0,Healthy,Health & Wellness
SKU01106,71.0,20.0,None,High,75,Markdown/Clear,Beverages
SKU01107,252.0,25.0,None,High,75,Markdown/Clear,Snacks & Confectionery
SKU01108,227.0,8.0,None,High,75,Markdown/Clear,Frozen Foods
SKU01109,218.0,30.0,None,High,75,Markdown/Clear,Frozen Foods
SKU01110,26.0,12.0,None,High,75,Markdown/Clear,Apparel & Footwear
SKU01111,,15.0,None,None,0,Healthy,Dairy & Bakery
SKU01112,110.0,20.0,None,High,75,Markdown/Clear,Stationery & Office
SKU01113,100.0,25.0,None,High,75,Markdown/Clear,Home Care
SKU01114,79.0,8.0,None,High,75,Markdown/Clear,Apparel & Footwear
SKU01115,3.0,30.0,High,None,75,Reorder Now,Snacks & Confectionery
SKU01116,71.0,12.0,None,High,75,Markdown/Clear,Grocery
SKU01117,39.0,15.0,None,High,75,Markdown/Clear,Grocery
SKU01118,65.0,20.0,None,High,75,Markdown/Clear,Personal Care
SKU01119,54.0,25.0,None,High,75,Markdown/Clear,Stationery & Office
SKU01120,39.0,8.0,None,High,75,Markdown/Clear,Grocery
SKU01121,0.0,30.0,High,None,75,Reorder Now,Personal Care
SKU01122,20.0,12.0,Low,High,75,Watch,Beverages
SKU01123,201.0,15.0,None,High,75,Markdown/Clear,Stationery & Office
SKU01124,148.0,20.0,None,High,75,Markdown/Clear,Electronics & Accessories
SKU01125,22.0,25.0,High,None,75,Reorder Now,Apparel & Footwear
SKU01126,,8.0,None,None,0,Healthy,Electronics & Accessories
SKU01127,39.0,30.0,Low,Medium,50,Watch,Health & Wellness
SKU01128,105.0,12.0,None,High,75,Markdown/Clear,Apparel & Footwear
SKU01129,52.0,15.0,None,High,75,Markdown/Clear,Grocery
SKU01130,98.0,20.0,None,High,75,Markdown/Clear,Home & Kitchen
SKU01131,124.0,25.0,None,High,75,Markdown/Clear,Electronics & Accessories
SKU01132,9.0,8.0,Medium,Low,50,Reorder Now,Electronics & Accessories
SKU01133,74.0,30.0,None,High,75,Markdown/Clear,Personal Care
SKU01134,57.0,12.0,None,High,75,Markdown/Clear,Apparel & Footwear
SKU01135,176.0,15.0,None,High,75,Markdown/Clear,Personal Care
SKU01136,78.0,20.0,None,High,75,Markdown/Clear,Grocery
SKU01137,163.0,25.0,None,High,75,Markdown/Clear,Home & Kitchen
SKU01138,0.0,8.0,High,None,75,Reorder Now,Snacks & Confectionery
SKU01139,,30.0,None,None,0,Healthy,Beverages
SKU01140,151.0,12.0,None,High,75,Markdown/Clear,Health & Wellness
SKU01141,,15.0,None,None,0,Healthy,Snacks & Confectionery
SKU01142,11.0,20.0,High,None,75,Reorder Now,Home & Kitchen
SKU01143,3.0,25.0,High,None,75,Reorder Now,Home Care
SKU01144,247.0,8.0,None,High,75,Markdown/Clear,Grocery
SKU01145,290.0,30.0,None,High,75,Markdown/Clear,Stationery & Office
SKU01146,167.0,12.0,None,High,75,Markdown/Clear,Frozen Foods
SKU01147,86.0,15.0,None,High,75,Markdown/Clear,Dairy & Bakery
SKU01148,64.0,20.0,None,High,75,Markdown/Clear,Electronics & Accessories
SKU01149,32.0,25.0,Low,Medium,50,Watch,Frozen Foods
SKU01150,47.0,8.0,None,High,75,Markdown/Clear,Grocery
SKU01151,34.0,30.0,Medium,Low,50,Reorder Now,Apparel & Footwear
SKU01152,0.0,12.0,High,None,75,Reorder Now,Personal Care
SKU01153,0.0,15.0,High,None,75,Reorder Now,Electronics & Accessories
SKU01154,108.0,20.0,None,High,75,Markdown/Clear,Home & Kitchen
SKU01155,36.0,25.0,Low,Medium,50,Watch,Health & Wellness
SKU01156,119.0,8.0,None,High,75,Markdown/Clear,Electronics & Accessories
SKU01157,193.0,30.0,None,High,75,Markdown/Clear,Dairy & Bakery
SKU01158,49.0,12.0,None,High,75,Markdown/Clear,Snacks & Confectionery
SKU01159,64.0,15.0,None,High,75,Markdown/Clear,Personal Care
SKU01160,189.0,20.0,None,High,75,Markdown/Clear,Home & Kitchen
SKU01161,120.0,25.0,None,High,75,Markdown/Clear,Frozen Foods
SKU01162,132.0,8.0,None,High,75,Markdown/Clear,Personal Care
SKU01163,56.0,30.0,Low,High,75,Watch,Apparel & Footwear
SKU01164,20.0,12.0,Low,High,75,Watch,Home & Kitchen
SKU01165,43.0,15.0,None,High,75,Markdown/Clear,Home & Kitchen
SKU01166,,20.0,None,None,0,Healthy,Dairy & Bakery
SKU01167,30.0,25.0,Medium,Medium,50,Reorder Now,Electronics & Accessories
SKU01168,16.0,8.0,Low,High,75,Watch,Health & Wellness
SKU01169,28.0,30.0,High,None,75,Reorder Now,Home Care
SKU01170,97.0,12.0,None,High,75,Markdown/Clear,Personal Care
SKU01171,,15.0,None,None,0,Healthy,Beverages
SKU01172,117.0,20.0,None,High,75,Markdown/Clear,Dairy & Bakery
SKU01173,,25.0,None,None,0,Healthy,Frozen Foods
SKU01174,338.0,8.0,None,High,75,Markdown/Clear,Home & Kitchen
SKU01175,189.0,30.0,None,High,75,Markdown/Clear,Home & Kitchen
SKU01176,157.0,12.0,None,High,75,Markdown/Clear,Snacks & Confectionery
SKU01177,44.0,15.0,None,High,75,Markdown/Clear,Electronics & Accessories
SKU01178,1.0,20.0,High,None,75,Reorder Now,Beverages
SKU01179,,25.0,None,None,0,Healthy,Electronics & Accessories
SKU01180,,8.0,None,None,0,Healthy,Personal Care
SKU01181,119.0,30.0,None,High,75,Markdown/Clear,Home Care
SKU01182,85.0,12.0,None,High,75,Markdown/Clear,Electronics & Accessories
SKU01183,39.0,15.0,None,High,75,Markdown/Clear,Home Care
SKU01184,1.0,20.0,High,None,75,Reorder Now,Apparel & Footwear
SKU01185,75.0,25.0,None,High,75,Markdown/Clear,Frozen Foods
SKU01186,95.0,8.0,None,High,75,Markdown/Clear,Stationery & Office
SKU01187,132.0,30.0,None,High,75,Markdown/Clear,Health & Wellness
SKU01188,67.0,12.0,None,High,75,Markdown/Clear,Dairy & Bakery
SKU01189,14.0,15.0,High,None,75,Reorder Now,Apparel & Footwear
SKU01190,17.0,20.0,High,None,75,Reorder Now,Personal Care
SKU01191,150.0,25.0,None,High,75,Markdown/Clear,Frozen Foods
SKU01192,,8.0,None,None,0,Healthy,Beverages
SKU01193,115.0,30.0,None,High,75,Markdown/Clear,Beverages
SKU01194,249.0,12.0,None,High,75,Markdown/Clear,Frozen Foods
SKU01195,222.0,15.0,None,High,75,Markdown/Clear,Snacks & Confectionery
SKU01196,100.0,20.0,None,High,75,Markdown/Clear,Stationery & Office
SKU01197,,25.0,None,None,0,Healthy,Home & Kitchen
SKU01198,,8.0,None,None,0,Healthy,Electronics & Accessories
SKU01199,42.0,30.0,Low,Medium,50,Watch,Electronics & Accessories
SKU01200,51.0,12.0,None,High,75,Markdown/Clear,Health & Wellness
SKU01201,128.0,15.0,None,High,75,Markdown/Clear,Grocery
SKU01202,100.0,20.0,None,High,75,Markdown/Clear,Personal Care
SKU01203,49.0,25.0,Low,High,75,Watch,Home Care
SKU01204,42.0,8.0,None,High,75,Markdown/Clear,Home & Kitchen
SKU01205,8.0,30.0,High,None,75,Reorder Now,Snacks & Confectionery
SKU01206,199.0,12.0,None,High,75,Markdown/Clear,Home Care
SKU01207,167.0,15.0,None,High,75,Markdown/Clear,Personal Care
SKU01208,196.0,20.0,None,High,75,Markdown/Clear,Beverages
SKU01209,59.0,25.0,None,High,75,Markdown/Clear,Beverages
SKU01210,31.0,8.0,None,High,75,Markdown/Clear,Personal Care
SKU01211,37.0,30.0,Medium,Medium,50,Reorder Now,Grocery
SKU01212,,12.0,None,None,0,Healthy,Grocery
SKU01213,170.0,15.0,None,High,75,Markdown/Clear,Personal Care
SKU01214,,20.0,None,None,0,Healthy,Snacks & Confectionery
SKU01215,254.0,25.0,None,High,75,Markdown/Clear,Frozen Foods
SKU01216,213.0,8.0,None,High,75,Markdown/Clear,Grocery
SKU01217,103.0,30.0,None,High,75,Markdown/Clear,Dairy & Bakery
SKU01218,66.0,12.0,None,High,75,Markdown/Clear,Home Care
SKU01219,,15.0,None,None,0,Healthy,Stationery & Office
SKU01220,212.0,20.0,None,High,75,Markdown/Clear,Health & Wellness
SKU01221,4.0,25.0,High,None,75,Reorder Now,Home & Kitchen
SKU01222,175.0,8.0,None,High,75,Markdown/Clear,Personal Care
SKU01223,61.0,30.0,None,High,75,Markdown/Clear,Home Care
SKU01224,51.0,12.0,None,High,75,Markdown/Clear,Home Care
SKU01225,6.0,15.0,High,None,75,Reorder Now,Home & Kitchen
SKU01226,92.0,20.0,None,High,75,Markdown/Clear,Stationery & Office
SKU01227,23.0,25.0,High,None,75,Reorder Now,Stationery & Office
SKU01228,60.0,8.0,None,High,75,Markdown/Clear,Apparel & Footwear
SKU01229,553.0,30.0,None,High,75,Markdown/Clear,Frozen Foods
SKU01230,159.0,12.0,None,High,75,Markdown/Clear,Frozen Foods
SKU01231,25.0,15.0,Low,High,75,Watch,Stationery & Office
SKU01232,20.0,20.0,High,Low,75,Reorder Now,Dairy & Bakery
SKU01233,,25.0,None,None,0,Healthy,Personal Care
SKU01234,42.0,8.0,None,High,75,Markdown/Clear,Home & Kitchen
SKU01235,36.0,30.0,Medium,Medium,50,Reorder Now,Personal Care
SKU01236,48.0,12.0,None,High,75,Markdown/Clear,Snacks & Confectionery
SKU01237,212.0,15.0,None,High,75,Markdown/Clear,Frozen Foods
SKU01238,1.0,20.0,High,None,75,Reorder Now,Dairy & Bakery
SKU01239,,25.0,None,None,0,Healthy,Home & Kitchen
SKU01240,,8.0,None,None,0,Healthy,Home & Kitchen
SKU01241,187.0,30.0,None,High,75,Markdown/Clear,Dairy & Bakery
SKU01242,122.0,12.0,None,High,75,Markdown/Clear,Frozen Foods
SKU01243,202.0,15.0,None,High,75,Markdown/Clear,Stationery & Office
SKU01244,,20.0,None,None,0,Healthy,Electronics & Accessories
SKU01245,,25.0,None,None,0,Healthy,Snacks & Confectionery
SKU01246,11.0,8.0,Low,Medium,50,Watch,Health & Wellness
SKU01247,56.0,30.0,Low,High,75,Watch,Health & Wellness
SKU01248,82.0,12.0,None,High,75,Markdown/Clear,Health & Wellness
SKU01249,1.0,15.0,High,None,75,Reorder Now,Grocery
SKU01250,22.0,20.0,Medium,Low,50,Reorder Now,Dairy & Bakery
SKU01251,68.0,25.0,None,High,75,Markdown/Clear,Home & Kitchen
SKU01252,,8.0,None,None,0,Healthy,Snacks & Confectionery
SKU01253,45.0,30.0,Low,High,75,Watch,Dairy & Bakery
SKU01254,95.0,12.0,None,High,75,Markdown/Clear,Dairy & Bakery
SKU01255,82.0,15.0,None,High,75,Markdown/Clear,Snacks & Confectionery
SKU01256,7.0,20.0,High,None,75,Reorder Now,Beverages
SKU01257,54.0,25.0,None,High,75,Markdown/Clear,Personal Care
SKU01258,32.0,8.0,None,High,75,Markdown/Clear,Home & Kitchen
SKU01259,73.0,30.0,None,High,75,Markdown/Clear,Grocery
SKU01260,,12.0,None,None,0,Healthy,Dairy & Bakery
SKU01261,55.0,15.0,None,High,75,Markdown/Clear,Grocery
SKU01262,190.0,20.0,None,High,75,Markdown/Clear,Frozen Foods
SKU01263,273.0,25.0,None,High,75,Markdown/Clear,Dairy & Bakery
SKU01264,320.0,8.0,None,High,75,Markdown/Clear,Apparel & Footwear
SKU01265,99.0,30.0,None,High,75,Markdown/Clear,Health & Wellness
SKU01266,88.0,12.0,None,High,75,Markdown/Clear,Apparel & Footwear
SKU01267,278.0,15.0,None,High,75,Markdown/Clear,Health & Wellness
SKU01268,96.0,20.0,None,High,75,Markdown/Clear,Home Care
SKU01269,69.0,25.0,None,High,75,Markdown/Clear,Home & Kitchen
SKU01270,63.0,8.0,None,High,75,Markdown/Clear,Home Care
SKU01271,5.0,30.0,High,None,75,Reorder Now,Stationery & Office
SKU01272,41.0,12.0,None,High,75,Markdown/Clear,Stationery & Office
SKU01273,186.0,15.0,None,High,75,Markdown/Clear,Health & Wellness
SKU01274,0.0,20.0,High,None,75,Reorder Now,Electronics & Accessories
SKU01275,37.0,25.0,Low,Medium,50,Watch,Dairy & Bakery
SKU01276,37.0,8.0,None,High,75,Markdown/Clear,Apparel & Footwear
SKU01277,179.0,30.0,None,High,75,Markdown/Clear,Electronics & Accessories
SKU01278,181.0,12.0,None,High,75,Markdown/Clear,Home & Kitchen
SKU01279,,15.0,None,None,0,Healthy,Dairy & Bakery
SKU01280,177.0,20.0,None,High,75,Markdown/Clear,Apparel & Footwear
SKU01281,49.0,25.0,Low,High,75,Watch,Home Care
SKU01282,201.0,8.0,None,High,75,Markdown/Clear,Snacks & Confectionery
SKU01283,105.0,30.0,None,High,75,Markdown/Clear,Snacks & Confectionery
SKU01284,81.0,12.0,None,High,75,Markdown/Clear,Frozen Foods
SKU01285,,15.0,None,None,0,Healthy,Dairy & Bakery
SKU01286,96.0,20.0,None,High,75,Markdown/Clear,Beverages
SKU01287,124.0,25.0,None,High,75,Markdown/Clear,Home Care
SKU01288,140.0,8.0,None,High,75,Markdown/Clear,Health & Wellness
SKU01289,58.0,30.0,Low,High,75,Watch,Dairy & Bakery
SKU01290,164.0,12.0,None,High,75,Markdown/Clear,Stationery & Office
SKU01291,,15.0,None,None,0,Healthy,Apparel & Footwear
SKU01292,150.0,20.0,None,High,75,Markdown/Clear,Frozen Foods
SKU01293,63.0,25.0,None,High,75,Markdown/Clear,Stationery & Office
SKU01294,25.0,8.0,None,High,75,Markdown/Clear,Home Care
SKU01295,1.0,30.0,High,None,75,Reorder Now,Beverages
SKU01296,144.0,12.0,None,High,75,Markdown/Clear,Grocery
SKU01297,26.0,15.0,Low,High,75,Watch,Stationery & Office
SKU01298,67.0,20.0,None,High,75,Markdown/Clear,Stationery & Office
SKU01299,211.0,25.0,None,High,75,Markdown/Clear,Electronics & Accessories
SKU01300,,8.0,None,None,0,Healthy,Beverages
SKU01301,90.0,30.0,None,High,75,Markdown/Clear,Dairy & Bakery
SKU01302,113.0,12.0,None,High,75,Markdown/Clear,Grocery
SKU01303,328.0,15.0,None,High,75,Markdown/Clear,Grocery
SKU01304,,20.0,None,None,0,Healthy,Snacks & Confectionery
SKU01305,25.0,25.0,High,Low,75,Reorder Now,Frozen Foods
SKU01306,4.0,8.0,High,None,75,Reorder Now,Grocery
SKU01307,,30.0,None,None,0,Healthy,Stationery & Office
SKU01308,8.0,12.0,High,None,75,Reorder Now,Home Care
SKU01309,138.0,15.0,None,High,75,Markdown/Clear,Dairy & Bakery
SKU01310,190.0,20.0,None,High,75,Markdown/Clear,Frozen Foods
SKU01311,5.0,25.0,High,None,75,Reorder Now,Apparel & Footwear
SKU01312,179.0,8.0,None,High,75,Markdown/Clear,Dairy & Bakery
SKU01313,62.0,30.0,None,High,75,Markdown/Clear,Grocery
SKU01314,105.0,12.0,None,High,75,Markdown/Clear,Grocery
SKU01315,167.0,15.0,None,High,75,Markdown/Clear,Home & Kitchen
SKU01316,120.0,20.0,None,High,75,Markdown/Clear,Beverages
SKU01317,142.0,25.0,None,High,75,Markdown/Clear,Health & Wellness
SKU01318,19.0,8.0,None,High,75,Markdown/Clear,Personal Care
SKU01319,149.0,30.0,None,High,75,Markdown/Clear,Apparel & Footwear
SKU01320,176.0,12.0,None,High,75,Markdown/Clear,Grocery
SKU01321,74.0,15.0,None,High,75,Markdown/Clear,Home & Kitchen
SKU01322,,20.0,None,None,0,Healthy,Electronics & Accessories
SKU01323,123.0,25.0,None,High,75,Markdown/Clear,Home Care
SKU01324,80.0,8.0,None,High,75,Markdown/Clear,Snacks & Confectionery
SKU01325,18.0,30.0,High,None,75,Reorder Now,Stationery & Office
SKU01326,37.0,12.0,None,High,75,Markdown/Clear,Dairy & Bakery
SKU01327,69.0,15.0,None,High,75,Markdown/Clear,Home Care
SKU01328,73.0,20.0,None,High,75,Markdown/Clear,Personal Care
SKU01329,10.0,25.0,High,None,75,Reorder Now,Snacks & Confectionery
SKU01330,59.0,8.0,None,High,75,Markdown/Clear,Personal Care
SKU01331,188.0,30.0,None,High,75,Markdown/Clear,Beverages
SKU01332,18.0,12.0,Low,High,75,Watch,Grocery
SKU01333,27.0,15.0,Low,High,75,Watch,Dairy & Bakery
SKU01334,7.0,20.0,High,None,75,Reorder Now,Beverages
SKU01335,132.0,25.0,None,High,75,Markdown/Clear,Personal Care
SKU01336,123.0,8.0,None,High,75,Markdown/Clear,Home & Kitchen
SKU01337,244.0,30.0,None,High,75,Markdown/Clear,Beverages
SKU01338,63.0,12.0,None,High,75,Markdown/Clear,Grocery
SKU01339,18.0,15.0,Medium,Medium,50,Reorder Now,Beverages
SKU01340,,20.0,None,None,0,Healthy,Frozen Foods
SKU01341,215.0,25.0,None,High,75,Markdown/Clear,Dairy & Bakery
SKU01342,96.0,8.0,None,High,75,Markdown/Clear,Home Care
SKU01343,57.0,30.0,Low,High,75,Watch,Grocery
SKU01344,,12.0,None,None,0,Healthy,Dairy & Bakery
SKU01345,,15.0,None,None,0,Healthy,Personal Care
SKU01346,50.0,20.0,None,High,75,Markdown/Clear,Home Care
SKU01347,11.0,25.0,High,None,75,Reorder Now,Frozen Foods
SKU01348,44.0,8.0,None,High,75,Markdown/Clear,Apparel & Footwear
SKU01349,64.0,30.0,None,High,75,Markdown/Clear,Home Care
SKU01350,55.0,12.0,None,High,75,Markdown/Clear,Home & Kitchen
SKU01351,179.0,15.0,None,High,75,Markdown/Clear,Frozen Foods
SKU01352,70.0,20.0,None,High,75,Markdown/Clear,Dairy & Bakery
SKU01353,,25.0,None,None,0,Healthy,Snacks & Confectionery
SKU01354,22.0,8.0,None,High,75,Markdown/Clear,Dairy & Bakery
SKU01355,0.0,30.0,High,None,75,Reorder Now,Health & Wellness
SKU01356,98.0,12.0,None,High,75,Markdown/Clear,Snacks & Confectionery
SKU01357,268.0,15.0,None,High,75,Markdown/Clear,Home & Kitchen
SKU01358,32.0,20.0,Low,High,75,Watch,Home Care
SKU01359,30.0,25.0,Medium,Medium,50,Reorder Now,Home & Kitchen
SKU01360,269.0,8.0,None,High,75,Markdown/Clear,Electronics & Accessories
SKU01361,76.0,30.0,None,High,75,Markdown/Clear,Personal Care
SKU01362,108.0,12.0,None,High,75,Markdown/Clear,Snacks & Confectionery
SKU01363,19.0,15.0,Low,Medium,50,Watch,Electronics & Accessories
SKU01364,,20.0,None,None,0,Healthy,Dairy & Bakery
SKU01365,89.0,25.0,None,High,75,Markdown/Clear,Snacks & Confectionery
SKU01366,35.0,8.0,None,High,75,Markdown/Clear,Stationery & Office
SKU01367,77.0,30.0,None,High,75,Markdown/Clear,Home Care
SKU01368,,12.0,None,None,0,Healthy,Grocery
SKU01369,141.0,15.0,None,High,75,Markdown/Clear,Home Care
SKU01370,0.0,20.0,High,None,75,Reorder Now,Home Care
SKU01371,5.0,25.0,High,None,75,Reorder Now,Home & Kitchen
SKU01372,31.0,8.0,None,High,75,Markdown/Clear,Electronics & Accessories
SKU01373,28.0,30.0,High,None,75,Reorder Now,Snacks & Confectionery
SKU01374,23.0,12.0,Low,High,75,Watch,Beverages
SKU01375,148.0,15.0,None,High,75,Markdown/Clear,Health & Wellness
SKU01376,154.0,20.0,None,High,75,Markdown/Clear,Grocery
SKU01377,43.0,25.0,Low,High,75,Watch,Dairy & Bakery
SKU01378,50.0,8.0,None,High,75,Markdown/Clear,Beverages
SKU01379,264.0,30.0,None,High,75,Markdown/Clear,Grocery
SKU01380,,12.0,None,None,0,Healthy,Stationery & Office
SKU01381,,15.0,None,None,0,Healthy,Beverages
SKU01382,164.0,20.0,None,High,75,Markdown/Clear,Grocery
SKU01383,36.0,25.0,Low,Medium,50,Watch,Stationery & Office
SKU01384,131.0,8.0,None,High,75,Markdown/Clear,Snacks & Confectionery
SKU01385,67.0,30.0,None,High,75,Markdown/Clear,Apparel & Footwear
SKU01386,94.0,12.0,None,High,75,Markdown/Clear,Grocery
SKU01387,129.0,15.0,None,High,75,Markdown/Clear,Beverages
SKU01388,10.0,20.0,High,None,75,Reorder Now,Beverages
SKU01389,199.0,25.0,None,High,75,Markdown/Clear,Electronics & Accessories
SKU01390,48.0,8.0,None,High,75,Markdown/Clear,Health & Wellness
SKU01391,14.0,30.0,High,None,75,Reorder Now,Home Care
SKU01392,82.0,12.0,None,High,75,Markdown/Clear,Snacks & Confectionery
SKU01393,103.0,15.0,None,High,75,Markdown/Clear,Beverages
SKU01394,64.0,20.0,None,High,75,Markdown/Clear,Frozen Foods
SKU01395,42.0,25.0,Low,High,75,Watch,Snacks & Confectionery
SKU01396,346.0,8.0,None,High,75,Markdown/Clear,Health & Wellness
SKU01397,54.0,30.0,Low,High,75,Watch,Electronics & Accessories
SKU01398,38.0,12.0,None,High,75,Markdown/Clear,Home & Kitchen
SKU01399,17.0,15.0,Medium,Low,50,Reorder Now,Home Care
SKU01400,,20.0,None,None,0,Healthy,Grocery
SKU01401,206.0,25.0,None,High,75,Markdown/Clear,Dairy & Bakery
SKU01402,144.0,8.0,None,High,75,Markdown/Clear,Home & Kitchen
SKU01403,18.0,30.0,High,None,75,Reorder Now,Frozen Foods
SKU01404,16.0,12.0,Low,Medium,50,Watch,Health & Wellness
SKU01405,82.0,15.0,None,High,75,Markdown/Clear,Home Care
SKU01406,15.0,20.0,High,None,75,Reorder Now,Beverages
SKU01407,60.0,25.0,None,High,75,Markdown/Clear,Home & Kitchen
SKU01408,,8.0,None,None,0,Healthy,Apparel & Footwear
SKU01409,,30.0,None,None,0,Healthy,Stationery & Office
SKU01410,,12.0,None,None,0,Healthy,Home & Kitchen
SKU01411,5.0,15.0,High,None,75,Reorder Now,Dairy & Bakery
SKU01412,158.0,20.0,None,High,75,Markdown/Clear,Dairy & Bakery
SKU01413,,25.0,None,None,0,Healthy,Snacks & Confectionery
SKU01414,27.0,8.0,None,High,75,Markdown/Clear,Stationery & Office
SKU01415,98.0,30.0,None,High,75,Markdown/Clear,Frozen Foods
SKU01416,6.0,12.0,High,None,75,Reorder Now,Home Care
SKU01417,101.0,15.0,None,High,75,Markdown/Clear,Stationery & Office
SKU01418,13.0,20.0,High,None,75,Reorder Now,Health & Wellness
SKU01419,94.0,25.0,None,High,75,Markdown/Clear,Home & Kitchen
SKU01420,0.0,8.0,High,None,75,Reorder Now,Stationery & Office
SKU01421,23.0,30.0,High,None,75,Reorder Now,Grocery
SKU01422,59.0,12.0,None,High,75,Markdown/Clear,Personal Care
SKU01423,169.0,15.0,None,High,75,Markdown/Clear,Electronics & Accessories
SKU01424,6.0,20.0,High,None,75,Reorder Now,Apparel & Footwear
SKU01425,56.0,25.0,None,High,75,Markdown/Clear,Beverages
SKU01426,,8.0,None,None,0,Healthy,Dairy & Bakery
SKU01427,22.0,30.0,High,None,75,Reorder Now,Frozen Foods
SKU01428,272.0,12.0,None,High,75,Markdown/Clear,Apparel & Footwear
SKU01429,61.0,15.0,None,High,75,Markdown/Clear,Beverages
SKU01430,77.0,20.0,None,High,75,Markdown/Clear,Health & Wellness
SKU01431,171.0,25.0,None,High,75,Markdown/Clear,Dairy & Bakery
SKU01432,,8.0,None,None,0,Healthy,Snacks & Confectionery
SKU01433,443.0,30.0,None,High,75,Markdown/Clear,Frozen Foods
SKU01434,53.0,12.0,None,High,75,Markdown/Clear,Personal Care
SKU01435,,15.0,None,None,0,Healthy,Health & Wellness
SKU01436,77.0,20.0,None,High,75,Markdown/Clear,Dairy & Bakery
SKU01437,124.0,25.0,None,High,75,Markdown/Clear,Apparel & Footwear
SKU01438,42.0,8.0,None,High,75,Markdown/Clear,Grocery
SKU01439,67.0,30.0,None,High,75,Markdown/Clear,Home & Kitchen
SKU01440,18.0,12.0,Low,High,75,Watch,Grocery
SKU01441,82.0,15.0,None,High,75,Markdown/Clear,Electronics & Accessories
SKU01442,38.0,20.0,Low,High,75,Watch,Personal Care
SKU01443,155.0,25.0,None,High,75,Markdown/Clear,Personal Care
SKU01444,253.0,8.0,None,High,75,Markdown/Clear,Grocery
SKU01445,139.0,30.0,None,High,75,Markdown/Clear,Electronics & Accessories
SKU01446,56.0,12.0,None,High,75,Markdown/Clear,Beverages
SKU01447,,15.0,None,None,0,Healthy,Health & Wellness
SKU01448,,20.0,None,None,0,Healthy,Electronics & Accessories
SKU01449,,25.0,None,None,0,Healthy,Home & Kitchen
SKU01450,47.0,8.0,None,High,75,Markdown/Clear,Electronics & Accessories
SKU01451,205.0,30.0,None,High,75,Markdown/Clear,Dairy & Bakery
SKU01452,80.0,12.0,None,High,75,Markdown/Clear,Electronics & Accessories
SKU01453,31.0,15.0,None,High,75,Markdown/Clear,Apparel & Footwear
SKU01454,79.0,20.0,None,High,75,Markdown/Clear,Dairy & Bakery
SKU01455,102.0,25.0,None,High,75,Markdown/Clear,Beverages
SKU01456,52.0,8.0,None,High,75,Markdown/Clear,Home & Kitchen
SKU01457,40.0,30.0,Low,Medium,50,Watch,Beverages
SKU01458,212.0,12.0,None,High,75,Markdown/Clear,Health & Wellness
SKU01459,121.0,15.0,None,High,75,Markdown/Clear,Snacks & Confectionery
SKU01460,121.0,20.0,None,High,75,Markdown/Clear,Beverages
SKU01461,18.0,25.0,High,None,75,Reorder Now,Apparel & Footwear
SKU01462,168.0,8.0,None,High,75,Markdown/Clear,Beverages
SKU01463,151.0,30.0,None,High,75,Markdown/Clear,Electronics & Accessories
SKU01464,52.0,12.0,None,High,75,Markdown/Clear,Electronics & Accessories
SKU01465,181.0,15.0,None,High,75,Markdown/Clear,Grocery
SKU01466,0.0,20.0,High,None,75,Reorder Now,Snacks & Confectionery
SKU01467,81.0,25.0,None,High,75,Markdown/Clear,Apparel & Footwear
SKU01468,120.0,8.0,None,High,75,Markdown/Clear,Frozen Foods
SKU01469,71.0,30.0,None,High,75,Markdown/Clear,Beverages
SKU01470,145.0,12.0,None,High,75,Markdown/Clear,Stationery & Office
SKU01471,105.0,15.0,None,High,75,Markdown/Clear,Dairy & Bakery
SKU01472,166.0,20.0,None,High,75,Markdown/Clear,Grocery
SKU01473,44.0,25.0,Low,High,75,Watch,Stationery & Office
SKU01474,,8.0,None,None,0,Healthy,Grocery
SKU01475,,30.0,None,None,0,Healthy,Frozen Foods
SKU01476,121.0,12.0,None,High,75,Markdown/Clear,Stationery & Office
SKU01477,68.0,15.0,None,High,75,Markdown/Clear,Frozen Foods
SKU01478,,20.0,None,None,0,Healthy,Health & Wellness
SKU01479,182.0,25.0,None,High,75,Markdown/Clear,Personal Care
SKU01480,48.0,8.0,None,High,75,Markdown/Clear,Beverages
SKU01481,39.0,30.0,Low,Medium,50,Watch,Frozen Foods
SKU01482,,12.0,None,None,0,Healthy,Home & Kitchen
SKU01483,138.0,15.0,None,High,75,Markdown/Clear,Beverages
SKU01484,6.0,20.0,High,None,75,Reorder Now,Home & Kitchen
SKU01485,208.0,25.0,None,High,75,Markdown/Clear,Personal Care
SKU01486,143.0,8.0,None,High,75,Markdown/Clear,Frozen Foods
SKU01487,76.0,30.0,None,High,75,Markdown/Clear,Beverages
SKU01488,70.0,12.0,None,High,75,Markdown/Clear,Health & Wellness
SKU01489,56.0,15.0,None,High,75,Markdown/Clear,Snacks & Confectionery
SKU01490,211.0,20.0,None,High,75,Markdown/Clear,Dairy & Bakery
SKU01491,137.0,25.0,None,High,75,Markdown/Clear,Electronics & Accessories
SKU01492,25.0,8.0,None,High,75,Markdown/Clear,Grocery
SKU01493,19.0,30.0,High,None,75,Reorder Now,Home Care
SKU01494,61.0,12.0,None,High,75,Markdown/Clear,Health & Wellness
SKU01495,353.0,15.0,None,High,75,Markdown/Clear,Beverages
SKU01496,281.0,20.0,None,High,75,Markdown/Clear,Dairy & Bakery
SKU01497,,25.0,None,None,0,Healthy,Personal Care
SKU01498,193.0,8.0,None,High,75,Markdown/Clear,Health & Wellness
SKU01499,0.0,30.0,High,None,75,Reorder Now,Stationery & Office
SKU01500,102.0,12.0,None,High,75,Markdown/Clear,Home & Kitchen
SKU01501,41.0,15.0,None,High,75,Markdown/Clear,Snacks & Confectionery
SKU01502,218.0,20.0,None,High,75,Markdown/Clear,Grocery
SKU01503,61.0,25.0,None,High,75,Markdown/Clear,Grocery
SKU01504,22.0,8.0,None,High,75,Markdown/Clear,Health & Wellness
SKU01505,237.0,30.0,None,High,75,Markdown/Clear,Beverages
SKU01506,135.0,12.0,None,High,75,Markdown/Clear,Snacks & Confectionery
SKU01507,108.0,15.0,None,High,75,Markdown/Clear,Home & Kitchen
SKU01508,29.0,20.0,Low,Medium,50,Watch,Home & Kitchen
SKU01509,90.0,25.0,None,High,75,Markdown/Clear,Home & Kitchen
SKU01510,67.0,8.0,None,High,75,Markdown/Clear,Dairy & Bakery
SKU01511,,30.0,None,None,0,Healthy,Health & Wellness
SKU01512,30.0,12.0,None,High,75,Markdown/Clear,Health & Wellness
SKU01513,34.0,15.0,None,High,75,Markdown/Clear,Snacks & Confectionery
SKU01514,53.0,20.0,None,High,75,Markdown/Clear,Frozen Foods
SKU01515,116.0,25.0,None,High,75,Markdown/Clear,Frozen Foods
SKU01516,76.0,8.0,None,High,75,Markdown/Clear,Personal Care
SKU01517,12.0,30.0,High,None,75,Reorder Now,Apparel & Footwear
SKU01518,181.0,12.0,None,High,75,Markdown/Clear,Electronics & Accessories
SKU01519,81.0,15.0,None,High,75,Markdown/Clear,Frozen Foods
SKU01520,125.0,20.0,None,High,75,Markdown/Clear,Electronics & Accessories
SKU01521,204.0,25.0,None,High,75,Markdown/Clear,Apparel & Footwear
SKU01522,,8.0,None,None,0,Healthy,Frozen Foods
SKU01523,203.0,30.0,None,High,75,Markdown/Clear,Dairy & Bakery
SKU01524,22.0,12.0,Low,High,75,Watch,Apparel & Footwear
SKU01525,40.0,15.0,None,High,75,Markdown/Clear,Electronics & Accessories
SKU01526,67.0,20.0,None,High,75,Markdown/Clear,Stationery & Office
SKU01527,,25.0,None,None,0,Healthy,Beverages
SKU01528,105.0,8.0,None,High,75,Markdown/Clear,Home Care
SKU01529,5.0,30.0,High,None,75,Reorder Now,Stationery & Office
SKU01530,91.0,12.0,None,High,75,Markdown/Clear,Frozen Foods
SKU01531,87.0,15.0,None,High,75,Markdown/Clear,Stationery & Office
SKU01532,28.0,20.0,Low,Medium,50,Watch,Grocery
SKU01533,15.0,25.0,High,None,75,Reorder Now,Grocery
SKU01534,216.0,8.0,None,High,75,Markdown/Clear,Apparel & Footwear
SKU01535,154.0,30.0,None,High,75,Markdown/Clear,Personal Care
SKU01536,239.0,12.0,None,High,75,Markdown/Clear,Frozen Foods
SKU01537,13.0,15.0,High,None,75,Reorder Now,Home Care
SKU01538,16.0,20.0,High,None,75,Reorder Now,Personal Care
SKU01539,102.0,25.0,None,High,75,Markdown/Clear,Stationery & Office
SKU01540,114.0,8.0,None,High,75,Markdown/Clear,Beverages
SKU01541,,30.0,None,None,0,Healthy,Apparel & Footwear
SKU01542,481.0,12.0,None,High,75,Markdown/Clear,Home & Kitchen
SKU01543,72.0,15.0,None,High,75,Markdown/Clear,Health & Wellness
SKU01544,10.0,20.0,High,None,75,Reorder Now,Personal Care
SKU01545,46.0,25.0,Low,High,75,Watch,Beverages
SKU01546,25.0,8.0,None,High,75,Markdown/Clear,Electronics & Accessories
SKU01547,160.0,30.0,None,High,75,Markdown/Clear,Home Care
SKU01548,12.0,12.0,High,Low,75,Reorder Now,Beverages
SKU01549,48.0,15.0,None,High,75,Markdown/Clear,Personal Care
SKU01550,78.0,20.0,None,High,75,Markdown/Clear,Stationery & Office
SKU01551,214.0,25.0,None,High,75,Markdown/Clear,Dairy & Bakery
SKU01552,9.0,8.0,Medium,Low,50,Reorder Now,Snacks & Confectionery
SKU01553,82.0,30.0,None,High,75,Markdown/Clear,Electronics & Accessories
SKU01554,116.0,12.0,None,High,75,Markdown/Clear,Snacks & Confectionery
SKU01555,11.0,15.0,High,None,75,Reorder Now,Stationery & Office
SKU01556,,20.0,None,None,0,Healthy,Home & Kitchen
SKU01557,46.0,25.0,Low,High,75,Watch,Stationery & Office
SKU01558,163.0,8.0,None,High,75,Markdown/Clear,Home & Kitchen
SKU01559,,30.0,None,None,0,Healthy,Snacks & Confectionery
SKU01560,64.0,12.0,None,High,75,Markdown/Clear,Snacks & Confectionery
SKU01561,61.0,15.0,None,High,75,Markdown/Clear,Personal Care
SKU01562,60.0,20.0,None,High,75,Markdown/Clear,Home Care
SKU01563,,25.0,None,None,0,Healthy,Home & Kitchen
SKU01564,21.0,8.0,None,High,75,Markdown/Clear,Electronics & Accessories
SKU01565,37.0,30.0,Medium,Medium,50,Reorder Now,Health & Wellness
SKU01566,,12.0,None,None,0,Healthy,Home & Kitchen
SKU01567,10.0,15.0,High,None,75,Reorder Now,Health & Wellness
SKU01568,225.0,20.0,None,High,75,Markdown/Clear,Personal Care
SKU01569,41.0,25.0,Low,High,75,Watch,Personal Care
SKU01570,253.0,8.0,None,High,75,Markdown/Clear,Frozen Foods
SKU01571,14.0,30.0,High,None,75,Reorder Now,Beverages
SKU01572,199.0,12.0,None,High,75,Markdown/Clear,Electronics & Accessories
SKU01573,76.0,15.0,None,High,75,Markdown/Clear,Health & Wellness
SKU01574,,20.0,None,None,0,Healthy,Electronics & Accessories
SKU01575,75.0,25.0,None,High,75,Markdown/Clear,Frozen Foods
SKU01576,25.0,8.0,None,High,75,Markdown/Clear,Apparel & Footwear
SKU01577,35.0,30.0,Medium,Low,50,Reorder Now,Stationery & Office
SKU01578,0.0,12.0,High,None,75,Reorder Now,Frozen Foods
SKU01579,48.0,15.0,None,High,75,Markdown/Clear,Home Care
SKU01580,194.0,20.0,None,High,75,Markdown/Clear,Beverages
SKU01581,170.0,25.0,None,High,75,Markdown/Clear,Apparel & Footwear
SKU01582,59.0,8.0,None,High,75,Markdown/Clear,Home & Kitchen
SKU01583,,30.0,None,None,0,Healthy,Electronics & Accessories
SKU01584,0.0,12.0,High,None,75,Reorder Now,Home & Kitchen
SKU01585,235.0,15.0,None,High,75,Markdown/Clear,Home & Kitchen
SKU01586,85.0,20.0,None,High,75,Markdown/Clear,Apparel & Footwear
SKU01587,106.0,25.0,None,High,75,Markdown/Clear,Frozen Foods
SKU01588,,8.0,None,None,0,Healthy,Beverages
SKU01589,202.0,30.0,None,High,75,Markdown/Clear,Grocery
SKU01590,47.0,12.0,None,High,75,Markdown/Clear,Snacks & Confectionery
SKU01591,44.0,15.0,None,High,75,Markdown/Clear,Home Care
SKU01592,371.0,20.0,None,High,75,Markdown/Clear,Electronics & Accessories
SKU01593,230.0,25.0,None,High,75,Markdown/Clear,Home Care
SKU01594,,8.0,None,None,0,Healthy,Grocery
SKU01595,127.0,30.0,None,High,75,Markdown/Clear,Snacks & Confectionery
SKU01596,26.0,12.0,None,High,75,Markdown/Clear,Stationery & Office
SKU01597,49.0,15.0,None,High,75,Markdown/Clear,Stationery & Office
SKU01598,,20.0,None,None,0,Healthy,Personal Care
SKU01599,156.0,25.0,None,High,75,Markdown/Clear,Apparel & Footwear
SKU01600,49.0,8.0,None,High,75,Markdown/Clear,Electronics & Accessories
SKU01601,97.0,30.0,None,High,75,Markdown/Clear,Stationery & Office
SKU01602,68.0,12.0,None,High,75,Markdown/Clear,Home & Kitchen
SKU01603,,15.0,None,None,0,Healthy,Health & Wellness
SKU01604,87.0,20.0,None,High,75,Markdown/Clear,Personal Care
SKU01605,319.0,25.0,None,High,75,Markdown/Clear,Health & Wellness
SKU01606,2.0,8.0,High,None,75,Reorder Now,Dairy & Bakery
SKU01607,113.0,30.0,None,High,75,Markdown/Clear,Personal Care
SKU01608,88.0,12.0,None,High,75,Markdown/Clear,Health & Wellness
SKU01609,156.0,15.0,None,High,75,Markdown/Clear,Frozen Foods
SKU01610,176.0,20.0,None,High,75,Markdown/Clear,Frozen Foods
SKU01611,195.0,25.0,None,High,75,Markdown/Clear,Personal Care
SKU01612,52.0,8.0,None,High,75,Markdown/Clear,Personal Care
SKU01613,74.0,30.0,None,High,75,Markdown/Clear,Grocery
SKU01614,107.0,12.0,None,High,75,Markdown/Clear,Health & Wellness
SKU01615,5.0,15.0,High,None,75,Reorder Now,Frozen Foods
SKU01616,35.0,20.0,Low,High,75,Watch,Stationery & Office
SKU01617,43.0,25.0,Low,High,75,Watch,Frozen Foods
SKU01618,233.0,8.0,None,High,75,Markdown/Clear,Home Care
SKU01619,179.0,30.0,None,High,75,Markdown/Clear,Grocery
SKU01620,132.0,12.0,None,High,75,Markdown/Clear,Snacks & Confectionery
SKU01621,185.0,15.0,None,High,75,Markdown/Clear,Personal Care
SKU01622,,20.0,None,None,0,Healthy,Personal Care
SKU01623,225.0,25.0,None,High,75,Markdown/Clear,Personal Care
SKU01624,24.0,8.0,None,High,75,Markdown/Clear,Personal Care
SKU01625,156.0,30.0,None,High,75,Markdown/Clear,Apparel & Footwear
SKU01626,103.0,12.0,None,High,75,Markdown/Clear,Beverages
SKU01627,5.0,15.0,High,None,75,Reorder Now,Dairy & Bakery
SKU01628,92.0,20.0,None,High,75,Markdown/Clear,Beverages
SKU01629,227.0,25.0,None,High,75,Markdown/Clear,Dairy & Bakery
SKU01630,67.0,8.0,None,High,75,Markdown/Clear,Electronics & Accessories
SKU01631,89.0,30.0,None,High,75,Markdown/Clear,Grocery
SKU01632,7.0,12.0,High,None,75,Reorder Now,Personal Care
SKU01633,157.0,15.0,None,High,75,Markdown/Clear,Grocery
SKU01634,138.0,20.0,None,High,75,Markdown/Clear,Stationery & Office
SKU01635,8.0,25.0,High,None,75,Reorder Now,Electronics & Accessories
SKU01636,77.0,8.0,None,High,75,Markdown/Clear,Snacks & Confectionery
SKU01637,84.0,30.0,None,High,75,Markdown/Clear,Snacks & Confectionery
SKU01638,52.0,12.0,None,High,75,Markdown/Clear,Beverages
SKU01639,181.0,15.0,None,High,75,Markdown/Clear,Home Care
SKU01640,81.0,20.0,None,High,75,Markdown/Clear,Apparel & Footwear
SKU01641,41.0,25.0,Low,High,75,Watch,Health & Wellness
SKU01642,62.0,8.0,None,High,75,Markdown/Clear,Home & Kitchen
SKU01643,0.0,30.0,High,None,75,Reorder Now,Personal Care
SKU01644,8.0,12.0,High,None,75,Reorder Now,Dairy & Bakery
SKU01645,556.0,15.0,None,High,75,Markdown/Clear,Home Care
SKU01646,154.0,20.0,None,High,75,Markdown/Clear,Snacks & Confectionery
SKU01647,114.0,25.0,None,High,75,Markdown/Clear,Stationery & Office
SKU01648,198.0,8.0,None,High,75,Markdown/Clear,Snacks & Confectionery
SKU01649,266.0,30.0,None,High,75,Markdown/Clear,Home Care
SKU01650,179.0,12.0,None,High,75,Markdown/Clear,Frozen Foods
SKU01651,310.0,15.0,None,High,75,Markdown/Clear,Grocery
SKU01652,13.0,20.0,High,None,75,Reorder Now,Home Care
SKU01653,89.0,25.0,None,High,75,Markdown/Clear,Home Care
SKU01654,,8.0,None,None,0,Healthy,Dairy & Bakery
SKU01655,135.0,30.0,None,High,75,Markdown/Clear,Beverages
SKU01656,61.0,12.0,None,High,75,Markdown/Clear,Grocery
SKU01657,53.0,15.0,None,High,75,Markdown/Clear,Grocery
SKU01658,,20.0,None,None,0,Healthy,Home Care
SKU01659,82.0,25.0,None,High,75,Markdown/Clear,Beverages
SKU01660,156.0,8.0,None,High,75,Markdown/Clear,Stationery & Office
SKU01661,,30.0,None,None,0,Healthy,Snacks & Confectionery
SKU01662,0.0,12.0,High,None,75,Reorder Now,Health & Wellness
SKU01663,47.0,15.0,None,High,75,Markdown/Clear,Electronics & Accessories
SKU01664,,20.0,None,None,0,Healthy,Home Care
SKU01665,75.0,25.0,None,High,75,Markdown/Clear,Home & Kitchen
SKU01666,90.0,8.0,None,High,75,Markdown/Clear,Beverages
SKU01667,243.0,30.0,None,High,75,Markdown/Clear,Snacks & Confectionery
SKU01668,25.0,12.0,None,High,75,Markdown/Clear,Dairy & Bakery
SKU01669,105.0,15.0,None,High,75,Markdown/Clear,Beverages
SKU01670,110.0,20.0,None,High,75,Markdown/Clear,Dairy & Bakery
SKU01671,14.0,25.0,High,None,75,Reorder Now,Dairy & Bakery
SKU01672,106.0,8.0,None,High,75,Markdown/Clear,Apparel & Footwear
SKU01673,85.0,30.0,None,High,75,Markdown/Clear,Dairy & Bakery
SKU01674,79.0,12.0,None,High,75,Markdown/Clear,Home & Kitchen
SKU01675,8.0,15.0,High,None,75,Reorder Now,Apparel & Footwear
SKU01676,87.0,20.0,None,High,75,Markdown/Clear,Home & Kitchen
SKU01677,29.0,25.0,Medium,Low,50,Reorder Now,Beverages
SKU01678,114.0,8.0,None,High,75,Markdown/Clear,Stationery & Office
SKU01679,211.0,30.0,None,High,75,Markdown/Clear,Health & Wellness
SKU01680,,12.0,None,None,0,Healthy,Stationery & Office
SKU01681,9.0,15.0,High,None,75,Reorder Now,Personal Care
SKU01682,103.0,20.0,None,High,75,Markdown/Clear,Stationery & Office
SKU01683,249.0,25.0,None,High,75,Markdown/Clear,Health & Wellness
SKU01684,77.0,8.0,None,High,75,Markdown/Clear,Grocery
SKU01685,202.0,30.0,None,High,75,Markdown/Clear,Personal Care
SKU01686,38.0,12.0,None,High,75,Markdown/Clear,Beverages
SKU01687,0.0,15.0,High,None,75,Reorder Now,Stationery & Office
SKU01688,4.0,20.0,High,None,75,Reorder Now,Dairy & Bakery
SKU01689,166.0,25.0,None,High,75,Markdown/Clear,Snacks & Confectionery
SKU01690,164.0,8.0,None,High,75,Markdown/Clear,Frozen Foods
SKU01691,121.0,30.0,None,High,75,Markdown/Clear,Home Care
SKU01692,41.0,12.0,None,High,75,Markdown/Clear,Beverages
SKU01693,174.0,15.0,None,High,75,Markdown/Clear,Apparel & Footwear
SKU01694,209.0,20.0,None,High,75,Markdown/Clear,Home & Kitchen
SKU01695,96.0,25.0,None,High,75,Markdown/Clear,Electronics & Accessories
SKU01696,313.0,8.0,None,High,75,Markdown/Clear,Health & Wellness
SKU01697,32.0,30.0,Medium,Low,50,Reorder Now,Personal Care
SKU01698,20.0,12.0,Low,High,75,Watch,Frozen Foods
SKU01699,15.0,15.0,High,Low,75,Reorder Now,Frozen Foods
SKU01700,92.0,20.0,None,High,75,Markdown/Clear,Beverages
SKU01701,114.0,25.0,None,High,75,Markdown/Clear,Grocery
SKU01702,11.0,8.0,Low,Medium,50,Watch,Dairy & Bakery
SKU01703,,30.0,None,None,0,Healthy,Home Care
SKU01704,213.0,12.0,None,High,75,Markdown/Clear,Beverages
SKU01705,89.0,15.0,None,High,75,Markdown/Clear,Beverages
SKU01706,156.0,20.0,None,High,75,Markdown/Clear,Home & Kitchen
SKU01707,71.0,25.0,None,High,75,Markdown/Clear,Personal Care
SKU01708,172.0,8.0,None,High,75,Markdown/Clear,Health & Wellness
SKU01709,,30.0,None,None,0,Healthy,Frozen Foods
SKU01710,56.0,12.0,None,High,75,Markdown/Clear,Electronics & Accessories
SKU01711,,15.0,None,None,0,Healthy,Electronics & Accessories
SKU01712,51.0,20.0,None,High,75,Markdown/Clear,Dairy & Bakery
SKU01713,110.0,25.0,None,High,75,Markdown/Clear,Home & Kitchen
SKU01714,72.0,8.0,None,High,75,Markdown/Clear,Personal Care
SKU01715,128.0,30.0,None,High,75,Markdown/Clear,Home & Kitchen
SKU01716,147.0,12.0,None,High,75,Markdown/Clear,Personal Care
SKU01717,429.0,15.0,None,High,75,Markdown/Clear,Beverages
SKU01718,32.0,20.0,Low,High,75,Watch,Apparel & Footwear
SKU01719,287.0,25.0,None,High,75,Markdown/Clear,Grocery
SKU01720,43.0,8.0,None,High,75,Markdown/Clear,Apparel & Footwear
SKU01721,82.0,30.0,None,High,75,Markdown/Clear,Grocery
SKU01722,72.0,12.0,None,High,75,Markdown/Clear,Snacks & Confectionery
SKU01723,136.0,15.0,None,High,75,Markdown/Clear,Health & Wellness
SKU01724,91.0,20.0,None,High,75,Markdown/Clear,Stationery & Office
SKU01725,91.0,25.0,None,High,75,Markdown/Clear,Personal Care
SKU01726,43.0,8.0,None,High,75,Markdown/Clear,Beverages
SKU01727,132.0,30.0,None,High,75,Markdown/Clear,Snacks & Confectionery
SKU01728,88.0,12.0,None,High,75,Markdown/Clear,Home & Kitchen
SKU01729,183.0,15.0,None,High,75,Markdown/Clear,Electronics & Accessories
SKU01730,109.0,20.0,None,High,75,Markdown/Clear,Beverages
SKU01731,102.0,25.0,None,High,75,Markdown/Clear,Personal Care
SKU01732,42.0,8.0,None,High,75,Markdown/Clear,Dairy & Bakery
SKU01733,58.0,30.0,Low,High,75,Watch,Snacks & Confectionery
SKU01734,58.0,12.0,None,High,75,Markdown/Clear,Home & Kitchen
SKU01735,145.0,15.0,None,High,75,Markdown/Clear,Health & Wellness
SKU01736,1.0,20.0,High,None,75,Reorder Now,Snacks & Confectionery
SKU01737,,25.0,None,None,0,Healthy,Health & Wellness
SKU01738,96.0,8.0,None,High,75,Markdown/Clear,Personal Care
SKU01739,158.0,30.0,None,High,75,Markdown/Clear,Grocery
SKU01740,86.0,12.0,None,High,75,Markdown/Clear,Home Care
SKU01741,138.0,15.0,None,High,75,Markdown/Clear,Snacks & Confectionery
SKU01742,69.0,20.0,None,High,75,Markdown/Clear,Snacks & Confectionery
SKU01743,221.0,25.0,None,High,75,Markdown/Clear,Home & Kitchen
SKU01744,150.0,8.0,None,High,75,Markdown/Clear,Electronics & Accessories
SKU01745,83.0,30.0,None,High,75,Markdown/Clear,Beverages
SKU01746,118.0,12.0,None,High,75,Markdown/Clear,Home & Kitchen
SKU01747,239.0,15.0,None,High,75,Markdown/Clear,Frozen Foods
SKU01748,111.0,20.0,None,High,75,Markdown/Clear,Home & Kitchen
SKU01749,,25.0,None,None,0,Healthy,Electronics & Accessories
SKU01750,115.0,8.0,None,High,75,Markdown/Clear,Personal Care
SKU01751,170.0,30.0,None,High,75,Markdown/Clear,Frozen Foods
SKU01752,29.0,12.0,None,High,75,Markdown/Clear,Frozen Foods
SKU01753,96.0,15.0,None,High,75,Markdown/Clear,Electronics & Accessories
SKU01754,387.0,20.0,None,High,75,Markdown/Clear,Snacks & Confectionery
SKU01755,187.0,25.0,None,High,75,Markdown/Clear,Dairy & Bakery
SKU01756,223.0,8.0,None,High,75,Markdown/Clear,Snacks & Confectionery
SKU01757,51.0,30.0,Low,High,75,Watch,Dairy & Bakery
SKU01758,112.0,12.0,None,High,75,Markdown/Clear,Beverages
SKU01759,1.0,15.0,High,None,75,Reorder Now,Grocery
SKU01760,101.0,20.0,None,High,75,Markdown/Clear,Stationery & Office
SKU01761,67.0,25.0,None,High,75,Markdown/Clear,Grocery
SKU01762,380.0,8.0,None,High,75,Markdown/Clear,Home & Kitchen
SKU01763,,30.0,None,None,0,Healthy,Grocery
SKU01764,79.0,12.0,None,High,75,Markdown/Clear,Apparel & Footwear
SKU01765,,15.0,None,None,0,Healthy,Dairy & Bakery
SKU01766,310.0,20.0,None,High,75,Markdown/Clear,Frozen Foods
SKU01767,109.0,25.0,None,High,75,Markdown/Clear,Dairy & Bakery
SKU01768,60.0,8.0,None,High,75,Markdown/Clear,Home Care
SKU01769,237.0,30.0,None,High,75,Markdown/Clear,Home Care
SKU01770,13.0,12.0,Medium,Low,50,Reorder Now,Frozen Foods
SKU01771,31.0,15.0,None,High,75,Markdown/Clear,Personal Care
SKU01772,118.0,20.0,None,High,75,Markdown/Clear,Frozen Foods
SKU01773,24.0,25.0,High,None,75,Reorder Now,Apparel & Footwear
SKU01774,78.0,8.0,None,High,75,Markdown/Clear,Home Care
SKU01775,211.0,30.0,None,High,75,Markdown/Clear,Personal Care
SKU01776,265.0,12.0,None,High,75,Markdown/Clear,Beverages
SKU01777,46.0,15.0,None,High,75,Markdown/Clear,Personal Care
SKU01778,91.0,20.0,None,High,75,Markdown/Clear,Beverages
SKU01779,216.0,25.0,None,High,75,Markdown/Clear,Snacks & Confectionery
SKU01780,,8.0,None,None,0,Healthy,Stationery & Office
SKU01781,26.0,30.0,High,None,75,Reorder Now,Beverages
SKU01782,169.0,12.0,None,High,75,Markdown/Clear,Home Care
SKU01783,28.0,15.0,Low,High,75,Watch,Home & Kitchen
SKU01784,0.0,20.0,High,None,75,Reorder Now,Stationery & Office
SKU01785,87.0,25.0,None,High,75,Markdown/Clear,Beverages
SKU01786,118.0,8.0,None,High,75,Markdown/Clear,Beverages
SKU01787,,30.0,None,None,0,Healthy,Personal Care
SKU01788,89.0,12.0,None,High,75,Markdown/Clear,Frozen Foods
SKU01789,,15.0,None,None,0,Healthy,Stationery & Office
SKU01790,22.0,20.0,Medium,Low,50,Reorder Now,Snacks & Confectionery
SKU01791,62.0,25.0,None,High,75,Markdown/Clear,Beverages
SKU01792,458.0,8.0,None,High,75,Markdown/Clear,Dairy & Bakery
SKU01793,171.0,30.0,None,High,75,Markdown/Clear,Home & Kitchen
SKU01794,74.0,12.0,None,High,75,Markdown/Clear,Grocery
SKU01795,14.0,15.0,High,None,75,Reorder Now,Personal Care
SKU01796,73.0,20.0,None,High,75,Markdown/Clear,Beverages
SKU01797,154.0,25.0,None,High,75,Markdown/Clear,Beverages
SKU01798,106.0,8.0,None,High,75,Markdown/Clear,Stationery & Office
SKU01799,6.0,30.0,High,None,75,Reorder Now,Grocery
SKU01800,45.0,12.0,None,High,75,Markdown/Clear,Dairy & Bakery
SKU01801,58.0,15.0,None,High,75,Markdown/Clear,Home & Kitchen
SKU01802,125.0,20.0,None,High,75,Markdown/Clear,Health & Wellness
SKU01803,125.0,25.0,None,High,75,Markdown/Clear,Grocery
SKU01804,49.0,8.0,None,High,75,Markdown/Clear,Home Care
SKU01805,275.0,30.0,None,High,75,Markdown/Clear,Stationery & Office
SKU01806,,12.0,None,None,0,Healthy,Personal Care
SKU01807,86.0,15.0,None,High,75,Markdown/Clear,Frozen Foods
SKU01808,99.0,20.0,None,High,75,Markdown/Clear,Frozen Foods
SKU01809,1.0,25.0,High,None,75,Reorder Now,Health & Wellness
SKU01810,195.0,8.0,None,High,75,Markdown/Clear,Snacks & Confectionery
SKU01811,65.0,30.0,None,High,75,Markdown/Clear,Home & Kitchen
SKU01812,55.0,12.0,None,High,75,Markdown/Clear,Stationery & Office
SKU01813,,15.0,None,None,0,Healthy,Beverages
SKU01814,24.0,20.0,Medium,Medium,50,Reorder Now,Apparel & Footwear
SKU01815,38.0,25.0,Low,High,75,Watch,Apparel & Footwear
SKU01816,54.0,8.0,None,High,75,Markdown/Clear,Electronics & Accessories
SKU01817,120.0,30.0,None,High,75,Markdown/Clear,Personal Care
SKU01818,53.0,12.0,None,High,75,Markdown/Clear,Home Care
SKU01819,1.0,15.0,High,None,75,Reorder Now,Home & Kitchen
SKU01820,155.0,20.0,None,High,75,Markdown/Clear,Beverages
SKU01821,87.0,25.0,None,High,75,Markdown/Clear,Apparel & Footwear
SKU01822,421.0,8.0,None,High,75,Markdown/Clear,Stationery & Office
SKU01823,14.0,30.0,High,None,75,Reorder Now,Electronics & Accessories
SKU01824,164.0,12.0,None,High,75,Markdown/Clear,Personal Care
SKU01825,49.0,15.0,None,High,75,Markdown/Clear,Frozen Foods
SKU01826,43.0,20.0,None,High,75,Markdown/Clear,Grocery
SKU01827,73.0,25.0,None,High,75,Markdown/Clear,Stationery & Office
SKU01828,76.0,8.0,None,High,75,Markdown/Clear,Personal Care
SKU01829,123.0,30.0,None,High,75,Markdown/Clear,Grocery
SKU01830,435.0,12.0,None,High,75,Markdown/Clear,Apparel & Footwear
SKU01831,2.0,15.0,High,None,75,Reorder Now,Health & Wellness
SKU01832,81.0,20.0,None,High,75,Markdown/Clear,Health & Wellness
SKU01833,168.0,25.0,None,High,75,Markdown/Clear,Grocery
SKU01834,9.0,8.0,Medium,Low,50,Reorder Now,Apparel & Footwear
SKU01835,178.0,30.0,None,High,75,Markdown/Clear,Health & Wellness
SKU01836,111.0,12.0,None,High,75,Markdown/Clear,Apparel & Footwear
SKU01837,0.0,15.0,High,None,75,Reorder Now,Apparel & Footwear
SKU01838,180.0,20.0,None,High,75,Markdown/Clear,Snacks & Confectionery
SKU01839,34.0,25.0,Low,Medium,50,Watch,Snacks & Confectionery
SKU01840,169.0,8.0,None,High,75,Markdown/Clear,Stationery & Office
SKU01841,135.0,30.0,None,High,75,Markdown/Clear,Frozen Foods
SKU01842,72.0,12.0,None,High,75,Markdown/Clear,Home Care
SKU01843,,15.0,None,None,0,Healthy,Dairy & Bakery
SKU01844,9.0,20.0,High,None,75,Reorder Now,Health & Wellness
SKU01845,69.0,25.0,None,High,75,Markdown/Clear,Apparel & Footwear
SKU01846,3.0,8.0,High,None,75,Reorder Now,Grocery
SKU01847,92.0,30.0,None,High,75,Markdown/Clear,Frozen Foods
SKU01848,59.0,12.0,None,High,75,Markdown/Clear,Stationery & Office
SKU01849,19.0,15.0,Low,Medium,50,Watch,Dairy & Bakery
SKU01850,41.0,20.0,None,High,75,Markdown/Clear,Dairy & Bakery
SKU01851,,25.0,None,None,0,Healthy,Home & Kitchen
SKU01852,,8.0,None,None,0,Healthy,Grocery
SKU01853,27.0,30.0,High,None,75,Reorder Now,Personal Care
SKU01854,245.0,12.0,None,High,75,Markdown/Clear,Home Care
SKU01855,26.0,15.0,Low,High,75,Watch,Apparel & Footwear
SKU01856,41.0,20.0,None,High,75,Markdown/Clear,Beverages
SKU01857,124.0,25.0,None,High,75,Markdown/Clear,Home Care
SKU01858,98.0,8.0,None,High,75,Markdown/Clear,Beverages
SKU01859,49.0,30.0,Low,High,75,Watch,Apparel & Footwear
SKU01860,28.0,12.0,None,High,75,Markdown/Clear,Health & Wellness
SKU01861,103.0,15.0,None,High,75,Markdown/Clear,Home Care
SKU01862,23.0,20.0,Medium,Low,50,Reorder Now,Personal Care
SKU01863,164.0,25.0,None,High,75,Markdown/Clear,Beverages
SKU01864,130.0,8.0,None,High,75,Markdown/Clear,Stationery & Office
SKU01865,55.0,30.0,Low,High,75,Watch,Health & Wellness
SKU01866,,12.0,None,None,0,Healthy,Dairy & Bakery
SKU01867,169.0,15.0,None,High,75,Markdown/Clear,Personal Care
SKU01868,151.0,20.0,None,High,75,Markdown/Clear,Electronics & Accessories
SKU01869,200.0,25.0,None,High,75,Markdown/Clear,Electronics & Accessories
SKU01870,152.0,8.0,None,High,75,Markdown/Clear,Home Care
SKU01871,40.0,30.0,Low,Medium,50,Watch,Dairy & Bakery
SKU01872,84.0,12.0,None,High,75,Markdown/Clear,Health & Wellness
SKU01873,,15.0,None,None,0,Healthy,Health & Wellness
SKU01874,205.0,20.0,None,High,75,Markdown/Clear,Health & Wellness
SKU01875,86.0,25.0,None,High,75,Markdown/Clear,Grocery
SKU01876,34.0,8.0,None,High,75,Markdown/Clear,Home Care
SKU01877,28.0,30.0,High,None,75,Reorder Now,Health & Wellness
SKU01878,9.0,12.0,High,None,75,Reorder Now,Stationery & Office
SKU01879,241.0,15.0,None,High,75,Markdown/Clear,Frozen Foods
SKU01880,202.0,20.0,None,High,75,Markdown/Clear,Personal Care
SKU01881,18.0,25.0,High,None,75,Reorder Now,Frozen Foods
SKU01882,62.0,8.0,None,High,75,Markdown/Clear,Snacks & Confectionery
SKU01883,193.0,30.0,None,High,75,Markdown/Clear,Beverages
SKU01884,215.0,12.0,None,High,75,Markdown/Clear,Electronics & Accessories
SKU01885,82.0,15.0,None,High,75,Markdown/Clear,Stationery & Office
SKU01886,44.0,20.0,None,High,75,Markdown/Clear,Home & Kitchen
SKU01887,5.0,25.0,High,None,75,Reorder Now,Health & Wellness
SKU01888,62.0,8.0,None,High,75,Markdown/Clear,Grocery
SKU01889,35.0,30.0,Medium,Low,50,Reorder Now,Stationery & Office
SKU01890,,12.0,None,None,0,Healthy,Home Care
SKU01891,75.0,15.0,None,High,75,Markdown/Clear,Dairy & Bakery
SKU01892,4.0,20.0,High,None,75,Reorder Now,Home & Kitchen
SKU01893,61.0,25.0,None,High,75,Markdown/Clear,Electronics & Accessories
SKU01894,,8.0,None,None,0,Healthy,Electronics & Accessories
SKU01895,284.0,30.0,None,High,75,Markdown/Clear,Dairy & Bakery
SKU01896,93.0,12.0,None,High,75,Markdown/Clear,Stationery & Office
SKU01897,110.0,15.0,None,High,75,Markdown/Clear,Home Care
SKU01898,155.0,20.0,None,High,75,Markdown/Clear,Frozen Foods
SKU01899,70.0,25.0,None,High,75,Markdown/Clear,Apparel & Footwear
SKU01900,230.0,8.0,None,High,75,Markdown/Clear,Health & Wellness
SKU01901,192.0,30.0,None,High,75,Markdown/Clear,Snacks & Confectionery
SKU01902,86.0,12.0,None,High,75,Markdown/Clear,Dairy & Bakery
SKU01903,142.0,15.0,None,High,75,Markdown/Clear,Personal Care
SKU01904,119.0,20.0,None,High,75,Markdown/Clear,Stationery & Office
SKU01905,43.0,25.0,Low,High,75,Watch,Electronics & Accessories
SKU01906,128.0,8.0,None,High,75,Markdown/Clear,Personal Care
SKU01907,,30.0,None,None,0,Healthy,Electronics & Accessories
SKU01908,58.0,12.0,None,High,75,Markdown/Clear,Electronics & Accessories
SKU01909,7.0,15.0,High,None,75,Reorder Now,Personal Care
SKU01910,,20.0,None,None,0,Healthy,Personal Care
SKU01911,448.0,25.0,None,High,75,Markdown/Clear,Home & Kitchen
SKU01912,63.0,8.0,None,High,75,Markdown/Clear,Frozen Foods
SKU01913,44.0,30.0,Low,Medium,50,Watch,Beverages
SKU01914,132.0,12.0,None,High,75,Markdown/Clear,Electronics & Accessories
SKU01915,52.0,15.0,None,High,75,Markdown/Clear,Health & Wellness
SKU01916,81.0,20.0,None,High,75,Markdown/Clear,Frozen Foods
SKU01917,100.0,25.0,None,High,75,Markdown/Clear,Electronics & Accessories
SKU01918,166.0,8.0,None,High,75,Markdown/Clear,Home & Kitchen
SKU01919,86.0,30.0,None,High,75,Markdown/Clear,Dairy & Bakery
SKU01920,73.0,12.0,None,High,75,Markdown/Clear,Home Care
SKU01921,82.0,15.0,None,High,75,Markdown/Clear,Snacks & Confectionery
SKU01922,62.0,20.0,None,High,75,Markdown/Clear,Health & Wellness
SKU01923,153.0,25.0,None,High,75,Markdown/Clear,Personal Care
SKU01924,68.0,8.0,None,High,75,Markdown/Clear,Personal Care
SKU01925,18.0,30.0,High,None,75,Reorder Now,Electronics & Accessories
SKU01926,,12.0,None,None,0,Healthy,Personal Care
SKU01927,21.0,15.0,Low,Medium,50,Watch,Home Care
SKU01928,91.0,20.0,None,High,75,Markdown/Clear,Home Care
SKU01929,,25.0,None,None,0,Healthy,Dairy & Bakery
SKU01930,9.0,8.0,Medium,Low,50,Reorder Now,Beverages
SKU01931,46.0,30.0,Low,High,75,Watch,Apparel & Footwear
SKU01932,98.0,12.0,None,High,75,Markdown/Clear,Beverages
SKU01933,103.0,15.0,None,High,75,Markdown/Clear,Dairy & Bakery
SKU01934,45.0,20.0,None,High,75,Markdown/Clear,Electronics & Accessories
SKU01935,19.0,25.0,High,None,75,Reorder Now,Beverages
SKU01936,101.0,8.0,None,High,75,Markdown/Clear,Health & Wellness
SKU01937,208.0,30.0,None,High,75,Markdown/Clear,Electronics & Accessories
SKU01938,67.0,12.0,None,High,75,Markdown/Clear,Health & Wellness
SKU01939,308.0,15.0,None,High,75,Markdown/Clear,Dairy & Bakery
SKU01940,227.0,20.0,None,High,75,Markdown/Clear,Grocery
SKU01941,98.0,25.0,None,High,75,Markdown/Clear,Home & Kitchen
SKU01942,8.0,8.0,High,Low,75,Reorder Now,Dairy & Bakery
SKU01943,97.0,30.0,None,High,75,Markdown/Clear,Apparel & Footwear
SKU01944,123.0,12.0,None,High,75,Markdown/Clear,Snacks & Confectionery
SKU01945,70.0,15.0,None,High,75,Markdown/Clear,Beverages
SKU01946,146.0,20.0,None,High,75,Markdown/Clear,Apparel & Footwear
SKU01947,230.0,25.0,None,High,75,Markdown/Clear,Stationery & Office
SKU01948,25.0,8.0,None,High,75,Markdown/Clear,Home & Kitchen
SKU01949,115.0,30.0,None,High,75,Markdown/Clear,Apparel & Footwear
SKU01950,172.0,12.0,None,High,75,Markdown/Clear,Snacks & Confectionery
SKU01951,57.0,15.0,None,High,75,Markdown/Clear,Home & Kitchen
SKU01952,80.0,20.0,None,High,75,Markdown/Clear,Electronics & Accessories
SKU01953,151.0,25.0,None,High,75,Markdown/Clear,Snacks & Confectionery
SKU01954,102.0,8.0,None,High,75,Markdown/Clear,Beverages
SKU01955,77.0,30.0,None,High,75,Markdown/Clear,Home & Kitchen
SKU01956,148.0,12.0,None,High,75,Markdown/Clear,Dairy & Bakery
SKU01957,,15.0,None,None,0,Healthy,Apparel & Footwear
SKU01958,67.0,20.0,None,High,75,Markdown/Clear,Beverages
SKU01959,,25.0,None,None,0,Healthy,Dairy & Bakery
SKU01960,127.0,8.0,None,High,75,Markdown/Clear,Dairy & Bakery
SKU01961,,30.0,None,None,0,Healthy,Dairy & Bakery
SKU01962,31.0,12.0,None,High,75,Markdown/Clear,Electronics & Accessories
SKU01963,176.0,15.0,None,High,75,Markdown/Clear,Home & Kitchen
SKU01964,125.0,20.0,None,High,75,Markdown/Clear,Home & Kitchen
SKU01965,18.0,25.0,High,None,75,Reorder Now,Electronics & Accessories
SKU01966,158.0,8.0,None,High,75,Markdown/Clear,Snacks & Confectionery
SKU01967,122.0,30.0,None,High,75,Markdown/Clear,Stationery & Office
SKU01968,24.0,12.0,Low,High,75,Watch,Frozen Foods
SKU01969,195.0,15.0,None,High,75,Markdown/Clear,Frozen Foods
SKU01970,242.0,20.0,None,High,75,Markdown/Clear,Electronics & Accessories
SKU01971,380.0,25.0,None,High,75,Markdown/Clear,Apparel & Footwear
SKU01972,183.0,8.0,None,High,75,Markdown/Clear,Stationery & Office
SKU01973,,30.0,None,None,0,Healthy,Frozen Foods
SKU01974,71.0,12.0,None,High,75,Markdown/Clear,Health & Wellness
SKU01975,51.0,15.0,None,High,75,Markdown/Clear,Electronics & Accessories
SKU01976,26.0,20.0,Low,Medium,50,Watch,Dairy & Bakery
SKU01977,69.0,25.0,None,High,75,Markdown/Clear,Dairy & Bakery
SKU01978,180.0,8.0,None,High,75,Markdown/Clear,Health & Wellness
SKU01979,75.0,30.0,None,High,75,Markdown/Clear,Grocery
SKU01980,,12.0,None,None,0,Healthy,Dairy & Bakery
SKU01981,293.0,15.0,None,High,75,Markdown/Clear,Electronics & Accessories
SKU01982,142.0,20.0,None,High,75,Markdown/Clear,Stationery & Office
SKU01983,192.0,25.0,None,High,75,Markdown/Clear,Frozen Foods
SKU01984,107.0,8.0,None,High,75,Markdown/Clear,Personal Care
SKU01985,,30.0,None,None,0,Healthy,Home Care
SKU01986,75.0,12.0,None,High,75,Markdown/Clear,Electronics & Accessories
SKU01987,11.0,15.0,High,None,75,Reorder Now,Frozen Foods
SKU01988,69.0,20.0,None,High,75,Markdown/Clear,Grocery
SKU01989,65.0,25.0,None,High,75,Markdown/Clear,Frozen Foods
SKU01990,44.0,8.0,None,High,75,Markdown/Clear,Personal Care
SKU01991,0.0,30.0,High,None,75,Reorder Now,Electronics & Accessories
SKU01992,75.0,12.0,None,High,75,Markdown/Clear,Home & Kitchen
SKU01993,0.0,15.0,High,None,75,Reorder Now,Stationery & Office
SKU01994,187.0,20.0,None,High,75,Markdown/Clear,Health & Wellness
SKU01995,77.0,25.0,None,High,75,Markdown/Clear,Personal Care
SKU01996,65.0,8.0,None,High,75,Markdown/Clear,Home Care
SKU01997,99.0,30.0,None,High,75,Markdown/Clear,Snacks & Confectionery
SKU01998,,12.0,None,None,0,Healthy,Stationery & Office
SKU01999,69.0,15.0,None,High,75,Markdown/Clear,Home & Kitchen
SKU02000,134.0,20.0,None,High,75,Markdown/Clear,Home & Kitchen
SKU02001,135.0,25.0,None,High,75,Markdown/Clear,Dairy & Bakery
SKU02002,76.0,8.0,None,High,75,Markdown/Clear,Dairy & Bakery
SKU02003,,30.0,None,None,0,Healthy,Home & Kitchen
SKU02004,82.0,12.0,None,High,75,Markdown/Clear,Frozen Foods
SKU02005,66.0,15.0,None,High,75,Markdown/Clear,Electronics & Accessories
SKU02006,,20.0,None,None,0,Healthy,Home Care
SKU02007,204.0,25.0,None,High,75,Markdown/Clear,Home Care
SKU02008,,8.0,None,None,0,Healthy,Health & Wellness
SKU02009,2.0,30.0,High,None,75,Reorder Now,Apparel & Footwear
SKU02010,167.0,12.0,None,High,75,Markdown/Clear,Personal Care
SKU02011,63.0,15.0,None,High,75,Markdown/Clear,Apparel & Footwear
SKU02012,138.0,20.0,None,High,75,Markdown/Clear,Snacks & Confectionery
SKU02013,89.0,25.0,None,High,75,Markdown/Clear,Personal Care
SKU02014,102.0,8.0,None,High,75,Markdown/Clear,Home & Kitchen
SKU02015,81.0,30.0,None,High,75,Markdown/Clear,Stationery & Office
SKU02016,1.0,12.0,High,None,75,Reorder Now,Stationery & Office
SKU02017,263.0,15.0,None,High,75,Markdown/Clear,Dairy & Bakery
SKU02018,113.0,20.0,None,High,75,Markdown/Clear,Home & Kitchen
SKU02019,17.0,25.0,High,None,75,Reorder Now,Stationery & Office
SKU02020,59.0,8.0,None,High,75,Markdown/Clear,Stationery & Office
SKU02021,38.0,30.0,Low,Medium,50,Watch,Grocery
SKU02022,31.0,12.0,None,High,75,Markdown/Clear,Electronics & Accessories
SKU02023,84.0,15.0,None,High,75,Markdown/Clear,Stationery & Office
SKU02024,147.0,20.0,None,High,75,Markdown/Clear,Apparel & Footwear
SKU02025,100.0,25.0,None,High,75,Markdown/Clear,Snacks & Confectionery
SKU02026,26.0,8.0,None,High,75,Markdown/Clear,Apparel & Footwear
SKU02027,26.0,30.0,High,None,75,Reorder Now,Beverages
SKU02028,145.0,12.0,None,High,75,Markdown/Clear,Home Care
SKU02029,78.0,15.0,None,High,75,Markdown/Clear,Health & Wellness
SKU02030,216.0,20.0,None,High,75,Markdown/Clear,Home Care
SKU02031,0.0,25.0,High,None,75,Reorder Now,Electronics & Accessories
SKU02032,290.0,8.0,None,High,75,Markdown/Clear,Snacks & Confectionery
SKU02033,46.0,30.0,Low,High,75,Watch,Health & Wellness
SKU02034,81.0,12.0,None,High,75,Markdown/Clear,Health & Wellness
SKU02035,106.0,15.0,None,High,75,Markdown/Clear,Health & Wellness
SKU02036,,20.0,None,None,0,Healthy,Dairy & Bakery
SKU02037,48.0,25.0,Low,High,75,Watch,Dairy & Bakery
SKU02038,245.0,8.0,None,High,75,Markdown/Clear,Dairy & Bakery
SKU02039,147.0,30.0,None,High,75,Markdown/Clear,Home Care
SKU02040,51.0,12.0,None,High,75,Markdown/Clear,Health & Wellness
SKU02041,,15.0,None,None,0,Healthy,Personal Care
SKU02042,121.0,20.0,None,High,75,Markdown/Clear,Personal Care
SKU02043,,25.0,None,None,0,Healthy,Dairy & Bakery
SKU02044,175.0,8.0,None,High,75,Markdown/Clear,Snacks & Confectionery
SKU02045,76.0,30.0,None,High,75,Markdown/Clear,Health & Wellness
SKU02046,50.0,12.0,None,High,75,Markdown/Clear,Apparel & Footwear
SKU02047,197.0,15.0,None,High,75,Markdown/Clear,Dairy & Bakery
SKU02048,28.0,20.0,Low,Medium,50,Watch,Home & Kitchen
SKU02049,,25.0,None,None,0,Healthy,Frozen Foods
SKU02050,51.0,8.0,None,High,75,Markdown/Clear,Snacks & Confectionery
SKU02051,60.0,30.0,Low,High,75,Watch,Personal Care
SKU02052,42.0,12.0,None,High,75,Markdown/Clear,Grocery
SKU02053,28.0,15.0,Low,High,75,Watch,Grocery
SKU02054,80.0,20.0,None,High,75,Markdown/Clear,Personal Care
SKU02055,75.0,25.0,None,High,75,Markdown/Clear,Home Care
SKU02056,105.0,8.0,None,High,75,Markdown/Clear,Apparel & Footwear
SKU02057,456.0,30.0,None,High,75,Markdown/Clear,Beverages
SKU02058,166.0,12.0,None,High,75,Markdown/Clear,Home & Kitchen
SKU02059,,15.0,None,None,0,Healthy,Snacks & Confectionery
SKU02060,,20.0,None,None,0,Healthy,Beverages
SKU02061,62.0,25.0,None,High,75,Markdown/Clear,Electronics & Accessories
SKU02062,63.0,8.0,None,High,75,Markdown/Clear,Apparel & Footwear
SKU02063,156.0,30.0,None,High,75,Markdown/Clear,Health & Wellness
SKU02064,255.0,12.0,None,High,75,Markdown/Clear,Beverages
SKU02065,137.0,15.0,None,High,75,Markdown/Clear,Beverages
SKU02066,,20.0,None,None,0,Healthy,Personal Care
SKU02067,40.0,25.0,Low,High,75,Watch,Home Care
SKU02068,53.0,8.0,None,High,75,Markdown/Clear,Stationery & Office
SKU02069,,30.0,None,None,0,Healthy,Dairy & Bakery
SKU02070,450.0,12.0,None,High,75,Markdown/Clear,Snacks & Confectionery
SKU02071,45.0,15.0,None,High,75,Markdown/Clear,Stationery & Office
SKU02072,236.0,20.0,None,High,75,Markdown/Clear,Beverages
SKU02073,4.0,25.0,High,None,75,Reorder Now,Grocery
SKU02074,82.0,8.0,None,High,75,Markdown/Clear,Home Care
SKU02075,108.0,30.0,None,High,75,Markdown/Clear,Personal Care
SKU02076,30.0,12.0,None,High,75,Markdown/Clear,Health & Wellness
SKU02077,4.0,15.0,High,None,75,Reorder Now,Home & Kitchen
SKU02078,228.0,20.0,None,High,75,Markdown/Clear,Stationery & Office
SKU02079,1.0,25.0,High,None,75,Reorder Now,Dairy & Bakery
SKU02080,48.0,8.0,None,High,75,Markdown/Clear,Stationery & Office
SKU02081,2.0,30.0,High,None,75,Reorder Now,Health & Wellness
SKU02082,26.0,12.0,None,High,75,Markdown/Clear,Grocery
SKU02083,3.0,15.0,High,None,75,Reorder Now,Stationery & Office
SKU02084,154.0,20.0,None,High,75,Markdown/Clear,Beverages
SKU02085,157.0,25.0,None,High,75,Markdown/Clear,Health & Wellness
SKU02086,,8.0,None,None,0,Healthy,Apparel & Footwear
SKU02087,116.0,30.0,None,High,75,Markdown/Clear,Snacks & Confectionery
SKU02088,43.0,12.0,None,High,75,Markdown/Clear,Dairy & Bakery
SKU02089,51.0,15.0,None,High,75,Markdown/Clear,Home Care
SKU02090,207.0,20.0,None,High,75,Markdown/Clear,Home & Kitchen
SKU02091,35.0,25.0,Low,Medium,50,Watch,Snacks & Confectionery
SKU02092,189.0,8.0,None,High,75,Markdown/Clear,Health & Wellness
SKU02093,212.0,30.0,None,High,75,Markdown/Clear,Home Care
SKU02094,75.0,12.0,None,High,75,Markdown/Clear,Beverages
SKU02095,235.0,15.0,None,High,75,Markdown/Clear,Electronics & Accessories
SKU02096,55.0,20.0,None,High,75,Markdown/Clear,Apparel & Footwear
SKU02097,39.0,25.0,Low,High,75,Watch,Frozen Foods
SKU02098,,8.0,None,None,0,Healthy,Snacks & Confectionery
SKU02099,60.0,30.0,Low,High,75,Watch,Beverages
SKU02100,93.0,12.0,None,High,75,Markdown/Clear,Home Care
SKU02101,70.0,15.0,None,High,75,Markdown/Clear,Frozen Foods
SKU02102,,20.0,None,None,0,Healthy,Frozen Foods
SKU02103,152.0,25.0,None,High,75,Markdown/Clear,Snacks & Confectionery
SKU02104,126.0,8.0,None,High,75,Markdown/Clear,Frozen Foods
SKU02105,2.0,30.0,High,None,75,Reorder Now,Dairy & Bakery
SKU02106,26.0,12.0,None,High,75,Markdown/Clear,Electronics & Accessories
SKU02107,131.0,15.0,None,High,75,Markdown/Clear,Apparel & Footwear
SKU02108,115.0,20.0,None,High,75,Markdown/Clear,Health & Wellness
SKU02109,18.0,25.0,High,None,75,Reorder Now,Grocery
SKU02110,97.0,8.0,None,High,75,Markdown/Clear,Stationery & Office
SKU02111,35.0,30.0,Medium,Low,50,Reorder Now,Grocery
SKU02112,281.0,12.0,None,High,75,Markdown/Clear,Stationery & Office
SKU02113,175.0,15.0,None,High,75,Markdown/Clear,Grocery
SKU02114,72.0,20.0,None,High,75,Markdown/Clear,Frozen Foods
SKU02115,167.0,25.0,None,High,75,Markdown/Clear,Beverages
SKU02116,142.0,8.0,None,High,75,Markdown/Clear,Beverages
SKU02117,81.0,30.0,None,High,75,Markdown/Clear,Electronics & Accessories
SKU02118,1.0,12.0,High,None,75,Reorder Now,Electronics & Accessories
SKU02119,43.0,15.0,None,High,75,Markdown/Clear,Beverages
SKU02120,8.0,20.0,High,None,75,Reorder Now,Stationery & Office
SKU02121,19.0,25.0,High,None,75,Reorder Now,Dairy & Bakery
SKU02122,15.0,8.0,Low,High,75,Watch,Dairy & Bakery
SKU02123,156.0,30.0,None,High,75,Markdown/Clear,Dairy & Bakery
SKU02124,126.0,12.0,None,High,75,Markdown/Clear,Home Care
SKU02125,109.0,15.0,None,High,75,Markdown/Clear,Snacks & Confectionery
SKU02126,69.0,20.0,None,High,75,Markdown/Clear,Home Care
SKU02127,2.0,25.0,High,None,75,Reorder Now,Snacks & Confectionery
SKU02128,107.0,8.0,None,High,75,Markdown/Clear,Grocery
SKU02129,141.0,30.0,None,High,75,Markdown/Clear,Personal Care
SKU02130,52.0,12.0,None,High,75,Markdown/Clear,Electronics & Accessories
SKU02131,173.0,15.0,None,High,75,Markdown/Clear,Apparel & Footwear
SKU02132,64.0,20.0,None,High,75,Markdown/Clear,Personal Care
SKU02133,56.0,25.0,None,High,75,Markdown/Clear,Dairy & Bakery
SKU02134,116.0,8.0,None,High,75,Markdown/Clear,Apparel & Footwear
SKU02135,144.0,30.0,None,High,75,Markdown/Clear,Electronics & Accessories
SKU02136,83.0,12.0,None,High,75,Markdown/Clear,Apparel & Footwear
SKU02137,179.0,15.0,None,High,75,Markdown/Clear,Home & Kitchen
SKU02138,43.0,20.0,None,High,75,Markdown/Clear,Apparel & Footwear
SKU02139,207.0,25.0,None,High,75,Markdown/Clear,Stationery & Office
SKU02140,94.0,8.0,None,High,75,Markdown/Clear,Personal Care
SKU02141,208.0,30.0,None,High,75,Markdown/Clear,Personal Care
SKU02142,105.0,12.0,None,High,75,Markdown/Clear,Dairy & Bakery
SKU02143,56.0,15.0,None,High,75,Markdown/Clear,Snacks & Confectionery
SKU02144,83.0,20.0,None,High,75,Markdown/Clear,Electronics & Accessories
SKU02145,59.0,25.0,None,High,75,Markdown/Clear,Electronics & Accessories
SKU02146,13.0,8.0,Low,High,75,Watch,Apparel & Footwear
SKU02147,93.0,30.0,None,High,75,Markdown/Clear,Snacks & Confectionery
SKU02148,129.0,12.0,None,High,75,Markdown/Clear,Home Care
SKU02149,1.0,15.0,High,None,75,Reorder Now,Snacks & Confectionery
SKU02150,23.0,20.0,Medium,Low,50,Reorder Now,Home & Kitchen
SKU02151,156.0,25.0,None,High,75,Markdown/Clear,Dairy & Bakery
SKU02152,88.0,8.0,None,High,75,Markdown/Clear,Beverages
SKU02153,120.0,30.0,None,High,75,Markdown/Clear,Frozen Foods
SKU02154,193.0,12.0,None,High,75,Markdown/Clear,Home & Kitchen
SKU02155,66.0,15.0,None,High,75,Markdown/Clear,Home & Kitchen
SKU02156,133.0,20.0,None,High,75,Markdown/Clear,Beverages
SKU02157,78.0,25.0,None,High,75,Markdown/Clear,Dairy & Bakery
SKU02158,,8.0,None,None,0,Healthy,Beverages
SKU02159,86.0,30.0,None,High,75,Markdown/Clear,Dairy & Bakery
SKU02160,137.0,12.0,None,High,75,Markdown/Clear,Frozen Foods
SKU02161,206.0,15.0,None,High,75,Markdown/Clear,Dairy & Bakery
SKU02162,46.0,20.0,None,High,75,Markdown/Clear,Grocery
SKU02163,282.0,25.0,None,High,75,Markdown/Clear,Frozen Foods
SKU02164,91.0,8.0,None,High,75,Markdown/Clear,Grocery
SKU02165,,30.0,None,None,0,Healthy,Snacks & Confectionery
SKU02166,91.0,12.0,None,High,75,Markdown/Clear,Grocery
SKU02167,103.0,15.0,None,High,75,Markdown/Clear,Beverages
SKU02168,183.0,20.0,None,High,75,Markdown/Clear,Home Care
SKU02169,60.0,25.0,None,High,75,Markdown/Clear,Home & Kitchen
SKU02170,,8.0,None,None,0,Healthy,Apparel & Footwear
SKU02171,97.0,30.0,None,High,75,Markdown/Clear,Beverages
SKU02172,0.0,12.0,High,None,75,Reorder Now,Grocery
SKU02173,216.0,15.0,None,High,75,Markdown/Clear,Personal Care
SKU02174,,20.0,None,None,0,Healthy,Health & Wellness
SKU02175,70.0,25.0,None,High,75,Markdown/Clear,Electronics & Accessories
SKU02176,196.0,8.0,None,High,75,Markdown/Clear,Apparel & Footwear
SKU02177,163.0,30.0,None,High,75,Markdown/Clear,Personal Care
SKU02178,64.0,12.0,None,High,75,Markdown/Clear,Snacks & Confectionery
SKU02179,177.0,15.0,None,High,75,Markdown/Clear,Grocery
SKU02180,24.0,20.0,Medium,Medium,50,Reorder Now,Beverages
SKU02181,,25.0,None,None,0,Healthy,Grocery
SKU02182,80.0,8.0,None,High,75,Markdown/Clear,Home & Kitchen
SKU02183,42.0,30.0,Low,Medium,50,Watch,Dairy & Bakery
SKU02184,65.0,12.0,None,High,75,Markdown/Clear,Apparel & Footwear
SKU02185,102.0,15.0,None,High,75,Markdown/Clear,Frozen Foods
SKU02186,92.0,20.0,None,High,75,Markdown/Clear,Frozen Foods
SKU02187,126.0,25.0,None,High,75,Markdown/Clear,Home Care
SKU02188,67.0,8.0,None,High,75,Markdown/Clear,Apparel & Footwear
SKU02189,80.0,30.0,None,High,75,Markdown/Clear,Grocery
SKU02190,156.0,12.0,None,High,75,Markdown/Clear,Beverages
SKU02191,101.0,15.0,None,High,75,Markdown/Clear,Home Care
SKU02192,43.0,20.0,None,High,75,Markdown/Clear,Personal Care
SKU02193,125.0,25.0,None,High,75,Markdown/Clear,Frozen Foods
SKU02194,208.0,8.0,None,High,75,Markdown/Clear,Electronics & Accessories
SKU02195,135.0,30.0,None,High,75,Markdown/Clear,Health & Wellness
SKU02196,163.0,12.0,None,High,75,Markdown/Clear,Dairy & Bakery
SKU02197,14.0,15.0,High,None,75,Reorder Now,Dairy & Bakery
SKU02198,5.0,20.0,High,None,75,Reorder Now,Apparel & Footwear
SKU02199,119.0,25.0,None,High,75,Markdown/Clear,Snacks & Confectionery
SKU02200,114.0,8.0,None,High,75,Markdown/Clear,Frozen Foods
SKU02201,56.0,30.0,Low,High,75,Watch,Frozen Foods
SKU02202,16.0,12.0,Low,Medium,50,Watch,Apparel & Footwear
SKU02203,55.0,15.0,None,High,75,Markdown/Clear,Electronics & Accessories
SKU02204,54.0,20.0,None,High,75,Markdown/Clear,Home Care
SKU02205,270.0,25.0,None,High,75,Markdown/Clear,Dairy & Bakery
SKU02206,43.0,8.0,None,High,75,Markdown/Clear,Personal Care
SKU02207,4.0,30.0,High,None,75,Reorder Now,Personal Care
SKU02208,156.0,12.0,None,High,75,Markdown/Clear,Snacks & Confectionery
SKU02209,459.0,15.0,None,High,75,Markdown/Clear,Health & Wellness
SKU02210,68.0,20.0,None,High,75,Markdown/Clear,Snacks & Confectionery
SKU02211,121.0,25.0,None,High,75,Markdown/Clear,Health & Wellness
SKU02212,,8.0,None,None,0,Healthy,Apparel & Footwear
